video_id,title,description,published_at,channel_name,channel_id,view_count,thumbnail_url,anime_key,series_key,series_name,season_order,season_label,tag,segment_label,priority_order,channel_icon_url,subscriber_count
9idm6v9jNbg,TVアニメ『BLEACH 千年血戦篇-禍進譚-』ノンクレジットオープニングムービー,"TVアニメ『BLEACH 千年血戦篇-禍進譚-』
オープニングテーマ：「I-BULL」jo0ji

◆オープニングアニメーション
Creative Director：河原秀樹（SYNCHROTRON）

Director：土佐明寛（SYNCHROTRON）

3DCG：小林昇太郎（SYNCHROTRON）

撮影監督：榊原 卓（SYNCHROTRON）

撮影
森田信介（SYNCHROTRON）、佐藤裕将（SYNCHROTRON）、内田奈津美（アニモキャラメル）、金子泰弘（アニモキャラメル）

Producer：永井芳憲（SYNCHROTRON）、山根雅之（SYNCHROTRON）

総作画監督：長谷川亨雄、小松原聖

作画監督、とみなが まり、Cindy H. Yamauchi、稲留和美 

原画
遠藤正明、酒井智史、稲留和美、片山貴仁、滝川和男、菅野芳弘、佐々木 Ad0k:ss、佐藤由紀、鈴木奈都子、中野美柚、柴さくら、大久保美香、林あすか、木村文代、勝谷優夏、石塚理央、近藤いずみ、竹島照子、李 佳泓

第二原画
鈴木里奈、井後多映子、小林あゆみ、村木麻保良、佐藤桃佳、粂田 雪乃、中沢志帆、梶岡知央、田中 蓮 、LAI THI HAI YEN、高橋成美

動画検査：木下千恵、豊島光子

色指定・検査：合田沙織、長島　真弓

制作進行：内藤円

＝＝＝＝＝＝＝＝＝＝

TVアニメ最終クール『BLEACH 千年血戦篇-禍進譚-』
毎週土曜23:00よりテレ東系列ほかにて放送中！

■公式サイト：https://bleach-anime.com/
■公式X：https://x.com/BLEACHanimation
■Tiktok：https://www.tiktok.com/@bleach.official

＝＝＝＝＝＝＝＝＝＝＝＝

■放送情報
・テレ東系列：7月25日（土）23:00～
・広島テレビ：8月4日（火）25:29～
・新潟放送：8月4日（火）25:30～
・テレビ静岡：8月5日（水）25:45～
・熊本放送8月7日（金）25:48～
・仙台放送：8月10日（月）25:20～
・BSテレ東：7月27日（月）24:30～
・AT-X：8月2日（日）23:00～　※リピート放送：毎週木曜29:00／毎週日曜8:00
※放送日時は予告なく変更になる可能性があります。

■配信情報
2026年7月26日（日）より毎週日曜12:00から順次配信開始！

■イントロダクション
死神と滅却師、千年に亘る血戦の果てに滅びの未来が視えようとも──

霊王宮に立ち入らんとするユーハバッハを迎え撃つ王属特務・零番隊。
だが、滅却師の王とその親衛隊は、零番隊の壮絶な卍解を打ち破り、遂に霊王大内裏に踏み入る。
兵主部一兵衛から霊王護衛を託された黒崎一護たち。
しかし、ユーハバッハの策略により、一護はその剣で霊王を斬ってしまう。
霊王の死──それは、三界の崩壊を意味していた。
各界に『歪み』が現れ、滅びの予兆が世界を覆い始める。
護廷十三隊は滅却師の残党と手を組んで、霊王宮へと向かう。
だが、霊王宮は《見えざる帝国》の手に堕ち、《真世界城》へと姿を変えていた。
死神たちを嘲笑うかのように天空に聳え立つ城で親衛隊が待ち受ける。
《真世界城》各地で、護廷十三隊と親衛隊の激戦が繰り広げられる。
一護は雨竜の真意を知り、互いに信じあう友として、世界を護る決意を新たにする。

『全知全能』をも越えた存在となったユーハバッハ。
三界の存亡を懸けた壮絶な戦いは終焉へと向かう。

混沌の禍を進んだ先に待つのは絶望か希望か——。

■スタッフ
原作・総監修：久保帯人「BLEACH」（集英社 ジャンプコミックス刊）
総監督：田口智久
監督：村田光
シリーズ構成：田口智久、平松正樹
キャラクターデザイン：工藤昌史
総作画監督：長谷川亨雄、小松原聖、高柳久美子
アクション・エフェクト作画監督：酒井智史、橋本敬史
美術監督：谷岡善王
美術設定：天田俊貴
色彩設計：合田沙織
編集：三嶋章紀
撮影監督：山田和弘、奥原聡美
CG監督：佐々木俊宏、鈴木隆弘
音楽：鷺巣詩郎
音響監督：長崎行男
音響制作：ザック・プロモーション
アニメーション制作：PIERROT FILMS

■主題歌
オープニングテーマ：jo0ji「I-BULL」（Sony Music Labels）
エンディングテーマ：9Lana「螺旋」（Sony Music Labels）

■キャスト
黒崎一護：森田成一
石田雨竜：杉山紀彰
井上織姫：松岡由貴
茶渡泰虎：安元洋貴
志波岩鷲：高木渉
朽木ルキア：折笠富美子
阿散井恋次：伊藤健太郎

浦原喜助：三木眞一郎
四楓院夜一：ゆきのさつき

京楽春水：大塚明夫
朽木白哉：置鮎龍太郎
日番谷冬獅郎：朴璐美
更木剣八：立木文彦

藍染惣右介：速水奨

ユーハバッハ：菅生隆之
ユーグラム・ハッシュヴァルト：梅原裕一郎
アスキン・ナックルヴァール：武内駿輔
ジェラルド・ヴァルキリー：小山剛志

©久保帯人／集英社・テレビ東京・ｄｅｎｔｓｕ・ぴえろ",2026-07-25T14:30:12Z,『BLEACH』アニメ公式チャンネル,UCwR6z7fsMpHPjypxQxMYAjw,1905785,https://i.ytimg.com/vi/9idm6v9jNbg/hqdefault.jpg,BLEACH 千年血戦篇-禍進譚- ノンクレジットオープニングムービー BLEACH 千年血戦篇-禍進譚- オープニングテーマ I-BULL jo0ji オープニングアニメーション Creative Director河原秀樹SYNCHROTRON Director土佐明寛SYNCHROTRON 3DCG小林昇太郎SYNCHROTRON 撮影監督榊原 卓SYNCHROTRON 撮影 森田信介SYNCHROTRON佐藤裕将SYNCHROTRON内田奈津美アニモキャラメル金子泰弘アニモキャラメル Producer永井芳憲SYNCHROTRON山根雅之SYNCHROTRON 総作画監督長谷川亨雄小松原聖 作画監督とみなが まりCindy H Yamauchi稲留和美 原画 遠藤正明酒井智史稲留和美片山貴仁滝川和男菅野芳弘佐木 Ad0kss佐藤由紀鈴木奈都子中野美柚柴さくら大久保美香林あすか木村文代勝谷優夏石塚理央近藤いずみ竹島照子李 佳泓 第二原画 鈴木里奈井後多映子小林あゆみ村木麻保良佐藤桃佳粂田 雪乃中沢志帆梶岡知央田中 蓮 LAI THI HAI YEN高橋成美 動画検査木下千恵豊島光子 色指定検査合田沙織長島 真弓 制作進行内藤円 TVアニメ最終クール BLEACH 千年血戦篇-禍進譚- 毎週土曜2300よりテレ東系列ほかにて放送中 公式サイトhttpsbleach- com 公式XhttpsxcomBLEACHanimation Tiktokhttpswwwtiktokcombleach 放送情報 テレ東系列7月25日土2300 広島テレビ8月4日火2529 新潟放送8月4日火2530 テレビ静岡8月5日水2545 熊本放送8月7日金2548 仙台放送8月10日月2520 BSテレ東7月27日月2430 AT-X8月2日日2300 リピート放送毎週木曜2900 毎週日曜800 放送日時は予告なく変更になる可能性があります 配信情報 2026年7月26日日より毎週日曜1200から順次配信開始 イントロダクション 死神と滅却師千年に亘る血戦の果てに滅びの未来が視えようとも 霊王宮に立ち入らんとするユーハバッハを迎え撃つ王属特務零番隊 だが滅却師の王とその親衛隊は零番隊の壮絶な卍解を打ち破り遂に霊王大内裏に踏み入る 兵主部一兵衛から霊王護衛を託された黒崎一護たち しかしユーハバッハの策略により一護はその剣で霊王を斬ってしまう 霊王の死それは三界の崩壊を意味していた 各界に 歪み が現れ滅びの予兆が世界を覆い始める 護廷十三隊は滅却師の残党と手を組んで霊王宮へと向かう だが霊王宮は見えざる帝国の手に堕ち真世界城へと姿を変えていた 死神たちを嘲笑うかのように天空に聳え立つ城で親衛隊が待ち受ける 真世界城各地で護廷十三隊と親衛隊の激戦が繰り広げられる 一護は雨竜の真意を知り互いに信じあう友として世界を護る決意を新たにする 全知全能 をも越えた存在となったユーハバッハ 三界の存亡を懸けた壮絶な戦いは終焉へと向かう 混沌の禍を進んだ先に待つのは絶望か希望か スタッフ 原作総監修久保帯人 BLEACH 集英社 ジャンプコミックス刊 総監督田口智久 監督村田光 シリーズ構成田口智久平松正樹 キャラクターデザイン工藤昌史 総作画監督長谷川亨雄小松原聖高柳久美子 アクションエフェクト作画監督酒井智史橋本敬史 美術監督谷岡善王 美術設定天田俊貴 色彩設計合田沙織 編集三嶋章紀 撮影監督山田和弘奥原聡美 CG監督佐木俊宏鈴木隆弘 音楽鷺巣詩郎 音響監督長崎行男 音響制作ザックプロモーション アニメーション制作PIERROT FILMS オープニングテーマjo0ji I-BULL Sony Music Labels エンディングテーマ9Lana 螺旋 Sony Music Labels キャスト 黒崎一護森田成一 石田雨竜杉山紀彰 井上織姫松岡由貴 茶渡泰虎安元洋貴 志波岩鷲高木渉 朽木ルキア折笠富美子 阿散井恋次伊藤健太郎 浦原喜助三木眞一郎 四楓院夜一ゆきのさつき 京楽春水大塚明夫 朽木白哉置鮎龍太郎 日番谷冬獅郎朴璐美 更木剣八立木文彦 藍染惣右介速水奨 ユーハバッハ菅生隆之 ユーグラムハッシュァルト梅原裕一郎 アスキンナックルァール武内駿輔 ジェラルドァルキリー小山剛志 久保帯人 集英社テレビ東京ぴえろ,BLEACH 千年血戦篇-禍進譚- ノンクレジットオープニングムービー BLEACH 千年血戦篇-禍進譚- オープニングテーマ I-BULL jo0ji オープニングアニメーション Creative Director河原秀樹SYNCHROTRON Director土佐明寛SYNCHROTRON 3DCG小林昇太郎SYNCHROTRON 撮影監督榊原 卓SYNCHROTRON 撮影 森田信介SYNCHROTRON佐藤裕将SYNCHROTRON内田奈津美アニモキャラメル金子泰弘アニモキャラメル Producer永井芳憲SYNCHROTRON山根雅之SYNCHROTRON 総作画監督長谷川亨雄小松原聖 作画監督とみなが まりCindy H Yamauchi稲留和美 原画 遠藤正明酒井智史稲留和美片山貴仁滝川和男菅野芳弘佐木 Ad0kss佐藤由紀鈴木奈都子中野美柚柴さくら大久保美香林あすか木村文代勝谷優夏石塚理央近藤いずみ竹島照子李 佳泓 第二原画 鈴木里奈井後多映子小林あゆみ村木麻保良佐藤桃佳粂田 雪乃中沢志帆梶岡知央田中 蓮 LAI THI HAI YEN高橋成美 動画検査木下千恵豊島光子 色指定検査合田沙織長島 真弓 制作進行内藤円 TVアニメ最終クール BLEACH 千年血戦篇-禍進譚- 毎週土曜2300よりテレ東系列ほかにて放送中 公式サイトhttpsbleach- com 公式XhttpsxcomBLEACHanimation Tiktokhttpswwwtiktokcombleach 放送情報 テレ東系列7月25日土2300 広島テレビ8月4日火2529 新潟放送8月4日火2530 テレビ静岡8月5日水2545 熊本放送8月7日金2548 仙台放送8月10日月2520 BSテレ東7月27日月2430 AT-X8月2日日2300 リピート放送毎週木曜2900 毎週日曜800 放送日時は予告なく変更になる可能性があります 配信情報 2026年7月26日日より毎週日曜1200から順次配信開始 イントロダクション 死神と滅却師千年に亘る血戦の果てに滅びの未来が視えようとも 霊王宮に立ち入らんとするユーハバッハを迎え撃つ王属特務零番隊 だが滅却師の王とその親衛隊は零番隊の壮絶な卍解を打ち破り遂に霊王大内裏に踏み入る 兵主部一兵衛から霊王護衛を託された黒崎一護たち しかしユーハバッハの策略により一護はその剣で霊王を斬ってしまう 霊王の死それは三界の崩壊を意味していた 各界に 歪み が現れ滅びの予兆が世界を覆い始める 護廷十三隊は滅却師の残党と手を組んで霊王宮へと向かう だが霊王宮は見えざる帝国の手に堕ち真世界城へと姿を変えていた 死神たちを嘲笑うかのように天空に聳え立つ城で親衛隊が待ち受ける 真世界城各地で護廷十三隊と親衛隊の激戦が繰り広げられる 一護は雨竜の真意を知り互いに信じあう友として世界を護る決意を新たにする 全知全能 をも越えた存在となったユーハバッハ 三界の存亡を懸けた壮絶な戦いは終焉へと向かう 混沌の禍を進んだ先に待つのは絶望か希望か スタッフ 原作総監修久保帯人 BLEACH 集英社 ジャンプコミックス刊 総監督田口智久 監督村田光 シリーズ構成田口智久平松正樹 キャラクターデザイン工藤昌史 総作画監督長谷川亨雄小松原聖高柳久美子 アクションエフェクト作画監督酒井智史橋本敬史 美術監督谷岡善王 美術設定天田俊貴 色彩設計合田沙織 編集三嶋章紀 撮影監督山田和弘奥原聡美 CG監督佐木俊宏鈴木隆弘 音楽鷺巣詩郎 音響監督長崎行男 音響制作ザックプロモーション アニメーション制作PIERROT FILMS オープニングテーマjo0ji I-BULL Sony Music Labels エンディングテーマ9Lana 螺旋 Sony Music Labels キャスト 黒崎一護森田成一 石田雨竜杉山紀彰 井上織姫松岡由貴 茶渡泰虎安元洋貴 志波岩鷲高木渉 朽木ルキア折笠富美子 阿散井恋次伊藤健太郎 浦原喜助三木眞一郎 四楓院夜一ゆきのさつき 京楽春水大塚明夫 朽木白哉置鮎龍太郎 日番谷冬獅郎朴璐美 更木剣八立木文彦 藍染惣右介速水奨 ユーハバッハ菅生隆之 ユーグラムハッシュァルト梅原裕一郎 アスキンナックルァール武内駿輔 ジェラルドァルキリー小山剛志 久保帯人 集英社テレビ東京ぴえろ,BLEACH 千年血戦篇-禍進譚- ノンクレジットオープニングムービー BLEACH 千年血戦篇-禍進譚- オープニングテーマ I-BULL jo0ji オープニングアニメーション Creative Director河原秀樹SYNCHROTRON Director土佐明寛SYNCHROTRON 3DCG小林昇太郎SYNCHROTRON 撮影監督榊原 卓SYNCHROTRON 撮影 森田信介SYNCHROTRON佐藤裕将SYNCHROTRON内田奈津美アニモキャラメル金子泰弘アニモキャラメル Producer永井芳憲SYNCHROTRON山根雅之SYNCHROTRON 総作画監督長谷川亨雄小松原聖 作画監督とみなが まりCindy H Yamauchi稲留和美 原画 遠藤正明酒井智史稲留和美片山貴仁滝川和男菅野芳弘佐木 Ad0kss佐藤由紀鈴木奈都子中野美柚柴さくら大久保美香林あすか木村文代勝谷優夏石塚理央近藤いずみ竹島照子李 佳泓 第二原画 鈴木里奈井後多映子小林あゆみ村木麻保良佐藤桃佳粂田 雪乃中沢志帆梶岡知央田中 蓮 LAI THI HAI YEN高橋成美 動画検査木下千恵豊島光子 色指定検査合田沙織長島 真弓 制作進行内藤円 TVアニメ最終クール BLEACH 千年血戦篇-禍進譚- 毎週土曜2300よりテレ東系列ほかにて放送中 公式サイトhttpsbleach- com 公式XhttpsxcomBLEACHanimation Tiktokhttpswwwtiktokcombleach 放送情報 テレ東系列7月25日土2300 広島テレビ8月4日火2529 新潟放送8月4日火2530 テレビ静岡8月5日水2545 熊本放送8月7日金2548 仙台放送8月10日月2520 BSテレ東7月27日月2430 AT-X8月2日日2300 リピート放送毎週木曜2900 毎週日曜800 放送日時は予告なく変更になる可能性があります 配信情報 2026年7月26日日より毎週日曜1200から順次配信開始 イントロダクション 死神と滅却師千年に亘る血戦の果てに滅びの未来が視えようとも 霊王宮に立ち入らんとするユーハバッハを迎え撃つ王属特務零番隊 だが滅却師の王とその親衛隊は零番隊の壮絶な卍解を打ち破り遂に霊王大内裏に踏み入る 兵主部一兵衛から霊王護衛を託された黒崎一護たち しかしユーハバッハの策略により一護はその剣で霊王を斬ってしまう 霊王の死それは三界の崩壊を意味していた 各界に 歪み が現れ滅びの予兆が世界を覆い始める 護廷十三隊は滅却師の残党と手を組んで霊王宮へと向かう だが霊王宮は見えざる帝国の手に堕ち真世界城へと姿を変えていた 死神たちを嘲笑うかのように天空に聳え立つ城で親衛隊が待ち受ける 真世界城各地で護廷十三隊と親衛隊の激戦が繰り広げられる 一護は雨竜の真意を知り互いに信じあう友として世界を護る決意を新たにする 全知全能 をも越えた存在となったユーハバッハ 三界の存亡を懸けた壮絶な戦いは終焉へと向かう 混沌の禍を進んだ先に待つのは絶望か希望か スタッフ 原作総監修久保帯人 BLEACH 集英社 ジャンプコミックス刊 総監督田口智久 監督村田光 シリーズ構成田口智久平松正樹 キャラクターデザイン工藤昌史 総作画監督長谷川亨雄小松原聖高柳久美子 アクションエフェクト作画監督酒井智史橋本敬史 美術監督谷岡善王 美術設定天田俊貴 色彩設計合田沙織 編集三嶋章紀 撮影監督山田和弘奥原聡美 CG監督佐木俊宏鈴木隆弘 音楽鷺巣詩郎 音響監督長崎行男 音響制作ザックプロモーション アニメーション制作PIERROT FILMS オープニングテーマjo0ji I-BULL Sony Music Labels エンディングテーマ9Lana 螺旋 Sony Music Labels キャスト 黒崎一護森田成一 石田雨竜杉山紀彰 井上織姫松岡由貴 茶渡泰虎安元洋貴 志波岩鷲高木渉 朽木ルキア折笠富美子 阿散井恋次伊藤健太郎 浦原喜助三木眞一郎 四楓院夜一ゆきのさつき 京楽春水大塚明夫 朽木白哉置鮎龍太郎 日番谷冬獅郎朴璐美 更木剣八立木文彦 藍染惣右介速水奨 ユーハバッハ菅生隆之 ユーグラムハッシュァルト梅原裕一郎 アスキンナックルァール武内駿輔 ジェラルドァルキリー小山剛志 久保帯人 集英社テレビ東京ぴえろ,99,未分類,op,OP,0,https://yt3.ggpht.com/E0weu3HUDga7-bFXYUTJ7EctewM58syx7oCaqSbubf1oiCKrnXqE-f3y0RGGF3bSU3g32UR-LwA=s800-c-k-c0x00ffffff-no-rj,195000
E2c3V6nxjCw,TVアニメ『BLEACH 千年血戦篇-禍進譚-』ノンクレジットエンディングムービー,"TVアニメ『BLEACH 千年血戦篇-禍進譚-』
エンディングテーマ：「螺旋」9Lana

◆エンディングアニメーション
Creative Director：河原秀樹（SYNCHROTRON）

Director：土佐明寛（SYNCHROTRON）
 
3DCG Director：柴山正久（SYNCHROTRON）

3DCG：小林昇太郎（SYNCHROTRON）、Gillard Pacome（SYNCHROTRON）
 
撮影監督：榊原 卓（SYNCHROTRON）

撮影 
森田信介（SYNCHROTRON）、佐藤裕将（SYNCHROTRON）、高橋桃子（アニモキャラメル）、金子泰弘（アニモキャラメル）、八木昌彦（CLIP + BISON）、小松 学（CLIP + BISON）、大石智一（CLIP + BISON）
 
Producer：永井芳憲（SYNCHROTRON）、山根雅之（SYNCHROTRON）
  
総作画監督：工藤昌史、高柳久美子
 
作画監督：小澤早依子（PIERROT FILMS）、柴 美波（PIERROT FILMS）
 
原画 
菅野芳弘、小澤早依子、柴 美波、鈴木里奈、近藤いずみ、河野美由紀、山下 梓、勝谷優夏、小野田将人、岩崎令奈、堀 光明、丸山修二、笹原ひかり、力石 翔、松村和子、山本もも

第二原画 
井後多映子、中沢志帆、尾島ちづる、川村直樹、佐藤桃佳、粂田雪乃、スタジオリングス、ぴえろ作画室

動画検査：金子由紀江
 
色指定・検査：合田沙織、濱岡幸治

制作進行：青木勇真

＝＝＝＝＝＝＝＝＝＝

TVアニメ最終クール『BLEACH 千年血戦篇-禍進譚-』
毎週土曜23:00よりテレ東系列ほかにて放送中！

■公式サイト：https://bleach-anime.com/
■公式X：https://x.com/BLEACHanimation
■Tiktok：https://www.tiktok.com/@bleach.official

＝＝＝＝＝＝＝＝＝＝＝＝

■放送情報
・テレ東系列：7月25日（土）23:00～
・広島テレビ：8月4日（火）25:29～
・新潟放送：8月4日（火）25:30～
・テレビ静岡：8月5日（水）25:45～
・熊本放送8月7日（金）25:48～
・仙台放送：8月10日（月）25:20～
・BSテレ東：7月27日（月）24:30～
・AT-X：8月2日（日）23:00～　※リピート放送：毎週木曜29:00／毎週日曜8:00
※放送日時は予告なく変更になる可能性があります。

■配信情報
2026年7月26日（日）より毎週日曜12:00から順次配信開始！

■イントロダクション
死神と滅却師、千年に亘る血戦の果てに滅びの未来が視えようとも──

霊王宮に立ち入らんとするユーハバッハを迎え撃つ王属特務・零番隊。
だが、滅却師の王とその親衛隊は、零番隊の壮絶な卍解を打ち破り、遂に霊王大内裏に踏み入る。
兵主部一兵衛から霊王護衛を託された黒崎一護たち。
しかし、ユーハバッハの策略により、一護はその剣で霊王を斬ってしまう。
霊王の死──それは、三界の崩壊を意味していた。
各界に『歪み』が現れ、滅びの予兆が世界を覆い始める。
護廷十三隊は滅却師の残党と手を組んで、霊王宮へと向かう。
だが、霊王宮は《見えざる帝国》の手に堕ち、《真世界城》へと姿を変えていた。
死神たちを嘲笑うかのように天空に聳え立つ城で親衛隊が待ち受ける。
《真世界城》各地で、護廷十三隊と親衛隊の激戦が繰り広げられる。
一護は雨竜の真意を知り、互いに信じあう友として、世界を護る決意を新たにする。

『全知全能』をも越えた存在となったユーハバッハ。
三界の存亡を懸けた壮絶な戦いは終焉へと向かう。

混沌の禍を進んだ先に待つのは絶望か希望か——。

■スタッフ
原作・総監修：久保帯人「BLEACH」（集英社 ジャンプコミックス刊）
総監督：田口智久
監督：村田光
シリーズ構成：田口智久、平松正樹
キャラクターデザイン：工藤昌史
総作画監督：長谷川亨雄、小松原聖、高柳久美子
アクション・エフェクト作画監督：酒井智史、橋本敬史
美術監督：谷岡善王
美術設定：天田俊貴
色彩設計：合田沙織
編集：三嶋章紀
撮影監督：山田和弘、奥原聡美
CG監督：佐々木俊宏、鈴木隆弘
音楽：鷺巣詩郎
音響監督：長崎行男
音響制作：ザック・プロモーション
アニメーション制作：PIERROT FILMS

■主題歌
オープニングテーマ：jo0ji「I-BULL」（Sony Music Labels）
エンディングテーマ：9Lana「螺旋」（Sony Music Labels）

■キャスト
黒崎一護：森田成一
石田雨竜：杉山紀彰
井上織姫：松岡由貴
茶渡泰虎：安元洋貴
志波岩鷲：高木渉
朽木ルキア：折笠富美子
阿散井恋次：伊藤健太郎

浦原喜助：三木眞一郎
四楓院夜一：ゆきのさつき

京楽春水：大塚明夫
朽木白哉：置鮎龍太郎
日番谷冬獅郎：朴璐美
更木剣八：立木文彦

藍染惣右介：速水奨

ユーハバッハ：菅生隆之
ユーグラム・ハッシュヴァルト：梅原裕一郎
アスキン・ナックルヴァール：武内駿輔
ジェラルド・ヴァルキリー：小山剛志

©久保帯人／集英社・テレビ東京・ｄｅｎｔｓｕ・ぴえろ",2026-07-25T14:30:11Z,『BLEACH』アニメ公式チャンネル,UCwR6z7fsMpHPjypxQxMYAjw,1179225,https://i.ytimg.com/vi/E2c3V6nxjCw/hqdefault.jpg,BLEACH 千年血戦篇-禍進譚- ノンクレジットエンディングムービー BLEACH 千年血戦篇-禍進譚- エンディングテーマ 螺旋 9Lana エンディングアニメーション Creative Director河原秀樹SYNCHROTRON Director土佐明寛SYNCHROTRON 3DCG Director柴山正久SYNCHROTRON 3DCG小林昇太郎SYNCHROTRONGillard PacomeSYNCHROTRON 撮影監督榊原 卓SYNCHROTRON 撮影 森田信介SYNCHROTRON佐藤裕将SYNCHROTRON高橋桃子アニモキャラメル金子泰弘アニモキャラメル八木昌彦CLIP BISON小松 学CLIP BISON大石智一CLIP BISON Producer永井芳憲SYNCHROTRON山根雅之SYNCHROTRON 総作画監督工藤昌史高柳久美子 作画監督小澤早依子PIERROT FILMS柴 美波PIERROT FILMS 原画 菅野芳弘小澤早依子柴 美波鈴木里奈近藤いずみ河野美由紀山下 梓勝谷優夏小野田将人岩崎令奈堀 光明丸山修二笹原ひかり力石 翔松村和子山本もも 第二原画 井後多映子中沢志帆尾島ちづる川村直樹佐藤桃佳粂田雪乃スタジオリングスぴえろ作画室 動画検査金子由紀江 色指定検査合田沙織濱岡幸治 制作進行青木勇真 TVアニメ最終クール BLEACH 千年血戦篇-禍進譚- 毎週土曜2300よりテレ東系列ほかにて放送中 公式サイトhttpsbleach- com 公式XhttpsxcomBLEACHanimation Tiktokhttpswwwtiktokcombleach 放送情報 テレ東系列7月25日土2300 広島テレビ8月4日火2529 新潟放送8月4日火2530 テレビ静岡8月5日水2545 熊本放送8月7日金2548 仙台放送8月10日月2520 BSテレ東7月27日月2430 AT-X8月2日日2300 リピート放送毎週木曜2900 毎週日曜800 放送日時は予告なく変更になる可能性があります 配信情報 2026年7月26日日より毎週日曜1200から順次配信開始 イントロダクション 死神と滅却師千年に亘る血戦の果てに滅びの未来が視えようとも 霊王宮に立ち入らんとするユーハバッハを迎え撃つ王属特務零番隊 だが滅却師の王とその親衛隊は零番隊の壮絶な卍解を打ち破り遂に霊王大内裏に踏み入る 兵主部一兵衛から霊王護衛を託された黒崎一護たち しかしユーハバッハの策略により一護はその剣で霊王を斬ってしまう 霊王の死それは三界の崩壊を意味していた 各界に 歪み が現れ滅びの予兆が世界を覆い始める 護廷十三隊は滅却師の残党と手を組んで霊王宮へと向かう だが霊王宮は見えざる帝国の手に堕ち真世界城へと姿を変えていた 死神たちを嘲笑うかのように天空に聳え立つ城で親衛隊が待ち受ける 真世界城各地で護廷十三隊と親衛隊の激戦が繰り広げられる 一護は雨竜の真意を知り互いに信じあう友として世界を護る決意を新たにする 全知全能 をも越えた存在となったユーハバッハ 三界の存亡を懸けた壮絶な戦いは終焉へと向かう 混沌の禍を進んだ先に待つのは絶望か希望か スタッフ 原作総監修久保帯人 BLEACH 集英社 ジャンプコミックス刊 総監督田口智久 監督村田光 シリーズ構成田口智久平松正樹 キャラクターデザイン工藤昌史 総作画監督長谷川亨雄小松原聖高柳久美子 アクションエフェクト作画監督酒井智史橋本敬史 美術監督谷岡善王 美術設定天田俊貴 色彩設計合田沙織 編集三嶋章紀 撮影監督山田和弘奥原聡美 CG監督佐木俊宏鈴木隆弘 音楽鷺巣詩郎 音響監督長崎行男 音響制作ザックプロモーション アニメーション制作PIERROT FILMS オープニングテーマjo0ji I-BULL Sony Music Labels エンディングテーマ9Lana 螺旋 Sony Music Labels キャスト 黒崎一護森田成一 石田雨竜杉山紀彰 井上織姫松岡由貴 茶渡泰虎安元洋貴 志波岩鷲高木渉 朽木ルキア折笠富美子 阿散井恋次伊藤健太郎 浦原喜助三木眞一郎 四楓院夜一ゆきのさつき 京楽春水大塚明夫 朽木白哉置鮎龍太郎 日番谷冬獅郎朴璐美 更木剣八立木文彦 藍染惣右介速水奨 ユーハバッハ菅生隆之 ユーグラムハッシュァルト梅原裕一郎 アスキンナックルァール武内駿輔 ジェラルドァルキリー小山剛志 久保帯人 集英社テレビ東京ぴえろ,BLEACH 千年血戦篇-禍進譚- ノンクレジットエンディングムービー BLEACH 千年血戦篇-禍進譚- エンディングテーマ 螺旋 9Lana エンディングアニメーション Creative Director河原秀樹SYNCHROTRON Director土佐明寛SYNCHROTRON 3DCG Director柴山正久SYNCHROTRON 3DCG小林昇太郎SYNCHROTRONGillard PacomeSYNCHROTRON 撮影監督榊原 卓SYNCHROTRON 撮影 森田信介SYNCHROTRON佐藤裕将SYNCHROTRON高橋桃子アニモキャラメル金子泰弘アニモキャラメル八木昌彦CLIP BISON小松 学CLIP BISON大石智一CLIP BISON Producer永井芳憲SYNCHROTRON山根雅之SYNCHROTRON 総作画監督工藤昌史高柳久美子 作画監督小澤早依子PIERROT FILMS柴 美波PIERROT FILMS 原画 菅野芳弘小澤早依子柴 美波鈴木里奈近藤いずみ河野美由紀山下 梓勝谷優夏小野田将人岩崎令奈堀 光明丸山修二笹原ひかり力石 翔松村和子山本もも 第二原画 井後多映子中沢志帆尾島ちづる川村直樹佐藤桃佳粂田雪乃スタジオリングスぴえろ作画室 動画検査金子由紀江 色指定検査合田沙織濱岡幸治 制作進行青木勇真 TVアニメ最終クール BLEACH 千年血戦篇-禍進譚- 毎週土曜2300よりテレ東系列ほかにて放送中 公式サイトhttpsbleach- com 公式XhttpsxcomBLEACHanimation Tiktokhttpswwwtiktokcombleach 放送情報 テレ東系列7月25日土2300 広島テレビ8月4日火2529 新潟放送8月4日火2530 テレビ静岡8月5日水2545 熊本放送8月7日金2548 仙台放送8月10日月2520 BSテレ東7月27日月2430 AT-X8月2日日2300 リピート放送毎週木曜2900 毎週日曜800 放送日時は予告なく変更になる可能性があります 配信情報 2026年7月26日日より毎週日曜1200から順次配信開始 イントロダクション 死神と滅却師千年に亘る血戦の果てに滅びの未来が視えようとも 霊王宮に立ち入らんとするユーハバッハを迎え撃つ王属特務零番隊 だが滅却師の王とその親衛隊は零番隊の壮絶な卍解を打ち破り遂に霊王大内裏に踏み入る 兵主部一兵衛から霊王護衛を託された黒崎一護たち しかしユーハバッハの策略により一護はその剣で霊王を斬ってしまう 霊王の死それは三界の崩壊を意味していた 各界に 歪み が現れ滅びの予兆が世界を覆い始める 護廷十三隊は滅却師の残党と手を組んで霊王宮へと向かう だが霊王宮は見えざる帝国の手に堕ち真世界城へと姿を変えていた 死神たちを嘲笑うかのように天空に聳え立つ城で親衛隊が待ち受ける 真世界城各地で護廷十三隊と親衛隊の激戦が繰り広げられる 一護は雨竜の真意を知り互いに信じあう友として世界を護る決意を新たにする 全知全能 をも越えた存在となったユーハバッハ 三界の存亡を懸けた壮絶な戦いは終焉へと向かう 混沌の禍を進んだ先に待つのは絶望か希望か スタッフ 原作総監修久保帯人 BLEACH 集英社 ジャンプコミックス刊 総監督田口智久 監督村田光 シリーズ構成田口智久平松正樹 キャラクターデザイン工藤昌史 総作画監督長谷川亨雄小松原聖高柳久美子 アクションエフェクト作画監督酒井智史橋本敬史 美術監督谷岡善王 美術設定天田俊貴 色彩設計合田沙織 編集三嶋章紀 撮影監督山田和弘奥原聡美 CG監督佐木俊宏鈴木隆弘 音楽鷺巣詩郎 音響監督長崎行男 音響制作ザックプロモーション アニメーション制作PIERROT FILMS オープニングテーマjo0ji I-BULL Sony Music Labels エンディングテーマ9Lana 螺旋 Sony Music Labels キャスト 黒崎一護森田成一 石田雨竜杉山紀彰 井上織姫松岡由貴 茶渡泰虎安元洋貴 志波岩鷲高木渉 朽木ルキア折笠富美子 阿散井恋次伊藤健太郎 浦原喜助三木眞一郎 四楓院夜一ゆきのさつき 京楽春水大塚明夫 朽木白哉置鮎龍太郎 日番谷冬獅郎朴璐美 更木剣八立木文彦 藍染惣右介速水奨 ユーハバッハ菅生隆之 ユーグラムハッシュァルト梅原裕一郎 アスキンナックルァール武内駿輔 ジェラルドァルキリー小山剛志 久保帯人 集英社テレビ東京ぴえろ,BLEACH 千年血戦篇-禍進譚- ノンクレジットエンディングムービー BLEACH 千年血戦篇-禍進譚- エンディングテーマ 螺旋 9Lana エンディングアニメーション Creative Director河原秀樹SYNCHROTRON Director土佐明寛SYNCHROTRON 3DCG Director柴山正久SYNCHROTRON 3DCG小林昇太郎SYNCHROTRONGillard PacomeSYNCHROTRON 撮影監督榊原 卓SYNCHROTRON 撮影 森田信介SYNCHROTRON佐藤裕将SYNCHROTRON高橋桃子アニモキャラメル金子泰弘アニモキャラメル八木昌彦CLIP BISON小松 学CLIP BISON大石智一CLIP BISON Producer永井芳憲SYNCHROTRON山根雅之SYNCHROTRON 総作画監督工藤昌史高柳久美子 作画監督小澤早依子PIERROT FILMS柴 美波PIERROT FILMS 原画 菅野芳弘小澤早依子柴 美波鈴木里奈近藤いずみ河野美由紀山下 梓勝谷優夏小野田将人岩崎令奈堀 光明丸山修二笹原ひかり力石 翔松村和子山本もも 第二原画 井後多映子中沢志帆尾島ちづる川村直樹佐藤桃佳粂田雪乃スタジオリングスぴえろ作画室 動画検査金子由紀江 色指定検査合田沙織濱岡幸治 制作進行青木勇真 TVアニメ最終クール BLEACH 千年血戦篇-禍進譚- 毎週土曜2300よりテレ東系列ほかにて放送中 公式サイトhttpsbleach- com 公式XhttpsxcomBLEACHanimation Tiktokhttpswwwtiktokcombleach 放送情報 テレ東系列7月25日土2300 広島テレビ8月4日火2529 新潟放送8月4日火2530 テレビ静岡8月5日水2545 熊本放送8月7日金2548 仙台放送8月10日月2520 BSテレ東7月27日月2430 AT-X8月2日日2300 リピート放送毎週木曜2900 毎週日曜800 放送日時は予告なく変更になる可能性があります 配信情報 2026年7月26日日より毎週日曜1200から順次配信開始 イントロダクション 死神と滅却師千年に亘る血戦の果てに滅びの未来が視えようとも 霊王宮に立ち入らんとするユーハバッハを迎え撃つ王属特務零番隊 だが滅却師の王とその親衛隊は零番隊の壮絶な卍解を打ち破り遂に霊王大内裏に踏み入る 兵主部一兵衛から霊王護衛を託された黒崎一護たち しかしユーハバッハの策略により一護はその剣で霊王を斬ってしまう 霊王の死それは三界の崩壊を意味していた 各界に 歪み が現れ滅びの予兆が世界を覆い始める 護廷十三隊は滅却師の残党と手を組んで霊王宮へと向かう だが霊王宮は見えざる帝国の手に堕ち真世界城へと姿を変えていた 死神たちを嘲笑うかのように天空に聳え立つ城で親衛隊が待ち受ける 真世界城各地で護廷十三隊と親衛隊の激戦が繰り広げられる 一護は雨竜の真意を知り互いに信じあう友として世界を護る決意を新たにする 全知全能 をも越えた存在となったユーハバッハ 三界の存亡を懸けた壮絶な戦いは終焉へと向かう 混沌の禍を進んだ先に待つのは絶望か希望か スタッフ 原作総監修久保帯人 BLEACH 集英社 ジャンプコミックス刊 総監督田口智久 監督村田光 シリーズ構成田口智久平松正樹 キャラクターデザイン工藤昌史 総作画監督長谷川亨雄小松原聖高柳久美子 アクションエフェクト作画監督酒井智史橋本敬史 美術監督谷岡善王 美術設定天田俊貴 色彩設計合田沙織 編集三嶋章紀 撮影監督山田和弘奥原聡美 CG監督佐木俊宏鈴木隆弘 音楽鷺巣詩郎 音響監督長崎行男 音響制作ザックプロモーション アニメーション制作PIERROT FILMS オープニングテーマjo0ji I-BULL Sony Music Labels エンディングテーマ9Lana 螺旋 Sony Music Labels キャスト 黒崎一護森田成一 石田雨竜杉山紀彰 井上織姫松岡由貴 茶渡泰虎安元洋貴 志波岩鷲高木渉 朽木ルキア折笠富美子 阿散井恋次伊藤健太郎 浦原喜助三木眞一郎 四楓院夜一ゆきのさつき 京楽春水大塚明夫 朽木白哉置鮎龍太郎 日番谷冬獅郎朴璐美 更木剣八立木文彦 藍染惣右介速水奨 ユーハバッハ菅生隆之 ユーグラムハッシュァルト梅原裕一郎 アスキンナックルァール武内駿輔 ジェラルドァルキリー小山剛志 久保帯人 集英社テレビ東京ぴえろ,99,未分類,op,OP,0,https://yt3.ggpht.com/E0weu3HUDga7-bFXYUTJ7EctewM58syx7oCaqSbubf1oiCKrnXqE-f3y0RGGF3bSU3g32UR-LwA=s800-c-k-c0x00ffffff-no-rj,195000
Tz7hdJ5wsyY,『映画ちいかわ 人魚の島のひみつ』ノンクレジットオープニング映像【大ヒット上映中】,"『映画ちいかわ 人魚の島のひみつ』
ナガノ氏自らが構成を考えたノンクレジットver.のオープニング映像解禁！

映画でも大活躍するちいかわ・ハチワレ・うさぎ・モモンガ・くりまんじゅう・ラッコ・シーサー・古本屋に加え、鎧さんたち・あのこ・でかつよなどの人気キャラクターも登場するなどまさにオールスターキャストが集結した豪華な映像となっています。
ハチワレ（CV.田中誠人）が歌う映画オリジナルのオープニングテーマ「くつずれ」とともに、ぜひ映画館の大スクリーンでお楽しみください！

■イントロダクション
――『ちいかわ』待望の初映画化！――

イラストレーター・ナガノ氏によるX（旧 Twitter）の投稿からスタートした人気コンテンツ「ちいかわ」。連載開始以降、急速に人気を拡大し、多数のグッズやコラボ展開が行われるなど、日本中に浸透。その人気は留まることなく、「日本キャラクター大賞グランプリ」を4度受賞、2022年に放送開始したショートアニメのYouTubeでの見逃し配信総再生回数が4億回を突破するなど、日本のみならず全世界から愛される人気コンテンツとなっている。  本作で描かれるのは、 “セイレーン編”と呼ばれる長編ストーリー。話数を追うごとにSNSのトレンドを賑わせていた、シリーズ屈指の人気エピソードが待望の映像化。制作は、劇場版『ウマ娘 プリティーダービー 新時代の扉』での圧倒的なアクションシーンなど、ハイクオリティなアニメーションが評判のサイピク。ナガノ氏の完全監修のもと、ちいかわたちの冒険が壮大な音楽と迫力の映像で描かれる。

■ストーリー
ある日、ちいかわとハチワレが広場でくつろいでいると、突如として顔にチラシを貼り付けたうさぎがやって来る。ハチワレがそのチラシを確認すると、それは「特別な島へご招待」と書かれた招待状であった。チラシに記載された魅力的な言葉に釣られ、島合宿に行くことを決めたちいかわたち。チラシの内容を怪しがるラッコとともに乗船し、島に上陸したちいかわ一同は島民から大歓迎で迎えられる。楽しい時間を過ごしていたちいかわたちだが、島に住む巨大な“セイレーン”が島民を次々と連れ去っているという事実を聞かされ、セイレーンの討伐計画に巻き込まれていく。ひたむきに進むちいかわたちに次々と訪れる試練。
みんなで乗り越えられるのか…!? そして島に隠された本当の“ひみつ”とは…!?。

■作品概要
【タイトル】
『映画ちいかわ 人魚の島のひみつ』
【公開表記】
7 月 24 日（金）
【スタッフ】
原作・脚本：ナガノ
監督：及川 啓
キャラクターデザイン：辻 智子　コンセプトアート：橋本真樹　プロップデザイン：高妻 匠
色彩設計：長井彩香　美術監督：眞﨑 萌CG監督：中野祥典　撮影監督：岡﨑正春　編集：髙橋 歩　音響監督：土屋雅紀　音響効果：倉橋裕宗（オトナリウム）　
音楽：トクマルシューゴ／上水樽 力
アニメーションプロデューサー：溝口 侃　アニメーション制作：サイピク

製作：川上洋一　古澤佳寛　 エグゼグティブプロデューサー：松崎容子
プロデュース：今福太郎　　プロデューサー：小峯雅隆　障子直登
宣伝プロデューサー：林原祥一　斎藤愛子　狩野裕明
製作幹事：QTORY inc.　配給：東宝

【キャスト】
ちいかわ：青木 遥
ハチワレ：田中誠人
うさぎ：小澤亜李
モモンガ：井口裕香
くりまんじゅう：淺井孝行
ラッコ：内田雄馬
シーサー：島袋美由利
古本屋：春海百乃
島二郎：最上嗣生
セイレーン：鈴木みのり

【コピーライト】
©ナガノ / 2026「映画ちいかわ」製作委員会

■公式サイト：https://chiikawa.toho-movie.jp/
■公式 X（旧 Twitter）：https://x.com/chiikawa_movie
■公式 Instagram：https://www.instagram.com/chiikawa_movie
■公式 TikTok：https://www.tiktok.com/@chiikawa_movie",2026-08-13T11:00:38Z,東宝MOVIEチャンネル,UCTDMT3aL30noTVFgNPA9XtQ,1209828,https://i.ytimg.com/vi/Tz7hdJ5wsyY/hqdefault.jpg,映画ちいかわ 人魚の島のひみつ ノンクレジットオープニング映像 大ヒット上映中 映画ちいかわ 人魚の島のひみつ ナガノ氏自らが構成を考えたノンクレジットverのオープニング映像解禁 映画でも大活躍するちいかわハチワレうさぎモモンガくりまんじゅうラッコシーサー古本屋に加え鎧さんたちあのこでかつよなどの人気キャラクターも登場するなどまさにオールスターキャストが集結した豪華な映像となっています ハチワレCV田中誠人が歌う映画オリジナルのオープニングテーマ くつずれ とともにぜひ映画館の大スクリーンでお楽しみください イントロダクション ちいかわ 待望の初映画化 イラストレーターナガノ氏によるX旧 Twitterの投稿からスタートした人気コンテンツ ちいかわ 連載開始以降急速に人気を拡大し多数のグッズやコラボ展開が行われるなど日本中に浸透その人気は留まることなく 日本キャラクター大賞グランプリ を4度受賞2022年に放送開始したショートアニメのYouTubeでの見逃し配信総再生回数が4億回を突破するなど日本のみならず全世界から愛される人気コンテンツとなっている 本作で描かれるのは セイレーン編と呼ばれる長編ストーリー話数を追うごとにSNSのトレンドを賑わせていたシリーズ屈指の人気エピソードが待望の映像化制作は劇場版 ウマ娘 プリティーダービー 新時代の扉 での圧倒的なアクションシーンなどハイクオリティなアニメーションが評判のサイピクナガノ氏の完全監修のもとちいかわたちの冒険が壮大な音楽と迫力の映像で描かれる ストーリー ある日ちいかわとハチワレが広場でくつろいでいると突如として顔にチラシを貼り付けたうさぎがやって来るハチワレがそのチラシを確認するとそれは 特別な島へご招待 と書かれた招待状であったチラシに記載された魅力的な言葉に釣られ島合宿に行くことを決めたちいかわたちチラシの内容を怪しがるラッコとともに乗船し島に上陸したちいかわ一同は島民から大歓迎で迎えられる楽しい時間を過ごしていたちいかわたちだが島に住む巨大なセイレーンが島民を次と連れ去っているという事実を聞かされセイレーンの討伐計画に巻き込まれていくひたむきに進むちいかわたちに次と訪れる試練 みんなで乗り越えられるのか そして島に隠された本当のひみつとは 作品概要 タイトル 映画ちいかわ 人魚の島のひみつ 公開表記 7 月 24 日金 スタッフ 原作脚本ナガノ 監督及川 啓 キャラクターデザイン辻 智子 コンセプトアート橋本真樹 プロップデザイン高妻 匠 色彩設計長井彩香 美術監督眞 萌CG監督中野祥典 撮影監督岡正春 編集髙橋 歩 音響監督土屋雅紀 音響効果倉橋裕宗オトナリウム 音楽トクマルシューゴ 上水樽 力 アニメーションプロデューサー溝口 侃 アニメーション制作サイピク 製作川上洋一 古澤佳寛 エグゼグティブプロデューサー松崎容子 プロデュース今福太郎 プロデューサー小峯雅隆 障子直登 宣伝プロデューサー林原祥一 斎藤愛子 狩野裕明 製作幹事QTORY inc 配給東宝 キャスト ちいかわ青木 遥 ハチワレ田中誠人 うさぎ小澤亜李 モモンガ井口裕香 くりまんじゅう淺井孝行 ラッコ内田雄馬 シーサー島袋美由利 古本屋春海百乃 島二郎最上嗣生 セイレーン鈴木みのり コピーライト ナガノ 2026 映画ちいかわ 製作委員会 公式サイトhttpschiikawatoho-moviejp 公式 X旧 Twitterhttpsxcomchiikawamovie 公式 Instagramhttpswwwinstagramcomchiikawamovie 公式 TikTokhttpswwwtiktokcomchiikawamovie,映画ちいかわ 人魚の島のひみつ ノンクレジットオープニング映像 大ヒット上映中 映画ちいかわ 人魚の島のひみつ ナガノ氏自らが構成を考えたノンクレジットverのオープニング映像解禁 映画でも大活躍するちいかわハチワレうさぎモモンガくりまんじゅうラッコシーサー古本屋に加え鎧さんたちあのこでかつよなどの人気キャラクターも登場するなどまさにオールスターキャストが集結した豪華な映像となっています ハチワレCV田中誠人が歌う映画オリジナルのオープニングテーマ くつずれ とともにぜひ映画館の大スクリーンでお楽しみください イントロダクション ちいかわ 待望の初映画化 イラストレーターナガノ氏によるX旧 Twitterの投稿からスタートした人気コンテンツ ちいかわ 連載開始以降急速に人気を拡大し多数のグッズやコラボ展開が行われるなど日本中に浸透その人気は留まることなく 日本キャラクター大賞グランプリ を4度受賞2022年に放送開始したショートアニメのYouTubeでの見逃し配信総再生回数が4億回を突破するなど日本のみならず全世界から愛される人気コンテンツとなっている 本作で描かれるのは セイレーン編と呼ばれる長編ストーリー話数を追うごとにSNSのトレンドを賑わせていたシリーズ屈指の人気エピソードが待望の映像化制作は劇場版 ウマ娘 プリティーダービー 新時代の扉 での圧倒的なアクションシーンなどハイクオリティなアニメーションが評判のサイピクナガノ氏の完全監修のもとちいかわたちの冒険が壮大な音楽と迫力の映像で描かれる ストーリー ある日ちいかわとハチワレが広場でくつろいでいると突如として顔にチラシを貼り付けたうさぎがやって来るハチワレがそのチラシを確認するとそれは 特別な島へご招待 と書かれた招待状であったチラシに記載された魅力的な言葉に釣られ島合宿に行くことを決めたちいかわたちチラシの内容を怪しがるラッコとともに乗船し島に上陸したちいかわ一同は島民から大歓迎で迎えられる楽しい時間を過ごしていたちいかわたちだが島に住む巨大なセイレーンが島民を次と連れ去っているという事実を聞かされセイレーンの討伐計画に巻き込まれていくひたむきに進むちいかわたちに次と訪れる試練 みんなで乗り越えられるのか そして島に隠された本当のひみつとは 作品概要 タイトル 映画ちいかわ 人魚の島のひみつ 公開表記 7 月 24 日金 スタッフ 原作脚本ナガノ 監督及川 啓 キャラクターデザイン辻 智子 コンセプトアート橋本真樹 プロップデザイン高妻 匠 色彩設計長井彩香 美術監督眞 萌CG監督中野祥典 撮影監督岡正春 編集髙橋 歩 音響監督土屋雅紀 音響効果倉橋裕宗オトナリウム 音楽トクマルシューゴ 上水樽 力 アニメーションプロデューサー溝口 侃 アニメーション制作サイピク 製作川上洋一 古澤佳寛 エグゼグティブプロデューサー松崎容子 プロデュース今福太郎 プロデューサー小峯雅隆 障子直登 宣伝プロデューサー林原祥一 斎藤愛子 狩野裕明 製作幹事QTORY inc 配給東宝 キャスト ちいかわ青木 遥 ハチワレ田中誠人 うさぎ小澤亜李 モモンガ井口裕香 くりまんじゅう淺井孝行 ラッコ内田雄馬 シーサー島袋美由利 古本屋春海百乃 島二郎最上嗣生 セイレーン鈴木みのり コピーライト ナガノ 2026 映画ちいかわ 製作委員会 公式サイトhttpschiikawatoho-moviejp 公式 X旧 Twitterhttpsxcomchiikawamovie 公式 Instagramhttpswwwinstagramcomchiikawamovie 公式 TikTokhttpswwwtiktokcomchiikawamovie,映画ちいかわ 人魚の島のひみつ ノンクレジットオープニング映像 大ヒット上映中 映画ちいかわ 人魚の島のひみつ ナガノ氏自らが構成を考えたノンクレジットverのオープニング映像解禁 映画でも大活躍するちいかわハチワレうさぎモモンガくりまんじゅうラッコシーサー古本屋に加え鎧さんたちあのこでかつよなどの人気キャラクターも登場するなどまさにオールスターキャストが集結した豪華な映像となっています ハチワレCV田中誠人が歌う映画オリジナルのオープニングテーマ くつずれ とともにぜひ映画館の大スクリーンでお楽しみください イントロダクション ちいかわ 待望の初映画化 イラストレーターナガノ氏によるX旧 Twitterの投稿からスタートした人気コンテンツ ちいかわ 連載開始以降急速に人気を拡大し多数のグッズやコラボ展開が行われるなど日本中に浸透その人気は留まることなく 日本キャラクター大賞グランプリ を4度受賞2022年に放送開始したショートアニメのYouTubeでの見逃し配信総再生回数が4億回を突破するなど日本のみならず全世界から愛される人気コンテンツとなっている 本作で描かれるのは セイレーン編と呼ばれる長編ストーリー話数を追うごとにSNSのトレンドを賑わせていたシリーズ屈指の人気エピソードが待望の映像化制作は劇場版 ウマ娘 プリティーダービー 新時代の扉 での圧倒的なアクションシーンなどハイクオリティなアニメーションが評判のサイピクナガノ氏の完全監修のもとちいかわたちの冒険が壮大な音楽と迫力の映像で描かれる ストーリー ある日ちいかわとハチワレが広場でくつろいでいると突如として顔にチラシを貼り付けたうさぎがやって来るハチワレがそのチラシを確認するとそれは 特別な島へご招待 と書かれた招待状であったチラシに記載された魅力的な言葉に釣られ島合宿に行くことを決めたちいかわたちチラシの内容を怪しがるラッコとともに乗船し島に上陸したちいかわ一同は島民から大歓迎で迎えられる楽しい時間を過ごしていたちいかわたちだが島に住む巨大なセイレーンが島民を次と連れ去っているという事実を聞かされセイレーンの討伐計画に巻き込まれていくひたむきに進むちいかわたちに次と訪れる試練 みんなで乗り越えられるのか そして島に隠された本当のひみつとは 作品概要 タイトル 映画ちいかわ 人魚の島のひみつ 公開表記 7 月 24 日金 スタッフ 原作脚本ナガノ 監督及川 啓 キャラクターデザイン辻 智子 コンセプトアート橋本真樹 プロップデザイン高妻 匠 色彩設計長井彩香 美術監督眞 萌CG監督中野祥典 撮影監督岡正春 編集髙橋 歩 音響監督土屋雅紀 音響効果倉橋裕宗オトナリウム 音楽トクマルシューゴ 上水樽 力 アニメーションプロデューサー溝口 侃 アニメーション制作サイピク 製作川上洋一 古澤佳寛 エグゼグティブプロデューサー松崎容子 プロデュース今福太郎 プロデューサー小峯雅隆 障子直登 宣伝プロデューサー林原祥一 斎藤愛子 狩野裕明 製作幹事QTORY inc 配給東宝 キャスト ちいかわ青木 遥 ハチワレ田中誠人 うさぎ小澤亜李 モモンガ井口裕香 くりまんじゅう淺井孝行 ラッコ内田雄馬 シーサー島袋美由利 古本屋春海百乃 島二郎最上嗣生 セイレーン鈴木みのり コピーライト ナガノ 2026 映画ちいかわ 製作委員会 公式サイトhttpschiikawatoho-moviejp 公式 X旧 Twitterhttpsxcomchiikawamovie 公式 Instagramhttpswwwinstagramcomchiikawamovie 公式 TikTokhttpswwwtiktokcomchiikawamovie,99,未分類,op,OP,0,https://yt3.ggpht.com/CvEKRoH7vU1fJhII_ygiIBjyh4XoZU2kxMQij44KpQGs46l_FIeROhC2Om6ypnd220jjqQO9=s800-c-k-c0x00ffffff-no-rj,1890000
Dgj69Vqr120,TVアニメ『逃げ上手の若君』第二期ノンクレジットオープニングムービー(歌詞有)｜中島健人「鬼事」,"TVアニメ『逃げ上手の若君』第二期オープニング・テーマ
中島健人「鬼事」
https://x.com/KENTO_Team_N

Streaming＆Download
https://KentoNakajima.lnk.to/ONIGOTO

CD PKG（8/19 Release)
https://nigewaka.run/music/2nd.html

===========================
◆放送情報
7月17日より全国フジテレビ系“ノイタミナ”にて毎週金曜23時30分から放送中

◇配信情報
Prime Videoにて7月17日より毎週金曜24:00～見放題最速配信！
その他各配信プラットフォームにて7月21日より毎週火曜日12:00～ 順次配信

◆スタッフ
原作：松井優征（集英社ジャンプコミックス刊） 
監督：山﨑雄太 
シリーズ構成：冨田頼子 
キャラクターデザイン・総作画監督：西谷泰史 
副監督：川上雄介 
アニメーションディレクター：太田慎之介 
プロップデザイン：よごいぬ 
色彩設計：中島和子 
美術監督：小島あゆみ 
美術設定：taracod／takao 
建築考証：鴎 利一 
タイポグラフィ：濱 祐斗／山口真生 
撮影監督：佐久間悠也 
CGディレクター：任 杰／河北茉衣 
編集：平木大輔 
音響監督：藤田亜紀子 
音楽：GEMBI／立山秋航 
音響効果：三井友和 
制作：CloverWorks 
製作：逃げ上手の若君製作委員会

◇キャスト
北条時行： #結川あさき
雫： #矢野妃菜喜
弧次郎： #日野まり
亜也子： #鈴代紗弓
風間玄蕃： #悠木碧
吹雪： #戸谷菊之介
諏訪頼重： #中村悠一
足利尊氏： #小西克幸

◆主題歌情報
オープニング・テーマ：　＃中島健人「鬼事」
エンディング・テーマ：　＃ぼっちぼろまる「ロマンティックがほしいなら feat. 小坂菜緒,正源司陽子,藤嶌果歩（#日向坂46）」

◇イントロダクション
少年は逃げて英雄となる―――
鎌倉幕府滅亡から始まる一人の少年の物語

『魔人探偵脳噛ネウロ』『暗殺教室』の松井優征が描く、「週刊少年ジャンプ」で連載された大人気歴史スペクタクル漫画がアニメ化！鎌倉幕府滅亡の後、北条家の生き残り・北条時行が動乱の世を駆け抜ける！アニメーション制作は『ぼっち・ざ・ろっく！』 などを手掛ける「CloverWorks」が担当、監督は『ワンダーエッグ・プライオリティ』で副監督を務めた山﨑雄太、シリーズ構成に『その着せ替え人形は恋をする』の冨田頼子、キャラクターデザインに『劇場版ポケットモンスター ココ』で総作画監督を務めた西谷泰史など奇才 たちが集結し、美麗かつ迫力の映像で歴史の一片を紡ぐ！

◆プロローグ
西暦1333年、武士による日本統治の礎を築いた鎌倉幕府は、信頼していた幕臣・足利尊氏の謀反によって滅亡する。全てを失い、絶望の淵へと叩き落とされた幕府の正統後継者・北条時行は、神を名乗る神官・諏訪頼重の手引きで燃え落ちる鎌倉を脱出するのだった……。逃げ落ちてたどり着いた諏訪の地で、信頼できる仲間と「逃若党」を結成した時行は、「逃げて」「生きる」ことで苦難を乗り越え、大軍を率いる将としての実力を磨いていく。
一方、京では尊氏が権力を着実に増し、鎌倉では尊氏の弟・直義を筆頭にした新たな統治が人気を博していた。
時代が移ろう大きなうねりの中、時行の天下を取り戻す鬼ごっこの行方は――。

◇公式サイト
https://nigewaka.run/

◆公式X
https://x.com/nigewaka_anime
（推奨ハッシュタグ：#逃げ上手の若君 #逃げ若）

(C) 松井優征／集英社・逃げ上手の若君製作委員会",2026-07-17T15:00:35Z,アニプレックス チャンネル,UC14QT5j2nQI8lKBCGtrrBQA,811608,https://i.ytimg.com/vi/Dgj69Vqr120/hqdefault.jpg,逃げ上手の若君 第二期ノンクレジットオープニングムービー 中島健人 鬼事 逃げ上手の若君 第二期オープニング 中島健人 鬼事 httpsxcomKENTOTeamN StreamingDownload httpsKentoNakajimalnktoONIGOTO CD PKG819 Release httpsnigewakarunmusic2ndhtml 放送情報 7月17日より全国フジテレビ系ノイタミナにて毎週金曜23時30分から放送中 配信情報 Prime Videoにて7月17日より毎週金曜2400見放題最速配信 その他各配信プラットフォームにて7月21日より毎週火曜日1200 順次配信 スタッフ 原作松井優征集英社ジャンプコミックス刊 監督山雄太 シリーズ構成冨田頼子 キャラクターデザイン総作画監督西谷泰史 副監督川上雄介 アニメーションディレクター太田慎之介 プロップデザインよごいぬ 色彩設計中島和子 美術監督小島あゆみ 美術設定taracod takao 建築考証鴎 利一 タイポグラフィ濱 祐斗 山口真生 撮影監督佐久間悠也 CGディレクター任 杰 河北茉衣 編集平木大輔 音響監督藤田亜紀子 音楽GEMBI 立山秋航 音響効果三井友和 制作CloverWorks 製作逃げ上手の若君製作委員会 キャスト 北条時行 結川あさき 雫 矢野妃菜喜 弧次郎 日野まり 亜也子 鈴代紗弓 風間玄蕃 悠木碧 吹雪 戸谷菊之介 諏訪頼重 中村悠一 足利尊氏 小西克幸 主題歌情報 中島健人 鬼事 ぼっちぼろまる ロマンティックがほしいなら feat 小坂菜緒正源司陽子藤嶌果歩日向坂46 イントロダクション 少年は逃げて英雄となる 鎌倉幕府滅亡から始まる一人の少年の物語 魔人探偵脳噛ネウロ 暗殺教室 の松井優征が描く 週刊少年ジャンプ で連載された大人気歴史スペクタクル漫画がアニメ化鎌倉幕府滅亡の後北条家の生き残り北条時行が動乱の世を駆け抜けるアニメーション制作は ぼっちざろっく などを手掛ける CloverWorks が担当監督は ワンダーエッグプライオリティ で副監督を務めた山雄太シリーズ構成に その着せ替え人形は恋をする の冨田頼子キャラクターデザインに 劇場版ポケットモンスター ココ で総作画監督を務めた西谷泰史など奇才 たちが集結し美麗かつ迫力の映像で歴史の一片を紡ぐ プロローグ 西暦1333年武士による日本統治の礎を築いた鎌倉幕府は信頼していた幕臣足利尊氏の謀反によって滅亡する全てを失い絶望の淵へと叩き落とされた幕府の正統後継者北条時行は神を名乗る神官諏訪頼重の手引きで燃え落ちる鎌倉を脱出するのだった逃げ落ちてたどり着いた諏訪の地で信頼できる仲間と 逃若党 を結成した時行は 逃げて 生きる ことで苦難を乗り越え大軍を率いる将としての実力を磨いていく 一方京では尊氏が権力を着実に増し鎌倉では尊氏の弟直義を筆頭にした新たな統治が人気を博していた 時代が移ろう大きなうねりの中時行の天下を取り戻す鬼ごっこの行方は 公式サイト httpsnigewakarun 公式X httpsxcomnigewakaanime 推奨ハッシュタグ逃げ上手の若君 逃げ若 松井優征 集英社逃げ上手の若君製作委員会,逃げ上手の若君 第二期ノンクレジットオープニングムービー 中島健人 鬼事 逃げ上手の若君 第二期オープニング 中島健人 鬼事 httpsxcomKENTOTeamN StreamingDownload httpsKentoNakajimalnktoONIGOTO CD PKG819 Release httpsnigewakarunmusic2ndhtml 放送情報 7月17日より全国フジテレビ系ノイタミナにて毎週金曜23時30分から放送中 配信情報 Prime Videoにて7月17日より毎週金曜2400見放題最速配信 その他各配信プラットフォームにて7月21日より毎週火曜日1200 順次配信 スタッフ 原作松井優征集英社ジャンプコミックス刊 監督山雄太 シリーズ構成冨田頼子 キャラクターデザイン総作画監督西谷泰史 副監督川上雄介 アニメーションディレクター太田慎之介 プロップデザインよごいぬ 色彩設計中島和子 美術監督小島あゆみ 美術設定taracod takao 建築考証鴎 利一 タイポグラフィ濱 祐斗 山口真生 撮影監督佐久間悠也 CGディレクター任 杰 河北茉衣 編集平木大輔 音響監督藤田亜紀子 音楽GEMBI 立山秋航 音響効果三井友和 制作CloverWorks 製作逃げ上手の若君製作委員会 キャスト 北条時行 結川あさき 雫 矢野妃菜喜 弧次郎 日野まり 亜也子 鈴代紗弓 風間玄蕃 悠木碧 吹雪 戸谷菊之介 諏訪頼重 中村悠一 足利尊氏 小西克幸 主題歌情報 中島健人 鬼事 ぼっちぼろまる ロマンティックがほしいなら feat 小坂菜緒正源司陽子藤嶌果歩日向坂46 イントロダクション 少年は逃げて英雄となる 鎌倉幕府滅亡から始まる一人の少年の物語 魔人探偵脳噛ネウロ 暗殺教室 の松井優征が描く 週刊少年ジャンプ で連載された大人気歴史スペクタクル漫画がアニメ化鎌倉幕府滅亡の後北条家の生き残り北条時行が動乱の世を駆け抜けるアニメーション制作は ぼっちざろっく などを手掛ける CloverWorks が担当監督は ワンダーエッグプライオリティ で副監督を務めた山雄太シリーズ構成に その着せ替え人形は恋をする の冨田頼子キャラクターデザインに 劇場版ポケットモンスター ココ で総作画監督を務めた西谷泰史など奇才 たちが集結し美麗かつ迫力の映像で歴史の一片を紡ぐ プロローグ 西暦1333年武士による日本統治の礎を築いた鎌倉幕府は信頼していた幕臣足利尊氏の謀反によって滅亡する全てを失い絶望の淵へと叩き落とされた幕府の正統後継者北条時行は神を名乗る神官諏訪頼重の手引きで燃え落ちる鎌倉を脱出するのだった逃げ落ちてたどり着いた諏訪の地で信頼できる仲間と 逃若党 を結成した時行は 逃げて 生きる ことで苦難を乗り越え大軍を率いる将としての実力を磨いていく 一方京では尊氏が権力を着実に増し鎌倉では尊氏の弟直義を筆頭にした新たな統治が人気を博していた 時代が移ろう大きなうねりの中時行の天下を取り戻す鬼ごっこの行方は 公式サイト httpsnigewakarun 公式X httpsxcomnigewakaanime 推奨ハッシュタグ逃げ上手の若君 逃げ若 松井優征 集英社逃げ上手の若君製作委員会,逃げ上手の若君 第二期ノンクレジットオープニングムービー 中島健人 鬼事 逃げ上手の若君 第二期オープニング 中島健人 鬼事 httpsxcomKENTOTeamN StreamingDownload httpsKentoNakajimalnktoONIGOTO CD PKG819 Release httpsnigewakarunmusic2ndhtml 放送情報 7月17日より全国フジテレビ系ノイタミナにて毎週金曜23時30分から放送中 配信情報 Prime Videoにて7月17日より毎週金曜2400見放題最速配信 その他各配信プラットフォームにて7月21日より毎週火曜日1200 順次配信 スタッフ 原作松井優征集英社ジャンプコミックス刊 監督山雄太 シリーズ構成冨田頼子 キャラクターデザイン総作画監督西谷泰史 副監督川上雄介 アニメーションディレクター太田慎之介 プロップデザインよごいぬ 色彩設計中島和子 美術監督小島あゆみ 美術設定taracod takao 建築考証鴎 利一 タイポグラフィ濱 祐斗 山口真生 撮影監督佐久間悠也 CGディレクター任 杰 河北茉衣 編集平木大輔 音響監督藤田亜紀子 音楽GEMBI 立山秋航 音響効果三井友和 制作CloverWorks 製作逃げ上手の若君製作委員会 キャスト 北条時行 結川あさき 雫 矢野妃菜喜 弧次郎 日野まり 亜也子 鈴代紗弓 風間玄蕃 悠木碧 吹雪 戸谷菊之介 諏訪頼重 中村悠一 足利尊氏 小西克幸 主題歌情報 中島健人 鬼事 ぼっちぼろまる ロマンティックがほしいなら feat 小坂菜緒正源司陽子藤嶌果歩日向坂46 イントロダクション 少年は逃げて英雄となる 鎌倉幕府滅亡から始まる一人の少年の物語 魔人探偵脳噛ネウロ 暗殺教室 の松井優征が描く 週刊少年ジャンプ で連載された大人気歴史スペクタクル漫画がアニメ化鎌倉幕府滅亡の後北条家の生き残り北条時行が動乱の世を駆け抜けるアニメーション制作は ぼっちざろっく などを手掛ける CloverWorks が担当監督は ワンダーエッグプライオリティ で副監督を務めた山雄太シリーズ構成に その着せ替え人形は恋をする の冨田頼子キャラクターデザインに 劇場版ポケットモンスター ココ で総作画監督を務めた西谷泰史など奇才 たちが集結し美麗かつ迫力の映像で歴史の一片を紡ぐ プロローグ 西暦1333年武士による日本統治の礎を築いた鎌倉幕府は信頼していた幕臣足利尊氏の謀反によって滅亡する全てを失い絶望の淵へと叩き落とされた幕府の正統後継者北条時行は神を名乗る神官諏訪頼重の手引きで燃え落ちる鎌倉を脱出するのだった逃げ落ちてたどり着いた諏訪の地で信頼できる仲間と 逃若党 を結成した時行は 逃げて 生きる ことで苦難を乗り越え大軍を率いる将としての実力を磨いていく 一方京では尊氏が権力を着実に増し鎌倉では尊氏の弟直義を筆頭にした新たな統治が人気を博していた 時代が移ろう大きなうねりの中時行の天下を取り戻す鬼ごっこの行方は 公式サイト httpsnigewakarun 公式X httpsxcomnigewakaanime 推奨ハッシュタグ逃げ上手の若君 逃げ若 松井優征 集英社逃げ上手の若君製作委員会,2,第2クール,op,OP,0,https://yt3.ggpht.com/vG4F6wBFAfaSV13GbkSjmy8rMNMYi7rSs2jxitmaMrqNrWWc9Yvdmh6FlkREnPu0mquEsUvk3g=s800-c-k-c0x00ffffff-no-rj,3900000
0HGEaVFajSU,TVアニメ「スーパーの裏でヤニ吸うふたり」TV放送版ノンクレジットOP映像 ｜ずっと真夜中でいいのに。「イチジク煙」,"TVアニメ「スーパーの裏でヤニ吸うふたり」
毎週木曜よる11時56分からTBS系28局にて全国放送中／ABEMA・Netflixにて最速配信、他配信サイトにて順次配信予定
（※放送日時は予告なく変更となる場合がございます）

TV放送版オープニングテーマ：ずっと真夜中でいいのに。 「イチジク煙」

＜TVアニメ作品情報＞
タイトル：「スーパーの裏でヤニ吸うふたり」
キャスト：佐々木役：佐藤拓也　
山田/田山役：星希成奏
後藤役：行成とあ
大野役：豊口めぐみ
小畑役：安田陸矢
前澤役：日笠陽子
鈴木役：高橋伸也

監督：鈴木理人　森あおい
シリーズ構成：井上美緒
キャラクターデザイン：大滝那佳
プロップデザイン：新谷真昼
美術監督：外谷 勝
色彩設計：上村修司
撮影監督：鯨井 亮
CG監督：藤谷秀法
編集：石井亜美
音響監督：吉田光平
音楽：河野 伸　青木沙也果
音楽プロデューサー：久世 烈
音楽制作：日音
アニメーションプロデューサー：渡部雅悠
アニメーション制作：旭プロダクション

TV放送版オープニングテーマ：ずっと真夜中でいいのに。　「イチジク煙」
TV放送版エンディングテーマ：imase「Fiction」

ABEMA限定先行配信版オープニングテーマ：ずっと真夜中でいいのに。　「クズリ念」
ABEMA限定先行配信版エンディングテーマ：imase「NIGHT DANCER」

公式サイト：https://yanisuu.com
公式X：https://x.com/yanisuu_anime

©地主／SQUARE ENIX・「ヤニすう」製作委員会

#スーパーの裏でヤニ吸うふたり #ヤニすう #佐藤拓也 #星希成奏 #ずっと真夜中でいいのに #ずとまよ #イチジク煙",2026-07-10T00:00:23Z,Asmik Ace,UCBuAshczy8ouqLU_H381row,701766,https://i.ytimg.com/vi/0HGEaVFajSU/hqdefault.jpg,スーパーの裏でヤニ吸うふたり TV放送版ノンクレジットOP映像 ずっと真夜中でいいのに イチジク煙 スーパーの裏でヤニ吸うふたり 毎週木曜よる11時56分からTBS系28局にて全国放送中 ABEMANetflixにて最速配信他配信サイトにて順次配信予定 放送日時は予告なく変更となる場合がございます TV放送版オープニングテーマずっと真夜中でいいのに イチジク煙 TVアニメ作品情報 タイトル スーパーの裏でヤニ吸うふたり キャスト佐木役佐藤拓也 山田田山役星希成奏 後藤役行成とあ 大野役豊口めぐみ 小畑役安田陸矢 前澤役日笠陽子 鈴木役高橋伸也 監督鈴木理人 森あおい シリーズ構成井上美緒 キャラクターデザイン大滝那佳 プロップデザイン新谷真昼 美術監督外谷 勝 色彩設計上村修司 撮影監督鯨井 亮 CG監督藤谷秀法 編集石井亜美 音響監督吉田光平 音楽河野 伸 青木沙也果 音楽プロデューサー久世 烈 音楽制作日音 アニメーションプロデューサー渡部雅悠 アニメーション制作旭プロダクション TV放送版オープニングテーマずっと真夜中でいいのに イチジク煙 TV放送版エンディングテーマimase Fiction ABEMA限定先行配信版オープニングテーマずっと真夜中でいいのに クズリ念 ABEMA限定先行配信版エンディングテーマimase NIGHT DANCER 公式サイトhttpsyanisuucom 公式Xhttpsxcomyanisuuanime 地主 SQUARE ENIX ヤニすう 製作委員会 スーパーの裏でヤニ吸うふたり ヤニすう 佐藤拓也 星希成奏 ずっと真夜中でいいのに ずとまよ イチジク煙,スーパーの裏でヤニ吸うふたり TV放送版ノンクレジットOP映像 ずっと真夜中でいいのに イチジク煙 スーパーの裏でヤニ吸うふたり 毎週木曜よる11時56分からTBS系28局にて全国放送中 ABEMANetflixにて最速配信他配信サイトにて順次配信予定 放送日時は予告なく変更となる場合がございます TV放送版オープニングテーマずっと真夜中でいいのに イチジク煙 TVアニメ作品情報 タイトル スーパーの裏でヤニ吸うふたり キャスト佐木役佐藤拓也 山田田山役星希成奏 後藤役行成とあ 大野役豊口めぐみ 小畑役安田陸矢 前澤役日笠陽子 鈴木役高橋伸也 監督鈴木理人 森あおい シリーズ構成井上美緒 キャラクターデザイン大滝那佳 プロップデザイン新谷真昼 美術監督外谷 勝 色彩設計上村修司 撮影監督鯨井 亮 CG監督藤谷秀法 編集石井亜美 音響監督吉田光平 音楽河野 伸 青木沙也果 音楽プロデューサー久世 烈 音楽制作日音 アニメーションプロデューサー渡部雅悠 アニメーション制作旭プロダクション TV放送版オープニングテーマずっと真夜中でいいのに イチジク煙 TV放送版エンディングテーマimase Fiction ABEMA限定先行配信版オープニングテーマずっと真夜中でいいのに クズリ念 ABEMA限定先行配信版エンディングテーマimase NIGHT DANCER 公式サイトhttpsyanisuucom 公式Xhttpsxcomyanisuuanime 地主 SQUARE ENIX ヤニすう 製作委員会 スーパーの裏でヤニ吸うふたり ヤニすう 佐藤拓也 星希成奏 ずっと真夜中でいいのに ずとまよ イチジク煙,スーパーの裏でヤニ吸うふたり TV放送版ノンクレジットOP映像 ずっと真夜中でいいのに イチジク煙 スーパーの裏でヤニ吸うふたり 毎週木曜よる11時56分からTBS系28局にて全国放送中 ABEMANetflixにて最速配信他配信サイトにて順次配信予定 放送日時は予告なく変更となる場合がございます TV放送版オープニングテーマずっと真夜中でいいのに イチジク煙 TVアニメ作品情報 タイトル スーパーの裏でヤニ吸うふたり キャスト佐木役佐藤拓也 山田田山役星希成奏 後藤役行成とあ 大野役豊口めぐみ 小畑役安田陸矢 前澤役日笠陽子 鈴木役高橋伸也 監督鈴木理人 森あおい シリーズ構成井上美緒 キャラクターデザイン大滝那佳 プロップデザイン新谷真昼 美術監督外谷 勝 色彩設計上村修司 撮影監督鯨井 亮 CG監督藤谷秀法 編集石井亜美 音響監督吉田光平 音楽河野 伸 青木沙也果 音楽プロデューサー久世 烈 音楽制作日音 アニメーションプロデューサー渡部雅悠 アニメーション制作旭プロダクション TV放送版オープニングテーマずっと真夜中でいいのに イチジク煙 TV放送版エンディングテーマimase Fiction ABEMA限定先行配信版オープニングテーマずっと真夜中でいいのに クズリ念 ABEMA限定先行配信版エンディングテーマimase NIGHT DANCER 公式サイトhttpsyanisuucom 公式Xhttpsxcomyanisuuanime 地主 SQUARE ENIX ヤニすう 製作委員会 スーパーの裏でヤニ吸うふたり ヤニすう 佐藤拓也 星希成奏 ずっと真夜中でいいのに ずとまよ イチジク煙,99,未分類,op,OP,0,https://yt3.ggpht.com/ytc/AIdro_lKfQknyVnbz-FmD4KUIUa80Ne8E0Rf61z8iExU3o6Veg=s800-c-k-c0x00ffffff-no-rj,295000
Qvm_w7aXXbQ,【名探偵プリキュア！】後期エンディング主題歌「いつかわかる☆きっとあえる」(ノンテロップver),"後期エンディング主題歌
いつかわかる☆きっとあえる
歌：熊田茜音＆増井優花　作詞：青木久美子　作曲・編曲：ハマダコウキ
振り付け：yurinasia

☆番組情報☆
『名探偵プリキュア！』
ABCテレビ・テレビ朝日系列にて毎週日曜あさ8時30分～放送！
※BSS山陰放送では、毎週日曜あさ6時15分～放送

【キャスト】
キュアアンサー／明智あんな：千賀光莉
キュアミスティック／小林みくる：本渡楓
キュアエクレール／帆羽くれあ：長谷川育美
キュアアルカナ／森亜るるか：東山奈央

【スタッフ】
シリーズディレクター：川崎弘二
シリーズ構成：村山功
キャラクターデザイン：矢野茜
美術デザイン：今井美紀
チーフ美術：濱野英次
色彩設計：竹澤聡
撮影監督：安西良行
音楽：深澤恵梨香／馬瀬みさき

【制作】
ＡＢＣテレビ
ＡＢＣアニメーション
ＡＤＫエモーションズ
東映アニメーション

【公式HP】 
・ABCテレビ 公式サイト： https://www.asahi.co.jp/precure/ 
・東映アニメーション公式サイト：https://www.toei-anim.co.jp/tv/precure/ 

【公式SNS】 
・Instagram：https://www.instagram.com/precure_curesta/ 
・公式X：https://x.com/TVanime_precure 
・Tiktok：https://www.tiktok.com/@precure_official 
・プリキュア音楽＆映像商品公式X：https://x.com/precure_marv

＝＝＝＝＝＝＝＝＝＝

●後期エンディング主題歌
いつかわかる☆きっとあえる
歌：熊田茜音＆増井優花　作詞：青木久美子　作曲・編曲：ハマダコウキ

♪先行配信中！♪  
後期エンディング主題歌「いつかわかる☆きっとあえる」（TVサイズ）が各ダウンロード配信サービスにて先行配信中！！
各配信サービスへはこちらから！
https://precure.lnk.to/SDP_KoukiED_S

『名探偵プリキュア！』後期主題歌シングル
発売日：2026年9月30日（水）
【CD+DVD】2,860円（税抜価格2,600円）／MJSS-09405～6
【通常盤】1,980円（税抜価格1,800円）／MJSS-09407
 
収録曲：
・いつかわかる☆きっとあえる
歌：熊田茜音＆増井優花　作詞：青木久美子　作曲・編曲：ハマダコウキ

…and more

※「いつかわかる☆きっとあえる」TVサイズ・カラオケ(CD＋DVD：オリジナル・メロディ・カラオケ/通常盤：オリジナル・カラオケ)を収録。
※【DVD】には、TVオープニング・エンディングノンテロップ映像を収録。

◆初回特典：
・キャンバスブロマイド（スーパーアート6色印刷）

発売元　株式会社マーベラス
販売元　株式会社ソニー・ミュージックソリューションズ
＝＝＝＝＝＝＝＝＝＝
©ABC-A・東映アニメーション #たんプリ #precure #プリキュア",2026-08-16T00:00:00Z,プリキュア公式YouTubeチャンネル,UCSsjL41NsyqSNNbanuI0htg,1123644,https://i.ytimg.com/vi/Qvm_w7aXXbQ/hqdefault.jpg,名探偵プリキュア エンディング主題歌 いつかわかるきっとあえる エンディング主題歌 いつかわかるきっとあえる 歌熊田茜音増井優花 作詞青木久美子 作曲編曲ハマダコウキ 振り付けyurinasia 番組情報 名探偵プリキュア ABCテレビテレビ朝日系列にて毎週日曜あさ8時30分放送 BSS山陰放送では毎週日曜あさ6時15分放送 キャスト キュアアンサー 明智あんな千賀光莉 キュアミスティック 小林みくる本渡楓 キュアエクレール 帆羽くれあ長谷川育美 キュアアルカナ 森亜るるか東山奈央 スタッフ シリーズディレクター川崎弘二 シリーズ構成村山功 キャラクターデザイン矢野茜 美術デザイン今井美紀 チーフ美術濱野英次 色彩設計竹澤聡 撮影監督安西良行 音楽深澤恵梨香 馬瀬みさき 制作 テレビ アニメーション エモーションズ 東映アニメーション 公式HP ABCテレビ 公式サイト httpswwwasahicojpprecure 東映アニメーション公式サイトhttpswwwtoei-animcojptvprecure 公式SNS Instagramhttpswwwinstagramcomprecurecuresta 公式XhttpsxcomTVanimeprecure Tiktokhttpswwwtiktokcomprecureofficial プリキュア音楽映像商品公式Xhttpsxcomprecuremarv エンディング主題歌 いつかわかるきっとあえる 歌熊田茜音増井優花 作詞青木久美子 作曲編曲ハマダコウキ 先行配信中 エンディング主題歌 いつかわかるきっとあえる TVサイズが各ダウンロード配信サービスにて先行配信中 各配信サービスへはこちらから httpsprecurelnktoSDPKoukiEDS 名探偵プリキュア 主題歌シングル 発売日2026年9月30日水 CDDVD 2860円税抜価格2600円 MJSS-094056 通常盤 1980円税抜価格1800円 MJSS-09407 収録曲 いつかわかるきっとあえる 歌熊田茜音増井優花 作詞青木久美子 作曲編曲ハマダコウキ and more いつかわかるきっとあえる TVサイズカラオケ を収録 DVD にはTVオープニングエンディングノンテロップ映像を収録 初回特典 キャンバスブロマイドスーパーアート6色印刷 発売元 株式会社マーベラス 販売元 株式会社ソニーミュージックソリューションズ ABC-A東映アニメーション たんプリ precure プリキュア,名探偵プリキュア エンディング主題歌 いつかわかるきっとあえる エンディング主題歌 いつかわかるきっとあえる 歌熊田茜音増井優花 作詞青木久美子 作曲編曲ハマダコウキ 振り付けyurinasia 番組情報 名探偵プリキュア ABCテレビテレビ朝日系列にて毎週日曜あさ8時30分放送 BSS山陰放送では毎週日曜あさ6時15分放送 キャスト キュアアンサー 明智あんな千賀光莉 キュアミスティック 小林みくる本渡楓 キュアエクレール 帆羽くれあ長谷川育美 キュアアルカナ 森亜るるか東山奈央 スタッフ シリーズディレクター川崎弘二 シリーズ構成村山功 キャラクターデザイン矢野茜 美術デザイン今井美紀 チーフ美術濱野英次 色彩設計竹澤聡 撮影監督安西良行 音楽深澤恵梨香 馬瀬みさき 制作 テレビ アニメーション エモーションズ 東映アニメーション 公式HP ABCテレビ 公式サイト httpswwwasahicojpprecure 東映アニメーション公式サイトhttpswwwtoei-animcojptvprecure 公式SNS Instagramhttpswwwinstagramcomprecurecuresta 公式XhttpsxcomTVanimeprecure Tiktokhttpswwwtiktokcomprecureofficial プリキュア音楽映像商品公式Xhttpsxcomprecuremarv エンディング主題歌 いつかわかるきっとあえる 歌熊田茜音増井優花 作詞青木久美子 作曲編曲ハマダコウキ 先行配信中 エンディング主題歌 いつかわかるきっとあえる TVサイズが各ダウンロード配信サービスにて先行配信中 各配信サービスへはこちらから httpsprecurelnktoSDPKoukiEDS 名探偵プリキュア 主題歌シングル 発売日2026年9月30日水 CDDVD 2860円税抜価格2600円 MJSS-094056 通常盤 1980円税抜価格1800円 MJSS-09407 収録曲 いつかわかるきっとあえる 歌熊田茜音増井優花 作詞青木久美子 作曲編曲ハマダコウキ and more いつかわかるきっとあえる TVサイズカラオケ を収録 DVD にはTVオープニングエンディングノンテロップ映像を収録 初回特典 キャンバスブロマイドスーパーアート6色印刷 発売元 株式会社マーベラス 販売元 株式会社ソニーミュージックソリューションズ ABC-A東映アニメーション たんプリ precure プリキュア,名探偵プリキュア エンディング主題歌 いつかわかるきっとあえる エンディング主題歌 いつかわかるきっとあえる 歌熊田茜音増井優花 作詞青木久美子 作曲編曲ハマダコウキ 振り付けyurinasia 番組情報 名探偵プリキュア ABCテレビテレビ朝日系列にて毎週日曜あさ8時30分放送 BSS山陰放送では毎週日曜あさ6時15分放送 キャスト キュアアンサー 明智あんな千賀光莉 キュアミスティック 小林みくる本渡楓 キュアエクレール 帆羽くれあ長谷川育美 キュアアルカナ 森亜るるか東山奈央 スタッフ シリーズディレクター川崎弘二 シリーズ構成村山功 キャラクターデザイン矢野茜 美術デザイン今井美紀 チーフ美術濱野英次 色彩設計竹澤聡 撮影監督安西良行 音楽深澤恵梨香 馬瀬みさき 制作 テレビ アニメーション エモーションズ 東映アニメーション 公式HP ABCテレビ 公式サイト httpswwwasahicojpprecure 東映アニメーション公式サイトhttpswwwtoei-animcojptvprecure 公式SNS Instagramhttpswwwinstagramcomprecurecuresta 公式XhttpsxcomTVanimeprecure Tiktokhttpswwwtiktokcomprecureofficial プリキュア音楽映像商品公式Xhttpsxcomprecuremarv エンディング主題歌 いつかわかるきっとあえる 歌熊田茜音増井優花 作詞青木久美子 作曲編曲ハマダコウキ 先行配信中 エンディング主題歌 いつかわかるきっとあえる TVサイズが各ダウンロード配信サービスにて先行配信中 各配信サービスへはこちらから httpsprecurelnktoSDPKoukiEDS 名探偵プリキュア 主題歌シングル 発売日2026年9月30日水 CDDVD 2860円税抜価格2600円 MJSS-094056 通常盤 1980円税抜価格1800円 MJSS-09407 収録曲 いつかわかるきっとあえる 歌熊田茜音増井優花 作詞青木久美子 作曲編曲ハマダコウキ and more いつかわかるきっとあえる TVサイズカラオケ を収録 DVD にはTVオープニングエンディングノンテロップ映像を収録 初回特典 キャンバスブロマイドスーパーアート6色印刷 発売元 株式会社マーベラス 販売元 株式会社ソニーミュージックソリューションズ ABC-A東映アニメーション たんプリ precure プリキュア,2,後期,op,OP,0,https://yt3.ggpht.com/by47BDOv-zezjs-DHKdLdQZs-svnhd4eZgrxqPUGCF5Dl8D7mHzFawp5wVBVG1NZsaBQAPkyuXA=s800-c-k-c0x00ffffff-no-rj,759000
8nQmonIYxig,『ヤニねこ』オープニングテーマ 「なんもねえ」by 忘れらんねえよ | Netflix Japan,"「なんもねえ」
（アニメ『ヤニねこ』 オープニングテーマ）
忘れらんねえよ
作詞・作曲：柴田隆浩
編曲：忘れらんねえよ

『ヤニねこ』オープニング映像をノンクレジットでお届け
クズねこたちを愛するロックバンド”忘れらんねえよ”による
オープニングテーマ「なんもねえ」もお楽しみください🍺🍷

『ヤニねこ』はNetflixにて配信中🚬

Netflixで視聴: https://www.netflix.com/title/82760631

チャンネル登録: https://bit.ly/2S1vSXh 

Netflix公式SNS:
X: https://twitter.com/NetflixJP
TIK TOK: https://www.tiktok.com/@netflixjapan
INSTAGRAM: https://www.instagram.com/netflixjp
FACEBOOK: https://www.facebook.com/netflixjp
ANIME X: https://twitter.com/NetflixJP_Anime

#ヤニねこ 
#Netflix #ネットフリックス #ネトフリ",2026-07-28T13:00:00Z,Netflix Japan,UCv2ejD5B1xOYtGB2cf80B8g,624396,https://i.ytimg.com/vi/8nQmonIYxig/hqdefault.jpg,ヤニねこ オープニングテーマ なんもねえ by 忘れらんねえよ Netflix Japan なんもねえ ヤニねこ オープニングテーマ 忘れらんねえよ 作詞作曲柴田隆浩 編曲忘れらんねえよ ヤニねこ オープニング映像をノンクレジットでお届け クズねこたちを愛するロックバンド忘れらんねえよによる オープニングテーマ なんもねえ もお楽しみください ヤニねこ はNetflixにて配信中 Netflixで視聴 httpswwwnetflixcomtitle82760631 チャンネル登録 httpsbitly2S1vSXh Netflix公式SNS X httpstwittercomNetflixJP TIK TOK httpswwwtiktokcomnetflixjapan INSTAGRAM httpswwwinstagramcomnetflixjp FACEBOOK httpswwwfacebookcomnetflixjp X httpstwittercomNetflixJPAnime ヤニねこ Netflix ネットフリックス ネトフリ,ヤニねこ オープニングテーマ なんもねえ by 忘れらんねえよ Netflix Japan なんもねえ ヤニねこ オープニングテーマ 忘れらんねえよ 作詞作曲柴田隆浩 編曲忘れらんねえよ ヤニねこ オープニング映像をノンクレジットでお届け クズねこたちを愛するロックバンド忘れらんねえよによる オープニングテーマ なんもねえ もお楽しみください ヤニねこ はNetflixにて配信中 Netflixで視聴 httpswwwnetflixcomtitle82760631 チャンネル登録 httpsbitly2S1vSXh Netflix公式SNS X httpstwittercomNetflixJP TIK TOK httpswwwtiktokcomnetflixjapan INSTAGRAM httpswwwinstagramcomnetflixjp FACEBOOK httpswwwfacebookcomnetflixjp X httpstwittercomNetflixJPAnime ヤニねこ Netflix ネットフリックス ネトフリ,ヤニねこ オープニングテーマ なんもねえ by 忘れらんねえよ Netflix Japan なんもねえ ヤニねこ オープニングテーマ 忘れらんねえよ 作詞作曲柴田隆浩 編曲忘れらんねえよ ヤニねこ オープニング映像をノンクレジットでお届け クズねこたちを愛するロックバンド忘れらんねえよによる オープニングテーマ なんもねえ もお楽しみください ヤニねこ はNetflixにて配信中 Netflixで視聴 httpswwwnetflixcomtitle82760631 チャンネル登録 httpsbitly2S1vSXh Netflix公式SNS X httpstwittercomNetflixJP TIK TOK httpswwwtiktokcomnetflixjapan INSTAGRAM httpswwwinstagramcomnetflixjp FACEBOOK httpswwwfacebookcomnetflixjp X httpstwittercomNetflixJPAnime ヤニねこ Netflix ネットフリックス ネトフリ,99,未分類,op,OP,0,https://yt3.ggpht.com/VvPFaxHYEZxWbNaqFfWcd0whAzwNZvEwnw5WYlGzsXyqdj7mxdeO5-RqDlRnlh9F8JYXkHdbXw=s800-c-k-c0x00ffffff-no-rj,2740000
IVyvkwvsqW0,TVアニメ『幼女戦記Ⅱ』ノンクレジットOP映像｜MYTH & ROID「Why? RED induction」,"TVアニメ「幼女戦記Ⅱ」毎週水曜日放送中！

■オープニングテーマ
MYTH & ROID「Why? RED induction」

配信　https://nex-tone.link/GPsD8PYbf

公式HP　https://youjo-senki.jp/
公式X　https://x.com/youjosenki

＜放送・配信情報＞
2026年7⽉8⽇（⽔）よりTVアニメ放送開始！

AT-X：7月8日（⽔）より 毎週⽔曜 21：30〜
TOKYO MX：7月8日（⽔）より 毎週⽔曜 23：30〜
サンテレビ：7月8日（⽔）より 毎週⽔曜 25：00〜
ＫＢＳ京都：7月8日（⽔）より 毎週⽔曜 25：30〜
ＢＳ11：7月8日（⽔）より 毎週⽔曜 25：30〜
テレビ愛知：7月8日（⽔）より 毎週⽔曜 25：30〜

ABEMA・dアニメストアにて地上波先⾏・最速配信！
ABEMA：7⽉8⽇（⽔）より 毎週⽔曜 23：00〜
dアニメストア：7⽉8⽇（⽔）より 毎週⽔曜 23：00〜
7月11日（土）より毎週土曜 23：00～各配信サイトにて順次配信開始！

＜スタッフ＞
原作：カルロ・ゼン(「幼女戦記」／KADOKAWA刊) 
キャラクター原案：篠月しのぶ 
監督：山本貴之 
シリーズ構成・脚本：猪原健太 
キャラクターデザイン・総作画監督：細越裕治 
サブキャラクターデザイン：谷口宏美・牧孝雄・栗田新一 
服飾デザイン：谷口宏美 
魔導具デザイン：江畑諒真・月田文律 
銃器デザイン：秋篠Denforword日和・大津直・月田文律 
プロップデザイン：森山洋・秋篠Denforword日和 
設定考証：鈴木貴昭
メインアニメーター：ほりうちひろゆき・栗田新一 
美術監督：平栁 悟 (アートスタジオ・ザオ)
色彩設計：中村千穂 
撮影監督：木舩颯人 
3DCGIディレクター：高橋将人 
特技監督：シュウ浩嵩 
編集：神宮司由美 
音楽：片山修志 
音響監督：岩浪美和 
アニメーション制作：NUT 
製作：幼女戦記2製作委員会

＜キャスト＞
ターニャ：悠木碧 
ヴィーシャ：早見沙織 
レルゲン：三木眞一郎 
ルーデルドルフ：玄田哲章 
ゼートゥーア：大塚芳忠  
ヴァイス：濱野大輝 
グランツ：小林裕介 
ケーニッヒ：笠間淳 
ノイマン：林大地 
ミケル：杉田智和 
ウィリアム・ドレイク：森川智之 
リリーヤ：日笠陽子 
メアリー：戸松遥 
カランドロ：花輪英司
＜第2期イントロダクション＞
統一暦1926年、秋。

ターニャ・フォン・デグレチャフ中佐は、
新編されるサラマンダー戦闘団の指揮官に任じられ、
再び苛烈な戦線へと身を投じる。

臨機応変に編成される戦闘団は見た目こそは精強だが、
その実は寄せ集めに過ぎなかった。

これで戦争を戦えるのか？
不条理な現実に吠えるターニャ。

追い打ちをかけたのは早すぎる連邦の冬だ。
帝国は出口のない泥沼でもがいていた。

各国が求めるのは、すべてを終わらせるための圧倒的勝利。
しかし、誰も知らない。
自分達が何を望んで、それが本当は何を意味するのかを。

抗いようもなく、ターニャは激動の最前線に立ち続ける――。

＜原作小説＞
1〜14巻好評発売中！B11:F12

著：カルロ・ゼン
イラスト：篠月しのぶ

＜コミカライズ＞
角川コミックス・エース
「幼女戦記」1〜34巻発売中！

漫画：東條チカ
原作：カルロ・ゼン
キャラクター原案：篠月しのぶ

©カルロ・ゼン・KADOKAWA刊／幼女戦記2製作委員会",2026-07-15T15:00:10Z,KADOKAWAanime,UCY5fcqgSrQItPAX_Z5Frmwg,613086,https://i.ytimg.com/vi/IVyvkwvsqW0/hqdefault.jpg,幼女戦記 ノンクレジットOP映像 MYTH ROID Why RED induction 幼女戦記 毎週水曜日放送中 オープニングテーマ MYTH ROID Why RED induction 配信 httpsnex-tonelinkGPsD8PYbf 公式HP httpsyoujo-senkijp 公式X httpsxcomyoujosenki 放送配信情報 2026年78よりTVアニメ放送開始 AT-X7月8日より 毎週曜 2130〜 TOKYO MX7月8日より 毎週曜 2330〜 サンテレビ7月8日より 毎週曜 2500〜 京都7月8日より 毎週曜 2530〜 117月8日より 毎週曜 2530〜 テレビ愛知7月8日より 毎週曜 2530〜 ABEMAdアニメストアにて地上波先最速配信 ABEMA78より 毎週曜 2300〜 dアニメストア78より 毎週曜 2300〜 7月11日土より毎週土曜 2300各配信サイトにて順次配信開始 スタッフ 原作カルロゼン キャラクター原案篠月しのぶ 監督山本貴之 シリーズ構成脚本猪原健太 キャラクターデザイン総作画監督細越裕治 サブキャラクターデザイン谷口宏美牧孝雄栗田新一 服飾デザイン谷口宏美 魔導具デザイン江畑諒真月田文律 銃器デザイン秋篠Denforword日和大津直月田文律 プロップデザイン森山洋秋篠Denforword日和 設定考証鈴木貴昭 メインアニメーターほりうちひろゆき栗田新一 美術監督平栁 悟 色彩設計中村千穂 撮影監督木舩颯人 3DCGIディレクター高橋将人 特技監督シュウ浩嵩 編集神宮司由美 音楽片山修志 音響監督岩浪美和 アニメーション制作NUT 製作幼女戦記2製作委員会 キャスト ターニャ悠木碧 ィーシャ早見沙織 レルゲン三木眞一郎 ルーデルドルフ玄田哲章 ゼートゥーア大塚芳忠 ァイス濱野大輝 グランツ小林裕介 ケーニッヒ笠間淳 ノイマン林大地 ミケル杉田智和 ウィリアムドレイク森川智之 リリーヤ日笠陽子 メアリー戸松遥 カランドロ花輪英司 イントロダクション 統一暦1926年秋 ターニャフォンデグレチャフ中佐は 新編されるサラマンダー戦闘団の指揮官に任じられ 再び苛烈な戦線へと身を投じる 臨機応変に編成される戦闘団は見た目こそは精強だが その実は寄せ集めに過ぎなかった これで戦争を戦えるのか 不条理な現実に吠えるターニャ 追い打ちをかけたのは早すぎる連邦の冬だ 帝国は出口のない泥沼でもがいていた 各国が求めるのはすべてを終わらせるための圧倒的勝利 しかし誰も知らない 自分達が何を望んでそれが本当は何を意味するのかを 抗いようもなくターニャは激動の最前線に立ち続ける 原作小説 1〜14巻好評発売中B11F12 著カルロゼン イラスト篠月しのぶ コミカライズ 角川コミックスエース 幼女戦記 1〜34巻発売中 漫画東條チカ 原作カルロゼン キャラクター原案篠月しのぶ カルロゼンKADOKAWA刊 幼女戦記2製作委員会,幼女戦記 ノンクレジットOP映像 MYTH ROID Why RED induction 幼女戦記 毎週水曜日放送中 オープニングテーマ MYTH ROID Why RED induction 配信 httpsnex-tonelinkGPsD8PYbf 公式HP httpsyoujo-senkijp 公式X httpsxcomyoujosenki 放送配信情報 2026年78よりTVアニメ放送開始 AT-X7月8日より 毎週曜 2130〜 TOKYO MX7月8日より 毎週曜 2330〜 サンテレビ7月8日より 毎週曜 2500〜 京都7月8日より 毎週曜 2530〜 117月8日より 毎週曜 2530〜 テレビ愛知7月8日より 毎週曜 2530〜 ABEMAdアニメストアにて地上波先最速配信 ABEMA78より 毎週曜 2300〜 dアニメストア78より 毎週曜 2300〜 7月11日土より毎週土曜 2300各配信サイトにて順次配信開始 スタッフ 原作カルロゼン キャラクター原案篠月しのぶ 監督山本貴之 シリーズ構成脚本猪原健太 キャラクターデザイン総作画監督細越裕治 サブキャラクターデザイン谷口宏美牧孝雄栗田新一 服飾デザイン谷口宏美 魔導具デザイン江畑諒真月田文律 銃器デザイン秋篠Denforword日和大津直月田文律 プロップデザイン森山洋秋篠Denforword日和 設定考証鈴木貴昭 メインアニメーターほりうちひろゆき栗田新一 美術監督平栁 悟 色彩設計中村千穂 撮影監督木舩颯人 3DCGIディレクター高橋将人 特技監督シュウ浩嵩 編集神宮司由美 音楽片山修志 音響監督岩浪美和 アニメーション制作NUT 製作幼女戦記2製作委員会 キャスト ターニャ悠木碧 ィーシャ早見沙織 レルゲン三木眞一郎 ルーデルドルフ玄田哲章 ゼートゥーア大塚芳忠 ァイス濱野大輝 グランツ小林裕介 ケーニッヒ笠間淳 ノイマン林大地 ミケル杉田智和 ウィリアムドレイク森川智之 リリーヤ日笠陽子 メアリー戸松遥 カランドロ花輪英司 イントロダクション 統一暦1926年秋 ターニャフォンデグレチャフ中佐は 新編されるサラマンダー戦闘団の指揮官に任じられ 再び苛烈な戦線へと身を投じる 臨機応変に編成される戦闘団は見た目こそは精強だが その実は寄せ集めに過ぎなかった これで戦争を戦えるのか 不条理な現実に吠えるターニャ 追い打ちをかけたのは早すぎる連邦の冬だ 帝国は出口のない泥沼でもがいていた 各国が求めるのはすべてを終わらせるための圧倒的勝利 しかし誰も知らない 自分達が何を望んでそれが本当は何を意味するのかを 抗いようもなくターニャは激動の最前線に立ち続ける 原作小説 1〜14巻好評発売中B11F12 著カルロゼン イラスト篠月しのぶ コミカライズ 角川コミックスエース 幼女戦記 1〜34巻発売中 漫画東條チカ 原作カルロゼン キャラクター原案篠月しのぶ カルロゼンKADOKAWA刊 幼女戦記2製作委員会,幼女戦記 ノンクレジットOP映像 MYTH ROID Why RED induction 幼女戦記 毎週水曜日放送中 オープニングテーマ MYTH ROID Why RED induction 配信 httpsnex-tonelinkGPsD8PYbf 公式HP httpsyoujo-senkijp 公式X httpsxcomyoujosenki 放送配信情報 2026年78よりTVアニメ放送開始 AT-X7月8日より 毎週曜 2130〜 TOKYO MX7月8日より 毎週曜 2330〜 サンテレビ7月8日より 毎週曜 2500〜 京都7月8日より 毎週曜 2530〜 117月8日より 毎週曜 2530〜 テレビ愛知7月8日より 毎週曜 2530〜 ABEMAdアニメストアにて地上波先最速配信 ABEMA78より 毎週曜 2300〜 dアニメストア78より 毎週曜 2300〜 7月11日土より毎週土曜 2300各配信サイトにて順次配信開始 スタッフ 原作カルロゼン キャラクター原案篠月しのぶ 監督山本貴之 シリーズ構成脚本猪原健太 キャラクターデザイン総作画監督細越裕治 サブキャラクターデザイン谷口宏美牧孝雄栗田新一 服飾デザイン谷口宏美 魔導具デザイン江畑諒真月田文律 銃器デザイン秋篠Denforword日和大津直月田文律 プロップデザイン森山洋秋篠Denforword日和 設定考証鈴木貴昭 メインアニメーターほりうちひろゆき栗田新一 美術監督平栁 悟 色彩設計中村千穂 撮影監督木舩颯人 3DCGIディレクター高橋将人 特技監督シュウ浩嵩 編集神宮司由美 音楽片山修志 音響監督岩浪美和 アニメーション制作NUT 製作幼女戦記2製作委員会 キャスト ターニャ悠木碧 ィーシャ早見沙織 レルゲン三木眞一郎 ルーデルドルフ玄田哲章 ゼートゥーア大塚芳忠 ァイス濱野大輝 グランツ小林裕介 ケーニッヒ笠間淳 ノイマン林大地 ミケル杉田智和 ウィリアムドレイク森川智之 リリーヤ日笠陽子 メアリー戸松遥 カランドロ花輪英司 イントロダクション 統一暦1926年秋 ターニャフォンデグレチャフ中佐は 新編されるサラマンダー戦闘団の指揮官に任じられ 再び苛烈な戦線へと身を投じる 臨機応変に編成される戦闘団は見た目こそは精強だが その実は寄せ集めに過ぎなかった これで戦争を戦えるのか 不条理な現実に吠えるターニャ 追い打ちをかけたのは早すぎる連邦の冬だ 帝国は出口のない泥沼でもがいていた 各国が求めるのはすべてを終わらせるための圧倒的勝利 しかし誰も知らない 自分達が何を望んでそれが本当は何を意味するのかを 抗いようもなくターニャは激動の最前線に立ち続ける 原作小説 1〜14巻好評発売中B11F12 著カルロゼン イラスト篠月しのぶ コミカライズ 角川コミックスエース 幼女戦記 1〜34巻発売中 漫画東條チカ 原作カルロゼン キャラクター原案篠月しのぶ カルロゼンKADOKAWA刊 幼女戦記2製作委員会,2,第2クール,op,OP,0,https://yt3.ggpht.com/ytc/AIdro_kBexGPE4xdlwIRGuLFEcoqtNFCi_8bWioG0HyHx7cSbvI=s800-c-k-c0x00ffffff-no-rj,3080000
UKcJqQqiXq0,『無職転生Ⅲ ～異世界行ったら本気だす～』ノンクレジットED映像／EDテーマ：「祈り、終われば」中島美嘉,"TVアニメ第3期
『無職転生Ⅲ ～異世界行ったら本気だす～』
エンディング映像ノンクレジット版

エンディングアニメーション：平野九・むつみ弘英

EDテーマ：「祈り、終われば」中島美嘉
配信▶https://smar.lnk.to/InoriOwareba
2026.8.26(水) CDリリース

------------------------------------------------
『無職転生Ⅲ ～異世界行ったら本気だす～』
毎週日曜 放送中
24:00 TOKYO MX・BS11／25:30 サンテレビ／24:45 KBS京都
ABEMA・dアニメストア地上波同時・最速先行配信
毎週水曜24:00 他配信サービス順次配信

原作：理不尽な孫の手（MFブックス／KADOKAWA刊）
キャラクター原案：シロタカ　　原作企画：フロンティアワークス
監督：渋谷亮介　シリーズ構成：渋谷亮介・谷内直人
キャラクターデザイン：嶋田真恵・古川良太
総作画監督：中野圭哉・嶋田聡史　美術監督：三宅昌和
色彩設計：土居真紀子　　撮影監督：頓所信二
編集：三嶋章紀　　音響監督：明田川仁　　音響効果：上野 励
音響制作：マジックカプセル　　音楽：藤澤慶昌
オープニングテーマ：「決意の唄」大原ゆい子
エンディングテーマ：「祈り、終われば」中島美嘉
プロデュース：EGG FIRM　　制作：スタジオバインド

【キャスト】
ルーデウス・グレイラット：内山夕実　　前世の男：杉田智和
シルフィエット・グレイラット：茅野愛衣　　ロキシー・ミグルディア・グレイラット：小原好美
ゼニス・グレイラット：金元寿子　リーリャ・グレイラット：Lynn　ノルン・グレイラット：会沢紗弥　アイシャ・グレイラット：高田憂希　ザノバ・シーローン：鶴岡聡　クリフ・グリモル：逢坂良太　エリナリーゼ・ドラゴンロード：田中理恵　ジュリ：諸星すみれ
アリエル・アネモイ・アスラ：上田麗奈　ルーク・ノトス・グレイラット：興津和幸　ナナホシ・シズカ：若山詩音
“甲龍王”ペルギウス・ドーラ：小山力也
エリス・グレイラット：加隈亜衣
ギレーヌ・デドルディア：豊口めぐみ
ニナ・ファリオン：戸松遥　ガル・ファリオン：稲田徹
オーベール・コルベット：小西克幸　イゾルテ・クルエール：日笠陽子　レイダ・リィア：横尾まり

公式サイト：https://mushokutensei.jp
公式X：https://x.com/mushokutensei_A
公式TikTok：http://tiktok.com/@mushokutensei_a

©理不尽な孫の手/MFブックス/「無職転生Ⅲ」製作委員会

#無職転生 #無職転生3期 #アニメ
-----------------------------------------------
TOHO animation
Portal Site：https://tohoanimation.jp/portal/
Official X(JP)：https://x.com/TOHOanimation
Official X(EN)：https://x.com/tohoanimationen
Official TikTok(JP)：https://www.tiktok.com/@tohoanimationch
Official TikTok(EN)：https://www.tiktok.com/@tohoanimationen
Official Instagram(JP)：https://www.instagram.com/tohoanimation_info/
Official Threads(JP)：https://www.threads.com/@tohoanimation_info/
-----------------------------------------------
TOHO animation STORE
Online Store：https://tohoanimationstore.com/shop/
Official X：https://x.com/TOHOanimeSTORE
-----------------------------------------------",2026-07-12T15:30:36Z,TOHO animation チャンネル,UC14Yc2Qv92DMuyNRlHvpo2Q,548455,https://i.ytimg.com/vi/UKcJqQqiXq0/hqdefault.jpg,無職転生 異世界行ったら本気だす ノンクレジットED映像 EDテーマ 祈り終われば 中島美嘉 TVアニメ 無職転生 異世界行ったら本気だす エンディング映像ノンクレジット版 エンディングアニメーション平野九むつみ弘英 EDテーマ 祈り終われば 中島美嘉 配信httpssmarlnktoInoriOwareba 2026826 CDリリース ------------------------------------------------ 無職転生 異世界行ったら本気だす 毎週日曜 放送中 2400 TOKYO MXBS11 2530 サンテレビ 2445 KBS京都 ABEMAdアニメストア地上波同時最速先行配信 毎週水曜2400 他配信サービス順次配信 原作理不尽な孫の手MFブックス KADOKAWA刊 キャラクター原案シロタカ 原作企画フロンティアワークス 監督渋谷亮介 シリーズ構成渋谷亮介谷内直人 キャラクターデザイン嶋田真恵古川良太 総作画監督中野圭哉嶋田聡史 美術監督三宅昌和 色彩設計土居真紀子 撮影監督頓所信二 編集三嶋章紀 音響監督明田川仁 音響効果上野 励 音響制作マジックカプセル 音楽藤澤慶昌 オープニングテーマ 決意の唄 大原ゆい子 エンディングテーマ 祈り終われば 中島美嘉 プロデュースEGG FIRM 制作スタジオバインド キャスト ルーデウスグレイラット内山夕実 前世の男杉田智和 シルフィエットグレイラット茅野愛衣 ロキシーミグルディアグレイラット小原好美 ゼニスグレイラット金元寿子 リーリャグレイラットLynn ノルングレイラット会沢紗弥 アイシャグレイラット高田憂希 ザノバシーローン鶴岡聡 クリフグリモル逢坂良太 エリナリーゼドラゴンロード田中理恵 ジュリ諸星すみれ アリエルアネモイアスラ上田麗奈 ルークノトスグレイラット興津和幸 ナナホシシズカ若山詩音 甲龍王ペルギウスドーラ小山力也 エリスグレイラット加隈亜衣 ギレーヌデドルディア豊口めぐみ ニナファリオン戸松遥 ガルファリオン稲田徹 オーベールコルベット小西克幸 イゾルテクルエール日笠陽子 レイダリィア横尾まり 公式サイトhttpsmushokutenseijp 公式XhttpsxcommushokutenseiA 公式TikTokhttptiktokcommushokutenseia 理不尽な孫の手MFブックス 無職転生 製作委員会 無職転生 無職転生3期 ----------------------------------------------- TOHO animation Portal Sitehttpstohoanimationjpportal X httpsxcomTOHOanimation X httpsxcomtohoanimationen TikTok httpswwwtiktokcomtohoanimationch TikTok httpswwwtiktokcomtohoanimationen Instagram httpswwwinstagramcomtohoanimationinfo Threads httpswwwthreadscomtohoanimationinfo ----------------------------------------------- TOHO animation STORE Online Storehttpstohoanimationstorecomshop XhttpsxcomTOHOanimeSTORE,無職転生 異世界行ったら本気だす ノンクレジットED映像 EDテーマ 祈り終われば 中島美嘉 TVアニメ 無職転生 異世界行ったら本気だす エンディング映像ノンクレジット版 エンディングアニメーション平野九むつみ弘英 EDテーマ 祈り終われば 中島美嘉 配信httpssmarlnktoInoriOwareba 2026826 CDリリース ------------------------------------------------ 無職転生 異世界行ったら本気だす 毎週日曜 放送中 2400 TOKYO MXBS11 2530 サンテレビ 2445 KBS京都 ABEMAdアニメストア地上波同時最速先行配信 毎週水曜2400 他配信サービス順次配信 原作理不尽な孫の手MFブックス KADOKAWA刊 キャラクター原案シロタカ 原作企画フロンティアワークス 監督渋谷亮介 シリーズ構成渋谷亮介谷内直人 キャラクターデザイン嶋田真恵古川良太 総作画監督中野圭哉嶋田聡史 美術監督三宅昌和 色彩設計土居真紀子 撮影監督頓所信二 編集三嶋章紀 音響監督明田川仁 音響効果上野 励 音響制作マジックカプセル 音楽藤澤慶昌 オープニングテーマ 決意の唄 大原ゆい子 エンディングテーマ 祈り終われば 中島美嘉 プロデュースEGG FIRM 制作スタジオバインド キャスト ルーデウスグレイラット内山夕実 前世の男杉田智和 シルフィエットグレイラット茅野愛衣 ロキシーミグルディアグレイラット小原好美 ゼニスグレイラット金元寿子 リーリャグレイラットLynn ノルングレイラット会沢紗弥 アイシャグレイラット高田憂希 ザノバシーローン鶴岡聡 クリフグリモル逢坂良太 エリナリーゼドラゴンロード田中理恵 ジュリ諸星すみれ アリエルアネモイアスラ上田麗奈 ルークノトスグレイラット興津和幸 ナナホシシズカ若山詩音 甲龍王ペルギウスドーラ小山力也 エリスグレイラット加隈亜衣 ギレーヌデドルディア豊口めぐみ ニナファリオン戸松遥 ガルファリオン稲田徹 オーベールコルベット小西克幸 イゾルテクルエール日笠陽子 レイダリィア横尾まり 公式サイトhttpsmushokutenseijp 公式XhttpsxcommushokutenseiA 公式TikTokhttptiktokcommushokutenseia 理不尽な孫の手MFブックス 無職転生 製作委員会 無職転生 無職転生3期 ----------------------------------------------- TOHO animation Portal Sitehttpstohoanimationjpportal X httpsxcomTOHOanimation X httpsxcomtohoanimationen TikTok httpswwwtiktokcomtohoanimationch TikTok httpswwwtiktokcomtohoanimationen Instagram httpswwwinstagramcomtohoanimationinfo Threads httpswwwthreadscomtohoanimationinfo ----------------------------------------------- TOHO animation STORE Online Storehttpstohoanimationstorecomshop XhttpsxcomTOHOanimeSTORE,無職転生 異世界行ったら本気だす ノンクレジットED映像 EDテーマ 祈り終われば 中島美嘉 TVアニメ 無職転生 異世界行ったら本気だす エンディング映像ノンクレジット版 エンディングアニメーション平野九むつみ弘英 EDテーマ 祈り終われば 中島美嘉 配信httpssmarlnktoInoriOwareba 2026826 CDリリース ------------------------------------------------ 無職転生 異世界行ったら本気だす 毎週日曜 放送中 2400 TOKYO MXBS11 2530 サンテレビ 2445 KBS京都 ABEMAdアニメストア地上波同時最速先行配信 毎週水曜2400 他配信サービス順次配信 原作理不尽な孫の手MFブックス KADOKAWA刊 キャラクター原案シロタカ 原作企画フロンティアワークス 監督渋谷亮介 シリーズ構成渋谷亮介谷内直人 キャラクターデザイン嶋田真恵古川良太 総作画監督中野圭哉嶋田聡史 美術監督三宅昌和 色彩設計土居真紀子 撮影監督頓所信二 編集三嶋章紀 音響監督明田川仁 音響効果上野 励 音響制作マジックカプセル 音楽藤澤慶昌 オープニングテーマ 決意の唄 大原ゆい子 エンディングテーマ 祈り終われば 中島美嘉 プロデュースEGG FIRM 制作スタジオバインド キャスト ルーデウスグレイラット内山夕実 前世の男杉田智和 シルフィエットグレイラット茅野愛衣 ロキシーミグルディアグレイラット小原好美 ゼニスグレイラット金元寿子 リーリャグレイラットLynn ノルングレイラット会沢紗弥 アイシャグレイラット高田憂希 ザノバシーローン鶴岡聡 クリフグリモル逢坂良太 エリナリーゼドラゴンロード田中理恵 ジュリ諸星すみれ アリエルアネモイアスラ上田麗奈 ルークノトスグレイラット興津和幸 ナナホシシズカ若山詩音 甲龍王ペルギウスドーラ小山力也 エリスグレイラット加隈亜衣 ギレーヌデドルディア豊口めぐみ ニナファリオン戸松遥 ガルファリオン稲田徹 オーベールコルベット小西克幸 イゾルテクルエール日笠陽子 レイダリィア横尾まり 公式サイトhttpsmushokutenseijp 公式XhttpsxcommushokutenseiA 公式TikTokhttptiktokcommushokutenseia 理不尽な孫の手MFブックス 無職転生 製作委員会 無職転生 無職転生3期 ----------------------------------------------- TOHO animation Portal Sitehttpstohoanimationjpportal X httpsxcomTOHOanimation X httpsxcomtohoanimationen TikTok httpswwwtiktokcomtohoanimationch TikTok httpswwwtiktokcomtohoanimationen Instagram httpswwwinstagramcomtohoanimationinfo Threads httpswwwthreadscomtohoanimationinfo ----------------------------------------------- TOHO animation STORE Online Storehttpstohoanimationstorecomshop XhttpsxcomTOHOanimeSTORE,3,第3クール,op,OP,0,https://yt3.ggpht.com/eWI91qDASaVas8dGoEkvje7u30u0Wo8buZBhtX9xsMnzGsgzJWiY4WLUzoDXimWFJBbNlc_OXA=s800-c-k-c0x00ffffff-no-rj,4440000
2xkn83S68sM,"TVアニメ『逃げ上手の若君』第二期ノンクレジットエンディングムービー(歌詞有)｜ぼっちぼろまる「ロマンティックがほしいなら feat. 小坂菜緒,正源司陽子,藤嶌果歩（日向坂46）」","TVアニメ『逃げ上手の若君』第二期エンディング・テーマ
ぼっちぼろまる「ロマンティックがほしいなら feat. 小坂菜緒,正源司陽子,藤嶌果歩（日向坂46）」
   ぼっちぼろまる/ https://x.com/borotchi
   日向坂46/https://x.com/hinatazaka46

Streaming＆Download
https://botchiboromaru.lnk.to/gSFZ8e

CD PKG（8/19 Release)
https://nigewaka.run/music/2nd.html

===========================
◆放送情報
7月17日より全国フジテレビ系“ノイタミナ”にて毎週金曜23時30分から放送中

◇配信情報
Prime Videoにて7月17日より毎週金曜24:00～見放題最速配信！
その他各配信プラットフォームにて7月21日より毎週火曜日12:00～ 順次配信

◆スタッフ
原作：松井優征（集英社ジャンプコミックス刊） 
監督：山﨑雄太 
シリーズ構成：冨田頼子 
キャラクターデザイン・総作画監督：西谷泰史 
副監督：川上雄介 
アニメーションディレクター：太田慎之介 
プロップデザイン：よごいぬ 
色彩設計：中島和子 
美術監督：小島あゆみ 
美術設定：taracod／takao 
建築考証：鴎 利一 
タイポグラフィ：濱 祐斗／山口真生 
撮影監督：佐久間悠也 
CGディレクター：任 杰／河北茉衣 
編集：平木大輔 
音響監督：藤田亜紀子 
音楽：GEMBI／立山秋航 
音響効果：三井友和 
制作：CloverWorks 
製作：逃げ上手の若君製作委員会

◇キャスト
北条時行： #結川あさき
雫： #矢野妃菜喜
弧次郎： #日野まり
亜也子： #鈴代紗弓
風間玄蕃： #悠木碧
吹雪： #戸谷菊之介
諏訪頼重： #中村悠一
足利尊氏： #小西克幸

◆主題歌情報
オープニング・テーマ：　＃中島健人「鬼事」
エンディング・テーマ：　＃ぼっちぼろまる「ロマンティックがほしいなら feat. 小坂菜緒,正源司陽子,藤嶌果歩（#日向坂46）」

◇イントロダクション
少年は逃げて英雄となる―――
鎌倉幕府滅亡から始まる一人の少年の物語

『魔人探偵脳噛ネウロ』『暗殺教室』の松井優征が描く、「週刊少年ジャンプ」で連載された大人気歴史スペクタクル漫画がアニメ化！鎌倉幕府滅亡の後、北条家の生き残り・北条時行が動乱の世を駆け抜ける！アニメーション制作は『ぼっち・ざ・ろっく！』 などを手掛ける「CloverWorks」が担当、監督は『ワンダーエッグ・プライオリティ』で副監督を務めた山﨑雄太、シリーズ構成に『その着せ替え人形は恋をする』の冨田頼子、キャラクターデザインに『劇場版ポケットモンスター ココ』で総作画監督を務めた西谷泰史など奇才 たちが集結し、美麗かつ迫力の映像で歴史の一片を紡ぐ！

◆プロローグ
西暦1333年、武士による日本統治の礎を築いた鎌倉幕府は、信頼していた幕臣・足利尊氏の謀反によって滅亡する。全てを失い、絶望の淵へと叩き落とされた幕府の正統後継者・北条時行は、神を名乗る神官・諏訪頼重の手引きで燃え落ちる鎌倉を脱出するのだった……。逃げ落ちてたどり着いた諏訪の地で、信頼できる仲間と「逃若党」を結成した時行は、「逃げて」「生きる」ことで苦難を乗り越え、大軍を率いる将としての実力を磨いていく。
一方、京では尊氏が権力を着実に増し、鎌倉では尊氏の弟・直義を筆頭にした新たな統治が人気を博していた。
時代が移ろう大きなうねりの中、時行の天下を取り戻す鬼ごっこの行方は――。

◇公式サイト
https://nigewaka.run/

◆公式X
https://x.com/nigewaka_anime
（推奨ハッシュタグ：#逃げ上手の若君 #逃げ若）

(C) 松井優征／集英社・逃げ上手の若君製作委員会",2026-07-17T15:00:05Z,アニプレックス チャンネル,UC14QT5j2nQI8lKBCGtrrBQA,572252,https://i.ytimg.com/vi/2xkn83S68sM/hqdefault.jpg,逃げ上手の若君 第二期ノンクレジットエンディングムービー ぼっちぼろまる ロマンティックがほしいなら feat 小坂菜緒正源司陽子藤嶌果歩日向坂46 逃げ上手の若君 第二期エンディング ぼっちぼろまる ロマンティックがほしいなら feat 小坂菜緒正源司陽子藤嶌果歩日向坂46 ぼっちぼろまる httpsxcomborotchi 日向坂46httpsxcomhinatazaka46 StreamingDownload httpsbotchiboromarulnktogSFZ8e CD PKG819 Release httpsnigewakarunmusic2ndhtml 放送情報 7月17日より全国フジテレビ系ノイタミナにて毎週金曜23時30分から放送中 配信情報 Prime Videoにて7月17日より毎週金曜2400見放題最速配信 その他各配信プラットフォームにて7月21日より毎週火曜日1200 順次配信 スタッフ 原作松井優征集英社ジャンプコミックス刊 監督山雄太 シリーズ構成冨田頼子 キャラクターデザイン総作画監督西谷泰史 副監督川上雄介 アニメーションディレクター太田慎之介 プロップデザインよごいぬ 色彩設計中島和子 美術監督小島あゆみ 美術設定taracod takao 建築考証鴎 利一 タイポグラフィ濱 祐斗 山口真生 撮影監督佐久間悠也 CGディレクター任 杰 河北茉衣 編集平木大輔 音響監督藤田亜紀子 音楽GEMBI 立山秋航 音響効果三井友和 制作CloverWorks 製作逃げ上手の若君製作委員会 キャスト 北条時行 結川あさき 雫 矢野妃菜喜 弧次郎 日野まり 亜也子 鈴代紗弓 風間玄蕃 悠木碧 吹雪 戸谷菊之介 諏訪頼重 中村悠一 足利尊氏 小西克幸 主題歌情報 中島健人 鬼事 ぼっちぼろまる ロマンティックがほしいなら feat 小坂菜緒正源司陽子藤嶌果歩日向坂46 イントロダクション 少年は逃げて英雄となる 鎌倉幕府滅亡から始まる一人の少年の物語 魔人探偵脳噛ネウロ 暗殺教室 の松井優征が描く 週刊少年ジャンプ で連載された大人気歴史スペクタクル漫画がアニメ化鎌倉幕府滅亡の後北条家の生き残り北条時行が動乱の世を駆け抜けるアニメーション制作は ぼっちざろっく などを手掛ける CloverWorks が担当監督は ワンダーエッグプライオリティ で副監督を務めた山雄太シリーズ構成に その着せ替え人形は恋をする の冨田頼子キャラクターデザインに 劇場版ポケットモンスター ココ で総作画監督を務めた西谷泰史など奇才 たちが集結し美麗かつ迫力の映像で歴史の一片を紡ぐ プロローグ 西暦1333年武士による日本統治の礎を築いた鎌倉幕府は信頼していた幕臣足利尊氏の謀反によって滅亡する全てを失い絶望の淵へと叩き落とされた幕府の正統後継者北条時行は神を名乗る神官諏訪頼重の手引きで燃え落ちる鎌倉を脱出するのだった逃げ落ちてたどり着いた諏訪の地で信頼できる仲間と 逃若党 を結成した時行は 逃げて 生きる ことで苦難を乗り越え大軍を率いる将としての実力を磨いていく 一方京では尊氏が権力を着実に増し鎌倉では尊氏の弟直義を筆頭にした新たな統治が人気を博していた 時代が移ろう大きなうねりの中時行の天下を取り戻す鬼ごっこの行方は 公式サイト httpsnigewakarun 公式X httpsxcomnigewakaanime 推奨ハッシュタグ逃げ上手の若君 逃げ若 松井優征 集英社逃げ上手の若君製作委員会,逃げ上手の若君 第二期ノンクレジットエンディングムービー ぼっちぼろまる ロマンティックがほしいなら feat 小坂菜緒正源司陽子藤嶌果歩日向坂46 逃げ上手の若君 第二期エンディング ぼっちぼろまる ロマンティックがほしいなら feat 小坂菜緒正源司陽子藤嶌果歩日向坂46 ぼっちぼろまる httpsxcomborotchi 日向坂46httpsxcomhinatazaka46 StreamingDownload httpsbotchiboromarulnktogSFZ8e CD PKG819 Release httpsnigewakarunmusic2ndhtml 放送情報 7月17日より全国フジテレビ系ノイタミナにて毎週金曜23時30分から放送中 配信情報 Prime Videoにて7月17日より毎週金曜2400見放題最速配信 その他各配信プラットフォームにて7月21日より毎週火曜日1200 順次配信 スタッフ 原作松井優征集英社ジャンプコミックス刊 監督山雄太 シリーズ構成冨田頼子 キャラクターデザイン総作画監督西谷泰史 副監督川上雄介 アニメーションディレクター太田慎之介 プロップデザインよごいぬ 色彩設計中島和子 美術監督小島あゆみ 美術設定taracod takao 建築考証鴎 利一 タイポグラフィ濱 祐斗 山口真生 撮影監督佐久間悠也 CGディレクター任 杰 河北茉衣 編集平木大輔 音響監督藤田亜紀子 音楽GEMBI 立山秋航 音響効果三井友和 制作CloverWorks 製作逃げ上手の若君製作委員会 キャスト 北条時行 結川あさき 雫 矢野妃菜喜 弧次郎 日野まり 亜也子 鈴代紗弓 風間玄蕃 悠木碧 吹雪 戸谷菊之介 諏訪頼重 中村悠一 足利尊氏 小西克幸 主題歌情報 中島健人 鬼事 ぼっちぼろまる ロマンティックがほしいなら feat 小坂菜緒正源司陽子藤嶌果歩日向坂46 イントロダクション 少年は逃げて英雄となる 鎌倉幕府滅亡から始まる一人の少年の物語 魔人探偵脳噛ネウロ 暗殺教室 の松井優征が描く 週刊少年ジャンプ で連載された大人気歴史スペクタクル漫画がアニメ化鎌倉幕府滅亡の後北条家の生き残り北条時行が動乱の世を駆け抜けるアニメーション制作は ぼっちざろっく などを手掛ける CloverWorks が担当監督は ワンダーエッグプライオリティ で副監督を務めた山雄太シリーズ構成に その着せ替え人形は恋をする の冨田頼子キャラクターデザインに 劇場版ポケットモンスター ココ で総作画監督を務めた西谷泰史など奇才 たちが集結し美麗かつ迫力の映像で歴史の一片を紡ぐ プロローグ 西暦1333年武士による日本統治の礎を築いた鎌倉幕府は信頼していた幕臣足利尊氏の謀反によって滅亡する全てを失い絶望の淵へと叩き落とされた幕府の正統後継者北条時行は神を名乗る神官諏訪頼重の手引きで燃え落ちる鎌倉を脱出するのだった逃げ落ちてたどり着いた諏訪の地で信頼できる仲間と 逃若党 を結成した時行は 逃げて 生きる ことで苦難を乗り越え大軍を率いる将としての実力を磨いていく 一方京では尊氏が権力を着実に増し鎌倉では尊氏の弟直義を筆頭にした新たな統治が人気を博していた 時代が移ろう大きなうねりの中時行の天下を取り戻す鬼ごっこの行方は 公式サイト httpsnigewakarun 公式X httpsxcomnigewakaanime 推奨ハッシュタグ逃げ上手の若君 逃げ若 松井優征 集英社逃げ上手の若君製作委員会,逃げ上手の若君 第二期ノンクレジットエンディングムービー ぼっちぼろまる ロマンティックがほしいなら feat 小坂菜緒正源司陽子藤嶌果歩日向坂46 逃げ上手の若君 第二期エンディング ぼっちぼろまる ロマンティックがほしいなら feat 小坂菜緒正源司陽子藤嶌果歩日向坂46 ぼっちぼろまる httpsxcomborotchi 日向坂46httpsxcomhinatazaka46 StreamingDownload httpsbotchiboromarulnktogSFZ8e CD PKG819 Release httpsnigewakarunmusic2ndhtml 放送情報 7月17日より全国フジテレビ系ノイタミナにて毎週金曜23時30分から放送中 配信情報 Prime Videoにて7月17日より毎週金曜2400見放題最速配信 その他各配信プラットフォームにて7月21日より毎週火曜日1200 順次配信 スタッフ 原作松井優征集英社ジャンプコミックス刊 監督山雄太 シリーズ構成冨田頼子 キャラクターデザイン総作画監督西谷泰史 副監督川上雄介 アニメーションディレクター太田慎之介 プロップデザインよごいぬ 色彩設計中島和子 美術監督小島あゆみ 美術設定taracod takao 建築考証鴎 利一 タイポグラフィ濱 祐斗 山口真生 撮影監督佐久間悠也 CGディレクター任 杰 河北茉衣 編集平木大輔 音響監督藤田亜紀子 音楽GEMBI 立山秋航 音響効果三井友和 制作CloverWorks 製作逃げ上手の若君製作委員会 キャスト 北条時行 結川あさき 雫 矢野妃菜喜 弧次郎 日野まり 亜也子 鈴代紗弓 風間玄蕃 悠木碧 吹雪 戸谷菊之介 諏訪頼重 中村悠一 足利尊氏 小西克幸 主題歌情報 中島健人 鬼事 ぼっちぼろまる ロマンティックがほしいなら feat 小坂菜緒正源司陽子藤嶌果歩日向坂46 イントロダクション 少年は逃げて英雄となる 鎌倉幕府滅亡から始まる一人の少年の物語 魔人探偵脳噛ネウロ 暗殺教室 の松井優征が描く 週刊少年ジャンプ で連載された大人気歴史スペクタクル漫画がアニメ化鎌倉幕府滅亡の後北条家の生き残り北条時行が動乱の世を駆け抜けるアニメーション制作は ぼっちざろっく などを手掛ける CloverWorks が担当監督は ワンダーエッグプライオリティ で副監督を務めた山雄太シリーズ構成に その着せ替え人形は恋をする の冨田頼子キャラクターデザインに 劇場版ポケットモンスター ココ で総作画監督を務めた西谷泰史など奇才 たちが集結し美麗かつ迫力の映像で歴史の一片を紡ぐ プロローグ 西暦1333年武士による日本統治の礎を築いた鎌倉幕府は信頼していた幕臣足利尊氏の謀反によって滅亡する全てを失い絶望の淵へと叩き落とされた幕府の正統後継者北条時行は神を名乗る神官諏訪頼重の手引きで燃え落ちる鎌倉を脱出するのだった逃げ落ちてたどり着いた諏訪の地で信頼できる仲間と 逃若党 を結成した時行は 逃げて 生きる ことで苦難を乗り越え大軍を率いる将としての実力を磨いていく 一方京では尊氏が権力を着実に増し鎌倉では尊氏の弟直義を筆頭にした新たな統治が人気を博していた 時代が移ろう大きなうねりの中時行の天下を取り戻す鬼ごっこの行方は 公式サイト httpsnigewakarun 公式X httpsxcomnigewakaanime 推奨ハッシュタグ逃げ上手の若君 逃げ若 松井優征 集英社逃げ上手の若君製作委員会,2,第2クール,op,OP,0,https://yt3.ggpht.com/vG4F6wBFAfaSV13GbkSjmy8rMNMYi7rSs2jxitmaMrqNrWWc9Yvdmh6FlkREnPu0mquEsUvk3g=s800-c-k-c0x00ffffff-no-rj,3900000
_gBcPnxRXDY,水樹奈々「CRIMSON BULLET」 | 魔法少女リリカルなのは EXCEEDS Gun Blaze Vengeance | ノンクレジットOP,"【毎週土曜日25時よりTOKYO MX,BS11にて放送中！】
「魔法少女リリカルなのは」シリーズ完全新作TVアニメーション「魔法少女リリカルなのは EXCEEDS Gun Blaze Vengeance」水樹奈々が歌うオープニングテーマ「CRIMSON BULLET」のノンクレジット映像を公開！

✦official HP：https://www.nanoha.com/EXGV/
✦official X：https://x.com/exgv_official

✦特報映像  ：https://www.youtube.com/watch?v=N-ra-1vbWwo
✦特報PV 　：https://www.youtube.com/watch?v=TzvGIjaMbYE
✦CM集　　：https://www.youtube.com/watch?v=i2jGPCNFN0g 
✦PV第1弾：https://www.youtube.com/watch?v=0kgUsF8R7JM
✦PV第2弾：https://youtu.be/4IcEbMCW-FU?si=_oGQeTtwGYyRMl4s

✦INTRODUCTION✦
30年前に現れた未知の「侵略性外来生物」によって、世界は一度滅びかけた。

人類とその生物「侵略種」は互いに生活圏を争い、
現在はかろうじて人類の安全が確保されているものの、世界はいつ滅びてもおかしくない。
人々は死と滅びを恐れながら、危険や災害から目を逸らすように日常を生きている。

そんな世界の中、国連危険生物調査機関「EXCEEDS」は、侵略種による危機と災害を退けるために活動を開始した。

物語のはじまりは極東の島国「瑞穂」。
離島で暮らす、侵略種駆除ハンターの少女・久瀬シイナ。
たったひとりの家族である妹セツナと静かに暮らすことを望むシイナに訪れる事件とは――？

✦MAIN CAST✦
久瀬シイナ：橘 杏咲
久瀬セツナ：日高里菜

高町なのは：田村ゆかり
フェイト・T・ハラオウン：水樹奈々
八神はやて：植田佳奈
八神リイン：ゆかな

夜海トワ：結川あさき
相沢シオリ：千春
喜多森ユーナ：小林愛香
新名アオイ：伊藤彩沙
古寺ユズ：青木陽菜

篠宮マナ：上坂すみれ
ほか

✦MAIN STAFF✦
原作・脚本：都築真紀 
監督：浜名孝行 
副監督：佐藤博暉 
キャラクターデザイン・総作画監督：新垣一成 
サブキャラクターデザイン：平原みなみ、井戸田あかね、牧 孝雄 
キャラクター・デバイス・バリアジャケット原案：川上修一 
デバイスデザイン：大河広行 
武器デザイン：村松尚雄 
クリーチャーデザイン：森木靖泰 
プロップデザイン：鈴木典孝、岩畑剛一 
色彩設計：吉田小百合 
美術設定：妹脊百合子（キューン・プラント） 
美術監督：中尾陽子（キューン・プラント）3DCG：グラフィニカ　　3DCG監督：五来聖文 
撮影監督：二村文章 
編集：関 一彦 
音響監督：ハマノカズゾウ
音楽：塩野 海 
アニメーション制作：Seven Arcs 

✦MUSIC✦
オープニングテーマ：水樹奈々「CRIMSON BULLET」
エンディングテーマ：青木陽菜「Ephemeral」

✦INFORMATION✦
＜連載・コミックス情報＞
講談社「水曜日のシリウス」等にて毎月第１・第３水曜日連載中！
コミックス1～2巻発売中！
https://nanoha.com/EXGV/#top 

©NANOHA EXCEEDS PROJECT
＃なのはEXGV 
文字起こし",2026-07-11T16:30:21Z,魔法少女リリカルなのは YouTube OFFICIAL CHANNEL,UCryNrgY4lfJgYkhMNgwHPMg,526792,https://i.ytimg.com/vi/_gBcPnxRXDY/hqdefault.jpg,水樹奈 CRIMSON BULLET 魔法少女リリカルなのは EXCEEDS Gun Blaze Vengeance ノンクレジットOP 毎週土曜日25時よりTOKYO MXBS11にて放送中 魔法少女リリカルなのは シリーズ完全新作TVアニメーション 魔法少女リリカルなのは EXCEEDS Gun Blaze Vengeance 水樹奈が歌うオープニングテーマ CRIMSON BULLET のノンクレジット映像を公開 HPhttpswwwnanohacomEXGV Xhttpsxcomexgvofficial 特報映像 httpswwwyoutubecomwatchvN-ra-1vbWwo 特報PV httpswwwyoutubecomwatchvTzvGIjaMbYE CM集 httpswwwyoutubecomwatchvi2jGPCNFN0g PV第1弾httpswwwyoutubecomwatchv0kgUsF8R7JM PV第2弾httpsyoutube4IcEbMCW-FUsioGQeTtwGYyRMl4s INTRODUCTION 30年前に現れた未知の 侵略性外来生物 によって世界は一度滅びかけた 人類とその生物 侵略種 は互いに生活圏を争い 現在はかろうじて人類の安全が確保されているものの世界はいつ滅びてもおかしくない 人は死と滅びを恐れながら危険や災害から目を逸らすように日常を生きている そんな世界の中国連危険生物調査機関 EXCEEDS は侵略種による危機と災害を退けるために活動を開始した 物語のはじまりは極東の島国 瑞穂 離島で暮らす侵略種駆除ハンターの少女久瀬シイナ たったひとりの家族である妹セツナと静かに暮らすことを望むシイナに訪れる事件とは MAIN CAST 久瀬シイナ橘 杏咲 久瀬セツナ日高里菜 高町なのは田村ゆかり フェイトTハラオウン水樹奈 八神はやて植田佳奈 八神リインゆかな 夜海トワ結川あさき 相沢シオリ千春 喜多森ユーナ小林愛香 新名アオイ伊藤彩沙 古寺ユズ青木陽菜 篠宮マナ上坂すみれ ほか MAIN STAFF 原作脚本都築真紀 監督浜名孝行 副監督佐藤博暉 キャラクターデザイン総作画監督新垣一成 サブキャラクターデザイン平原みなみ井戸田あかね牧 孝雄 キャラクターデバイスバリアジャケット原案川上修一 デバイスデザイン大河広行 武器デザイン村松尚雄 クリーチャーデザイン森木靖泰 プロップデザイン鈴木典孝岩畑剛一 色彩設計吉田小百合 美術設定妹脊百合子キューンプラント 美術監督中尾陽子キューンプラント3DCGグラフィニカ 3DCG監督五来聖文 撮影監督二村文章 編集関 一彦 音響監督ハマノカズゾウ 音楽塩野 海 アニメーション制作Seven Arcs MUSIC オープニングテーマ水樹奈 CRIMSON BULLET エンディングテーマ青木陽菜 Ephemeral INFORMATION 連載コミックス情報 講談社 水曜日のシリウス 等にて毎月第第水曜日連載中 コミックス12巻発売中 httpsnanohacomEXGVtop NANOHA EXCEEDS PROJECT なのはEXGV 文字起こし,水樹奈 CRIMSON BULLET 魔法少女リリカルなのは EXCEEDS Gun Blaze Vengeance ノンクレジットOP 毎週土曜日25時よりTOKYO MXBS11にて放送中 魔法少女リリカルなのは シリーズ完全新作TVアニメーション 魔法少女リリカルなのは EXCEEDS Gun Blaze Vengeance 水樹奈が歌うオープニングテーマ CRIMSON BULLET のノンクレジット映像を公開 HPhttpswwwnanohacomEXGV Xhttpsxcomexgvofficial 特報映像 httpswwwyoutubecomwatchvN-ra-1vbWwo 特報PV httpswwwyoutubecomwatchvTzvGIjaMbYE CM集 httpswwwyoutubecomwatchvi2jGPCNFN0g PV第1弾httpswwwyoutubecomwatchv0kgUsF8R7JM PV第2弾httpsyoutube4IcEbMCW-FUsioGQeTtwGYyRMl4s INTRODUCTION 30年前に現れた未知の 侵略性外来生物 によって世界は一度滅びかけた 人類とその生物 侵略種 は互いに生活圏を争い 現在はかろうじて人類の安全が確保されているものの世界はいつ滅びてもおかしくない 人は死と滅びを恐れながら危険や災害から目を逸らすように日常を生きている そんな世界の中国連危険生物調査機関 EXCEEDS は侵略種による危機と災害を退けるために活動を開始した 物語のはじまりは極東の島国 瑞穂 離島で暮らす侵略種駆除ハンターの少女久瀬シイナ たったひとりの家族である妹セツナと静かに暮らすことを望むシイナに訪れる事件とは MAIN CAST 久瀬シイナ橘 杏咲 久瀬セツナ日高里菜 高町なのは田村ゆかり フェイトTハラオウン水樹奈 八神はやて植田佳奈 八神リインゆかな 夜海トワ結川あさき 相沢シオリ千春 喜多森ユーナ小林愛香 新名アオイ伊藤彩沙 古寺ユズ青木陽菜 篠宮マナ上坂すみれ ほか MAIN STAFF 原作脚本都築真紀 監督浜名孝行 副監督佐藤博暉 キャラクターデザイン総作画監督新垣一成 サブキャラクターデザイン平原みなみ井戸田あかね牧 孝雄 キャラクターデバイスバリアジャケット原案川上修一 デバイスデザイン大河広行 武器デザイン村松尚雄 クリーチャーデザイン森木靖泰 プロップデザイン鈴木典孝岩畑剛一 色彩設計吉田小百合 美術設定妹脊百合子キューンプラント 美術監督中尾陽子キューンプラント3DCGグラフィニカ 3DCG監督五来聖文 撮影監督二村文章 編集関 一彦 音響監督ハマノカズゾウ 音楽塩野 海 アニメーション制作Seven Arcs MUSIC オープニングテーマ水樹奈 CRIMSON BULLET エンディングテーマ青木陽菜 Ephemeral INFORMATION 連載コミックス情報 講談社 水曜日のシリウス 等にて毎月第第水曜日連載中 コミックス12巻発売中 httpsnanohacomEXGVtop NANOHA EXCEEDS PROJECT なのはEXGV 文字起こし,水樹奈 CRIMSON BULLET 魔法少女リリカルなのは EXCEEDS Gun Blaze Vengeance ノンクレジットOP 毎週土曜日25時よりTOKYO MXBS11にて放送中 魔法少女リリカルなのは シリーズ完全新作TVアニメーション 魔法少女リリカルなのは EXCEEDS Gun Blaze Vengeance 水樹奈が歌うオープニングテーマ CRIMSON BULLET のノンクレジット映像を公開 HPhttpswwwnanohacomEXGV Xhttpsxcomexgvofficial 特報映像 httpswwwyoutubecomwatchvN-ra-1vbWwo 特報PV httpswwwyoutubecomwatchvTzvGIjaMbYE CM集 httpswwwyoutubecomwatchvi2jGPCNFN0g PV第1弾httpswwwyoutubecomwatchv0kgUsF8R7JM PV第2弾httpsyoutube4IcEbMCW-FUsioGQeTtwGYyRMl4s INTRODUCTION 30年前に現れた未知の 侵略性外来生物 によって世界は一度滅びかけた 人類とその生物 侵略種 は互いに生活圏を争い 現在はかろうじて人類の安全が確保されているものの世界はいつ滅びてもおかしくない 人は死と滅びを恐れながら危険や災害から目を逸らすように日常を生きている そんな世界の中国連危険生物調査機関 EXCEEDS は侵略種による危機と災害を退けるために活動を開始した 物語のはじまりは極東の島国 瑞穂 離島で暮らす侵略種駆除ハンターの少女久瀬シイナ たったひとりの家族である妹セツナと静かに暮らすことを望むシイナに訪れる事件とは MAIN CAST 久瀬シイナ橘 杏咲 久瀬セツナ日高里菜 高町なのは田村ゆかり フェイトTハラオウン水樹奈 八神はやて植田佳奈 八神リインゆかな 夜海トワ結川あさき 相沢シオリ千春 喜多森ユーナ小林愛香 新名アオイ伊藤彩沙 古寺ユズ青木陽菜 篠宮マナ上坂すみれ ほか MAIN STAFF 原作脚本都築真紀 監督浜名孝行 副監督佐藤博暉 キャラクターデザイン総作画監督新垣一成 サブキャラクターデザイン平原みなみ井戸田あかね牧 孝雄 キャラクターデバイスバリアジャケット原案川上修一 デバイスデザイン大河広行 武器デザイン村松尚雄 クリーチャーデザイン森木靖泰 プロップデザイン鈴木典孝岩畑剛一 色彩設計吉田小百合 美術設定妹脊百合子キューンプラント 美術監督中尾陽子キューンプラント3DCGグラフィニカ 3DCG監督五来聖文 撮影監督二村文章 編集関 一彦 音響監督ハマノカズゾウ 音楽塩野 海 アニメーション制作Seven Arcs MUSIC オープニングテーマ水樹奈 CRIMSON BULLET エンディングテーマ青木陽菜 Ephemeral INFORMATION 連載コミックス情報 講談社 水曜日のシリウス 等にて毎月第第水曜日連載中 コミックス12巻発売中 httpsnanohacomEXGVtop NANOHA EXCEEDS PROJECT なのはEXGV 文字起こし,99,未分類,op,OP,0,https://yt3.ggpht.com/pJQtN708-HL5_ulw00DtEvslVYzvqMSkfE-IGVzkz3Fc7x_OM3TgJ1B6uzGe4RxrHj6aiXxG=s800-c-k-c0x00ffffff-no-rj,71700
wTPWul-o-UY,「ガン・バルゼーのテーマ」遠藤正明 | TVアニメ『令和のダラさん』第六怪特殊エンディング映像,"「激昂無頼 ガン・バルゼー」は元々約40年前にテレビ放送され、人気を博したロボットアニメ。
バルゼーヒート、バルゼーフウガ、バルゼーミードの三機のマシンが合体することで無敵のロボット、ガン・バルゼーとなる。

＜第六怪エンディング主題歌＞ 
「ガン・バルゼーのテーマ」遠藤正明
作詞：ともつか治臣
作曲：遠藤正明
編曲：三宅博文
URL：https://lnk.to/LZC-3579 

絵コンテ：大河広行・芳山優
演出：鈴木理人
デザインワークス：大河広行
メカ作監：芳山優
キャラ作監：菊田幸一
原画：山下将仁・大河広行・毛利和昭・谷口欣孝・竹澤清貴・髙木啓明・呑暮星史・長田信博・芳山優・でじばいどん・矢野淳・吉田徹・小山りょう・佐野浩敏・ことぶきつかさ・松尾慎・坂本ハヤト・おーばりまさみ

＜Lyric＞
ガンガンガガン
ガンガガン

元旦祝日夏休み
奴らが来るのに
休みなし
戦友（とも）と手を取り
跳ね起きろ

宿れ怒りの
魂魄よ
唸れ無頼の
覚悟の牙よー

ガンガンガガン
ガンガンガガン
激昂無頼

やるぜゆくぜ
オレが殺（と）るぜ
ガン・バルゼー

＜放送情報＞
2026年7月2日（木）22：30よりTOKYO MXほかにて放送開始

TOKYO MX 2026 年7月2日（木）22：30~放送開始
カンテレ 2026 年7月2日（木）25：45~放送開始
ＢＳ日テレ 2026 年7月2日（木）23：00~放送開始
AT-X（令和の時代に大丈夫なの!?Ver.） 
2026 年7月2日（木） 21：30〜放送開始
毎週月曜日  9：30〜  ※リピート放送 
毎週水曜日  15：30〜   ※リピート放送

＜配信情報＞
dアニメストア、ABEMAにて地上波先行・最速配信決定！
7月2日（木）より毎週木曜 22：00～

その他サイトでも順次配信予定！
AnimeFesta／DMM TV／ＦＯＤ／HAPPY!動画／Hulu／J:COM STREAM／Lemino／milplus 見放題パックプライム／Prime Video／TELASA／TVer／U-NEXT／アニメ放題／カンテレドーガ／ニコニコ／バンダイチャンネル／ムービーフルPlus

※配信日時は予告なく変更する場合がございます。詳細は各配信サービスにてご確認ください。
※他配信サービスでも順次配信予定

＜イントロダクション＞
山奥の集落に、立ち入りを固く禁じられてきた“忌み地”がある。
怪しげな様相の祠が佇むその場所は、踏み入れば祟られ、命を落とすことすらあるという。

その山を代々管理する三十木谷家に生まれた日向と薫。
ある嵐の夜、禁忌の地に踏み入った二人は、
巨大な蛇体を持つ祟り神・屋跨斑（ヤマタギマダラ）に遭遇してしまう———。

……のだが、二人は怪異を恐れるどころか
「ダラさん」と親しげに呼び、あっさり懐いてしまった！

「わし一応、祟り神なんじゃが！？」

怖いもの知らずの日向と薫に振り回され、気づけば怪異がツッコミ役に！？

悲しい過去を持つダラさんと自由すぎるきょうだいが織りなす、
騒がしくもハートフルな日々――。
令和が生んだ新感覚オカルト＆コメディ、いざ開幕！

＜スタッフ＞
原作：ともつか治臣(「令和のダラさん」／KADOKAWA刊)
監督：鈴木理人　
シリーズ構成：木村 暢・山田靖智　
キャラクターデザイン：菊田幸一
衣装デザイン：竹本佳子・牛ノ濱由惟・山﨑理璃花　
怪異デザイン：度会竜司・見原　由真
プロップデザイン：池上理恵
色彩設計：吉田隼人
美術設定：友野加世子・乗末美穂・大久保修一
美術監督：丸山由紀子・竹越輝子　美術：アトリエムサ
撮影監督：何 文馨　撮影：旭プロダクション
編集：石井亜美　音響監督：桑原一輝
音響制作：INSPIONエッジ
音楽：石塚玲依
音楽制作：ランティス
オープニング主題歌：「ダラダラ♡ダンシング」　
エンディング主題歌：REIRIE「ひなたぼっこ」
アニメーション制作：旭プロダクション

＜キャスト＞
ダラさん：#田村睦心
三十木谷日向：#津田美波
三十木谷薫：#寺澤百花
初瀬川周：#古賀葵
筆木直道：#杉田智和
五十子美和：#相沢舞
姉巫女：#早見沙織
おろち：#大塚芳忠
ナレーション：#てらそままさき

＜公式情報＞
アニメ公式サイト：https://www.darasan-anime.com/
アニメ公式X：@darasan_anime
推奨ハッシュタグ：#令和のダラさん　#darasan",2026-08-06T14:00:38Z,KADOKAWAanime,UCY5fcqgSrQItPAX_Z5Frmwg,503090,https://i.ytimg.com/vi/wTPWul-o-UY/hqdefault.jpg,ガンバルゼーのテーマ 遠藤正明 令和のダラさん 第六怪特殊エンディング映像 激昂無頼 ガンバルゼー は元約40年前にテレビ放送され人気を博したロボットアニメ バルゼーヒートバルゼーフウガバルゼーミードの三機のマシンが合体することで無敵のロボットガンバルゼーとなる 第六怪エンディング主題歌 ガンバルゼーのテーマ 遠藤正明 作詞ともつか治臣 作曲遠藤正明 編曲三宅博文 URLhttpslnktoLZC-3579 絵コンテ大河広行芳山優 演出鈴木理人 デザインワークス大河広行 メカ作監芳山優 キャラ作監菊田幸一 原画山下将仁大河広行毛利和昭谷口欣孝竹澤清貴髙木啓明呑暮星史長田信博芳山優でじばいどん矢野淳吉田徹小山りょう佐野浩敏ことぶきつかさ松尾慎坂本ハヤトおーばりまさみ Lyric ガンガンガガン ガンガガン 元旦祝日夏休み 奴らが来るのに 休みなし 戦友ともと手を取り 跳ね起きろ 宿れ怒りの 魂魄よ 唸れ無頼の 覚悟の牙よー ガンガンガガン ガンガンガガン 激昂無頼 やるぜゆくぜ オレが殺とるぜ ガンバルゼー 放送情報 2026年7月2日木2230よりTOKYO MXほかにて放送開始 TOKYO MX 2026 年7月2日木2230放送開始 カンテレ 2026 年7月2日木2545放送開始 日テレ 2026 年7月2日木2300放送開始 AT-X令和の時代に大丈夫なの 2026 年7月2日木 2130〜放送開始 毎週月曜日 930〜 リピート放送 毎週水曜日 1530〜 リピート放送 配信情報 dアニメストアABEMAにて地上波先行最速配信決定 7月2日木より毎週木曜 2200 その他サイトでも順次配信予定 AnimeFesta DMM TV HAPPY動画 Hulu JCOM STREAM Lemino milplus 見放題パックプライム Prime Video TELASA TVer U-NEXT アニメ放題 カンテレドーガ ニコニコ バンダイチャンネル ムービーフルPlus 配信日時は予告なく変更する場合がございます詳細は各配信サービスにてご確認ください 他配信サービスでも順次配信予定 イントロダクション 山奥の集落に立ち入りを固く禁じられてきた忌み地がある 怪しげな様相の祠が佇むその場所は踏み入れば祟られ命を落とすことすらあるという その山を代管理する三十木谷家に生まれた日向と薫 ある嵐の夜禁忌の地に踏み入った二人は 巨大な蛇体を持つ祟り神屋跨斑ヤマタギマダラに遭遇してしまう のだが二人は怪異を恐れるどころか ダラさん と親しげに呼びあっさり懐いてしまった わし一応祟り神なんじゃが 怖いもの知らずの日向と薫に振り回され気づけば怪異がツッコミ役に 悲しい過去を持つダラさんと自由すぎるきょうだいが織りなす 騒がしくもハートフルな日 令和が生んだ新感覚オカルトコメディいざ開幕 スタッフ 原作ともつか治臣 監督鈴木理人 シリーズ構成木村 暢山田靖智 キャラクターデザイン菊田幸一 衣装デザイン竹本佳子牛ノ濱由惟山理璃花 怪異デザイン度会竜司見原 由真 プロップデザイン池上理恵 色彩設計吉田隼人 美術設定友野加世子乗末美穂大久保修一 美術監督丸山由紀子竹越輝子 美術アトリエムサ 撮影監督何 文馨 撮影旭プロダクション 編集石井亜美 音響監督桑原一輝 音響制作INSPIONエッジ 音楽石塚玲依 音楽制作ランティス オープニング主題歌 ダラダラダンシング エンディング主題歌REIRIE ひなたぼっこ アニメーション制作旭プロダクション キャスト ダラさん田村睦心 三十木谷日向津田美波 三十木谷薫寺澤百花 初瀬川周古賀葵 筆木直道杉田智和 五十子美和相沢舞 姉巫女早見沙織 おろち大塚芳忠 ナレーションてらそままさき 公式情報 アニメ公式サイトhttpswwwdarasan- com アニメ公式Xdarasananime 推奨ハッシュタグ令和のダラさん darasan,ガンバルゼーのテーマ 遠藤正明 令和のダラさん 第六怪特殊エンディング映像 激昂無頼 ガンバルゼー は元約40年前にテレビ放送され人気を博したロボットアニメ バルゼーヒートバルゼーフウガバルゼーミードの三機のマシンが合体することで無敵のロボットガンバルゼーとなる 第六怪エンディング主題歌 ガンバルゼーのテーマ 遠藤正明 作詞ともつか治臣 作曲遠藤正明 編曲三宅博文 URLhttpslnktoLZC-3579 絵コンテ大河広行芳山優 演出鈴木理人 デザインワークス大河広行 メカ作監芳山優 キャラ作監菊田幸一 原画山下将仁大河広行毛利和昭谷口欣孝竹澤清貴髙木啓明呑暮星史長田信博芳山優でじばいどん矢野淳吉田徹小山りょう佐野浩敏ことぶきつかさ松尾慎坂本ハヤトおーばりまさみ Lyric ガンガンガガン ガンガガン 元旦祝日夏休み 奴らが来るのに 休みなし 戦友ともと手を取り 跳ね起きろ 宿れ怒りの 魂魄よ 唸れ無頼の 覚悟の牙よー ガンガンガガン ガンガンガガン 激昂無頼 やるぜゆくぜ オレが殺とるぜ ガンバルゼー 放送情報 2026年7月2日木2230よりTOKYO MXほかにて放送開始 TOKYO MX 2026 年7月2日木2230放送開始 カンテレ 2026 年7月2日木2545放送開始 日テレ 2026 年7月2日木2300放送開始 AT-X令和の時代に大丈夫なの 2026 年7月2日木 2130〜放送開始 毎週月曜日 930〜 リピート放送 毎週水曜日 1530〜 リピート放送 配信情報 dアニメストアABEMAにて地上波先行最速配信決定 7月2日木より毎週木曜 2200 その他サイトでも順次配信予定 AnimeFesta DMM TV HAPPY動画 Hulu JCOM STREAM Lemino milplus 見放題パックプライム Prime Video TELASA TVer U-NEXT アニメ放題 カンテレドーガ ニコニコ バンダイチャンネル ムービーフルPlus 配信日時は予告なく変更する場合がございます詳細は各配信サービスにてご確認ください 他配信サービスでも順次配信予定 イントロダクション 山奥の集落に立ち入りを固く禁じられてきた忌み地がある 怪しげな様相の祠が佇むその場所は踏み入れば祟られ命を落とすことすらあるという その山を代管理する三十木谷家に生まれた日向と薫 ある嵐の夜禁忌の地に踏み入った二人は 巨大な蛇体を持つ祟り神屋跨斑ヤマタギマダラに遭遇してしまう のだが二人は怪異を恐れるどころか ダラさん と親しげに呼びあっさり懐いてしまった わし一応祟り神なんじゃが 怖いもの知らずの日向と薫に振り回され気づけば怪異がツッコミ役に 悲しい過去を持つダラさんと自由すぎるきょうだいが織りなす 騒がしくもハートフルな日 令和が生んだ新感覚オカルトコメディいざ開幕 スタッフ 原作ともつか治臣 監督鈴木理人 シリーズ構成木村 暢山田靖智 キャラクターデザイン菊田幸一 衣装デザイン竹本佳子牛ノ濱由惟山理璃花 怪異デザイン度会竜司見原 由真 プロップデザイン池上理恵 色彩設計吉田隼人 美術設定友野加世子乗末美穂大久保修一 美術監督丸山由紀子竹越輝子 美術アトリエムサ 撮影監督何 文馨 撮影旭プロダクション 編集石井亜美 音響監督桑原一輝 音響制作INSPIONエッジ 音楽石塚玲依 音楽制作ランティス オープニング主題歌 ダラダラダンシング エンディング主題歌REIRIE ひなたぼっこ アニメーション制作旭プロダクション キャスト ダラさん田村睦心 三十木谷日向津田美波 三十木谷薫寺澤百花 初瀬川周古賀葵 筆木直道杉田智和 五十子美和相沢舞 姉巫女早見沙織 おろち大塚芳忠 ナレーションてらそままさき 公式情報 アニメ公式サイトhttpswwwdarasan- com アニメ公式Xdarasananime 推奨ハッシュタグ令和のダラさん darasan,ガンバルゼーのテーマ 遠藤正明 令和のダラさん 第六怪特殊エンディング映像 激昂無頼 ガンバルゼー は元約40年前にテレビ放送され人気を博したロボットアニメ バルゼーヒートバルゼーフウガバルゼーミードの三機のマシンが合体することで無敵のロボットガンバルゼーとなる 第六怪エンディング主題歌 ガンバルゼーのテーマ 遠藤正明 作詞ともつか治臣 作曲遠藤正明 編曲三宅博文 URLhttpslnktoLZC-3579 絵コンテ大河広行芳山優 演出鈴木理人 デザインワークス大河広行 メカ作監芳山優 キャラ作監菊田幸一 原画山下将仁大河広行毛利和昭谷口欣孝竹澤清貴髙木啓明呑暮星史長田信博芳山優でじばいどん矢野淳吉田徹小山りょう佐野浩敏ことぶきつかさ松尾慎坂本ハヤトおーばりまさみ Lyric ガンガンガガン ガンガガン 元旦祝日夏休み 奴らが来るのに 休みなし 戦友ともと手を取り 跳ね起きろ 宿れ怒りの 魂魄よ 唸れ無頼の 覚悟の牙よー ガンガンガガン ガンガンガガン 激昂無頼 やるぜゆくぜ オレが殺とるぜ ガンバルゼー 放送情報 2026年7月2日木2230よりTOKYO MXほかにて放送開始 TOKYO MX 2026 年7月2日木2230放送開始 カンテレ 2026 年7月2日木2545放送開始 日テレ 2026 年7月2日木2300放送開始 AT-X令和の時代に大丈夫なの 2026 年7月2日木 2130〜放送開始 毎週月曜日 930〜 リピート放送 毎週水曜日 1530〜 リピート放送 配信情報 dアニメストアABEMAにて地上波先行最速配信決定 7月2日木より毎週木曜 2200 その他サイトでも順次配信予定 AnimeFesta DMM TV HAPPY動画 Hulu JCOM STREAM Lemino milplus 見放題パックプライム Prime Video TELASA TVer U-NEXT アニメ放題 カンテレドーガ ニコニコ バンダイチャンネル ムービーフルPlus 配信日時は予告なく変更する場合がございます詳細は各配信サービスにてご確認ください 他配信サービスでも順次配信予定 イントロダクション 山奥の集落に立ち入りを固く禁じられてきた忌み地がある 怪しげな様相の祠が佇むその場所は踏み入れば祟られ命を落とすことすらあるという その山を代管理する三十木谷家に生まれた日向と薫 ある嵐の夜禁忌の地に踏み入った二人は 巨大な蛇体を持つ祟り神屋跨斑ヤマタギマダラに遭遇してしまう のだが二人は怪異を恐れるどころか ダラさん と親しげに呼びあっさり懐いてしまった わし一応祟り神なんじゃが 怖いもの知らずの日向と薫に振り回され気づけば怪異がツッコミ役に 悲しい過去を持つダラさんと自由すぎるきょうだいが織りなす 騒がしくもハートフルな日 令和が生んだ新感覚オカルトコメディいざ開幕 スタッフ 原作ともつか治臣 監督鈴木理人 シリーズ構成木村 暢山田靖智 キャラクターデザイン菊田幸一 衣装デザイン竹本佳子牛ノ濱由惟山理璃花 怪異デザイン度会竜司見原 由真 プロップデザイン池上理恵 色彩設計吉田隼人 美術設定友野加世子乗末美穂大久保修一 美術監督丸山由紀子竹越輝子 美術アトリエムサ 撮影監督何 文馨 撮影旭プロダクション 編集石井亜美 音響監督桑原一輝 音響制作INSPIONエッジ 音楽石塚玲依 音楽制作ランティス オープニング主題歌 ダラダラダンシング エンディング主題歌REIRIE ひなたぼっこ アニメーション制作旭プロダクション キャスト ダラさん田村睦心 三十木谷日向津田美波 三十木谷薫寺澤百花 初瀬川周古賀葵 筆木直道杉田智和 五十子美和相沢舞 姉巫女早見沙織 おろち大塚芳忠 ナレーションてらそままさき 公式情報 アニメ公式サイトhttpswwwdarasan- com アニメ公式Xdarasananime 推奨ハッシュタグ令和のダラさん darasan,99,未分類,op,OP,0,https://yt3.ggpht.com/ytc/AIdro_kBexGPE4xdlwIRGuLFEcoqtNFCi_8bWioG0HyHx7cSbvI=s800-c-k-c0x00ffffff-no-rj,3080000
GOfC_4qCa9c,オリジナルTVアニメ『さよならララ』オープニング映像 |いきものがかり「さよならララ」,"何気ないけど輝かしい、ララの滋賀での新たな出会いと日常――
＜セル画＞を取り入れた柔らかく優しいオープニング映像。
放送までの歩みと情熱が込められた手書きのスタッフクレジットにもご注目下さい。

オープニングテーマ：いきものがかり「さよならララ」

歌：吉岡聖恵
作詞・作曲：水野良樹
編曲：亀田誠治
（EPIC Records Japan）

✨

「出会った。まだ知らない。あなたと。」

キネマシトラス15周年記念作品 
オリジナルTVアニメ―ション『さよならララ』、2026年7月放送。

✨放送情報✨
TOKYO MX 7/5(日)より毎週日曜24：30～
BS朝日 7/5(日)より毎週日曜25：30～
読売テレビ 7/6(月)より毎週月曜25：59～
AT-X 7/6 (月)より毎週月曜21：30～
[リピート放送]毎週水曜9：30～ 毎週金曜15：30～
※放送日時は変更となる可能性があります。

各配信サイトにて7月5日(日)24：30より地上波同時配信！

✨スタッフ・キャスト✨
原作：キネマシトラス
監督：小出卓史
シリーズ構成：川原杏奈
キャラクターデザイン：谷紫織
美術監督：藤野真里（スタジオPablo）
色彩設計：相澤里佳　
撮影監督：出水田和人（T2studio）
編集：黒澤雅之
グラフィックデザイン：濱 祐斗・山口真生
深海イメージ：MON
ウォーターアーティスト：吉邉尚希　
音響監督：山田陽
音楽：yuma yamaguchi 
音楽制作：KADOKAWA

オープニングテーマ：「さよならララ」いきものがかり
エンディングテーマ： 「Hearts Glow」Hana Hope

シニアプロデューサー：小笠原宗紀 
チームプロデューサー：石川祥気
クリエイティブプロデューサー：森山菜月
アニメーション制作：キネマシトラス
 
製作：「さよならララ」製作委員会

ララ役：#菱川花菜
大津茉里役：#川石奈奈
グレイス役：#深見梨加
ルカ役：#村瀬歩
大津祥弥役：#大野智敬
大津誠役：#真殿光昭
大津江万役：#住友七絵
ローワン役：#てらそままさき
リサ役：#津田美波
コータ役：#山本和臣

✨イントロダクション✨
昔々あるところに、ララという人魚のプリンセスがおりました。
海の王である父と、姉たちに愛されて、すくすくと育ちました。
 
ある日、ララは地上に生きる人間の王子に恋をしてしまいます。
それは人魚たちの世界では許されぬ、禁じられた恋でした。
 
それでもララは地上へ旅立ちます。
魔女グレイスにもらった薬を飲み、人間の姿になったのです。
 
しかしそれは、”本当の愛”を見つけなければ、
泡となって消えてしまう禁忌の薬でした。
 
人魚のプリンセスでありながら、人間との愛を望んだララ。
けれど———その願いは叶わず、泡となって海へ消えてしまうのでした。
 
それから200年。
長い時を経て、人魚姫ララは琵琶湖に蘇る。
今度こそ“本当の愛”を見つけるために———

✨公式SNS✨
●TVアニメ公式サイト
https://goodbyelara.com  

●TVアニメ公式X
@Goodbye_Lara（ https://x.com/Goodbye_Lara ）

©キネマシトラス／「さよならララ」製作委員会",2026-07-12T16:00:27Z,KADOKAWAanime,UCY5fcqgSrQItPAX_Z5Frmwg,484104,https://i.ytimg.com/vi/GOfC_4qCa9c/hqdefault.jpg,オリジナルTVアニメ さよならララ オープニング映像 いきものがかり さよならララ 何気ないけど輝かしいララの滋賀での新たな出会いと日常 セル画を取り入れた柔らかく優しいオープニング映像 放送までの歩みと情熱が込められた手書きのスタッフクレジットにもご注目下さい オープニングテーマいきものがかり さよならララ 歌吉岡聖恵 作詞作曲水野良樹 編曲亀田誠治 EPIC Records Japan 出会ったまだ知らないあなたと キネマシトラス15周年記念作品 オリジナルTVアニメション さよならララ 2026年7月放送 放送情報 TOKYO MX 75 より毎週日曜2430 BS朝日 75 より毎週日曜2530 読売テレビ 76 より毎週月曜2559 AT-X 76 より毎週月曜2130 毎週水曜930 毎週金曜1530 放送日時は変更となる可能性があります 各配信サイトにて7月5日 2430より地上波同時配信 スタッフキャスト 原作キネマシトラス 監督小出卓史 シリーズ構成川原杏奈 キャラクターデザイン谷紫織 美術監督藤野真里スタジオPablo 色彩設計相澤里佳 撮影監督出水田和人T2studio 編集黒澤雅之 グラフィックデザイン濱 祐斗山口真生 深海イメージMON ウォーターアーティスト吉邉尚希 音響監督山田陽 音楽yuma yamaguchi 音楽制作KADOKAWA オープニングテーマ さよならララ いきものがかり エンディングテーマ Hearts Glow Hana Hope シニアプロデューサー小笠原宗紀 チームプロデューサー石川祥気 クリエイティブプロデューサー森山菜月 アニメーション制作キネマシトラス 製作 さよならララ 製作委員会 ララ役菱川花菜 大津茉里役川石奈奈 グレイス役深見梨加 ルカ役村瀬歩 大津祥弥役大野智敬 大津誠役真殿光昭 大津江万役住友七絵 ローワン役てらそままさき リサ役津田美波 コータ役山本和臣 イントロダクション 昔あるところにララという人魚のプリンセスがおりました 海の王である父と姉たちに愛されてすくすくと育ちました ある日ララは地上に生きる人間の王子に恋をしてしまいます それは人魚たちの世界では許されぬ禁じられた恋でした それでもララは地上へ旅立ちます 魔女グレイスにもらった薬を飲み人間の姿になったのです しかしそれは本当の愛を見つけなければ 泡となって消えてしまう禁忌の薬でした 人魚のプリンセスでありながら人間との愛を望んだララ けれどその願いは叶わず泡となって海へ消えてしまうのでした それから200年 長い時を経て人魚姫ララは琵琶湖に蘇る 今度こそ本当の愛を見つけるために 公式SNS TVアニメ公式サイト httpsgoodbyelaracom TVアニメ公式X GoodbyeLara httpsxcomGoodbyeLara キネマシトラス さよならララ 製作委員会,オリジナルTVアニメ さよならララ オープニング映像 いきものがかり さよならララ 何気ないけど輝かしいララの滋賀での新たな出会いと日常 セル画を取り入れた柔らかく優しいオープニング映像 放送までの歩みと情熱が込められた手書きのスタッフクレジットにもご注目下さい オープニングテーマいきものがかり さよならララ 歌吉岡聖恵 作詞作曲水野良樹 編曲亀田誠治 EPIC Records Japan 出会ったまだ知らないあなたと キネマシトラス15周年記念作品 オリジナルTVアニメション さよならララ 2026年7月放送 放送情報 TOKYO MX 75 より毎週日曜2430 BS朝日 75 より毎週日曜2530 読売テレビ 76 より毎週月曜2559 AT-X 76 より毎週月曜2130 毎週水曜930 毎週金曜1530 放送日時は変更となる可能性があります 各配信サイトにて7月5日 2430より地上波同時配信 スタッフキャスト 原作キネマシトラス 監督小出卓史 シリーズ構成川原杏奈 キャラクターデザイン谷紫織 美術監督藤野真里スタジオPablo 色彩設計相澤里佳 撮影監督出水田和人T2studio 編集黒澤雅之 グラフィックデザイン濱 祐斗山口真生 深海イメージMON ウォーターアーティスト吉邉尚希 音響監督山田陽 音楽yuma yamaguchi 音楽制作KADOKAWA オープニングテーマ さよならララ いきものがかり エンディングテーマ Hearts Glow Hana Hope シニアプロデューサー小笠原宗紀 チームプロデューサー石川祥気 クリエイティブプロデューサー森山菜月 アニメーション制作キネマシトラス 製作 さよならララ 製作委員会 ララ役菱川花菜 大津茉里役川石奈奈 グレイス役深見梨加 ルカ役村瀬歩 大津祥弥役大野智敬 大津誠役真殿光昭 大津江万役住友七絵 ローワン役てらそままさき リサ役津田美波 コータ役山本和臣 イントロダクション 昔あるところにララという人魚のプリンセスがおりました 海の王である父と姉たちに愛されてすくすくと育ちました ある日ララは地上に生きる人間の王子に恋をしてしまいます それは人魚たちの世界では許されぬ禁じられた恋でした それでもララは地上へ旅立ちます 魔女グレイスにもらった薬を飲み人間の姿になったのです しかしそれは本当の愛を見つけなければ 泡となって消えてしまう禁忌の薬でした 人魚のプリンセスでありながら人間との愛を望んだララ けれどその願いは叶わず泡となって海へ消えてしまうのでした それから200年 長い時を経て人魚姫ララは琵琶湖に蘇る 今度こそ本当の愛を見つけるために 公式SNS TVアニメ公式サイト httpsgoodbyelaracom TVアニメ公式X GoodbyeLara httpsxcomGoodbyeLara キネマシトラス さよならララ 製作委員会,オリジナルTVアニメ さよならララ オープニング映像 いきものがかり さよならララ 何気ないけど輝かしいララの滋賀での新たな出会いと日常 セル画を取り入れた柔らかく優しいオープニング映像 放送までの歩みと情熱が込められた手書きのスタッフクレジットにもご注目下さい オープニングテーマいきものがかり さよならララ 歌吉岡聖恵 作詞作曲水野良樹 編曲亀田誠治 EPIC Records Japan 出会ったまだ知らないあなたと キネマシトラス15周年記念作品 オリジナルTVアニメション さよならララ 2026年7月放送 放送情報 TOKYO MX 75 より毎週日曜2430 BS朝日 75 より毎週日曜2530 読売テレビ 76 より毎週月曜2559 AT-X 76 より毎週月曜2130 毎週水曜930 毎週金曜1530 放送日時は変更となる可能性があります 各配信サイトにて7月5日 2430より地上波同時配信 スタッフキャスト 原作キネマシトラス 監督小出卓史 シリーズ構成川原杏奈 キャラクターデザイン谷紫織 美術監督藤野真里スタジオPablo 色彩設計相澤里佳 撮影監督出水田和人T2studio 編集黒澤雅之 グラフィックデザイン濱 祐斗山口真生 深海イメージMON ウォーターアーティスト吉邉尚希 音響監督山田陽 音楽yuma yamaguchi 音楽制作KADOKAWA オープニングテーマ さよならララ いきものがかり エンディングテーマ Hearts Glow Hana Hope シニアプロデューサー小笠原宗紀 チームプロデューサー石川祥気 クリエイティブプロデューサー森山菜月 アニメーション制作キネマシトラス 製作 さよならララ 製作委員会 ララ役菱川花菜 大津茉里役川石奈奈 グレイス役深見梨加 ルカ役村瀬歩 大津祥弥役大野智敬 大津誠役真殿光昭 大津江万役住友七絵 ローワン役てらそままさき リサ役津田美波 コータ役山本和臣 イントロダクション 昔あるところにララという人魚のプリンセスがおりました 海の王である父と姉たちに愛されてすくすくと育ちました ある日ララは地上に生きる人間の王子に恋をしてしまいます それは人魚たちの世界では許されぬ禁じられた恋でした それでもララは地上へ旅立ちます 魔女グレイスにもらった薬を飲み人間の姿になったのです しかしそれは本当の愛を見つけなければ 泡となって消えてしまう禁忌の薬でした 人魚のプリンセスでありながら人間との愛を望んだララ けれどその願いは叶わず泡となって海へ消えてしまうのでした それから200年 長い時を経て人魚姫ララは琵琶湖に蘇る 今度こそ本当の愛を見つけるために 公式SNS TVアニメ公式サイト httpsgoodbyelaracom TVアニメ公式X GoodbyeLara httpsxcomGoodbyeLara キネマシトラス さよならララ 製作委員会,99,未分類,op,OP,0,https://yt3.ggpht.com/ytc/AIdro_kBexGPE4xdlwIRGuLFEcoqtNFCi_8bWioG0HyHx7cSbvI=s800-c-k-c0x00ffffff-no-rj,3080000
01Vgu7BIxmI,TVアニメ『きみが死ぬまで恋をしたい』ノンクレジットオープニング映像｜ReoNa「Amore」,"TVアニメ「きみが死ぬまで恋をしたい」
オープニング主題歌「Amore」#ReoNa
作詞・作曲・編曲：Pan（LIVE LAB.）

💐Animation Staff
絵コンテ・演出・原画：堀 雅歩
作画監督：油布京子
料理・草花作画監督：愛甲剣士
第二原画：青山澪奈、内山光一、柏木さやか、河合 駿、高木 傑、髙橋尚也、都築美穂、福島果林、丸山敬太、LO Studio
色指定検査：ステラ 永井唯香
動画：青山澪奈、柏木さやか、河合 駿、後藤みなみ、高木 傑、福島果林
仕上：松浦友里枝、LO Studio
美術：草薙
背景美術：中田洵輝、相川 仁、清木亜夕、根本邦明、吉本悠華、内谷祐太
背景協力：FSE DA THAO、THI BINH、XUAN BINH、QUANG CHINH、MY TAM、DUC ANH、KIEU DUNG
背景進行：平田浩章
背景進行補佐：前田紗希、竹村美音、THU YEN、TAN DAT
撮影：Cypic 許 庭禎、入江夏未、前田智大、平山一光、伊藤 茜、石田寛季、菊池優太郎、南川 創、張 子英、岡﨑正春 
制作進行：菅野里帆
——————————

「生きたい」なんて、知らなかった。
戦争用兵器として育てられる少女たちの生と死と恋の物語、
2026年7月7日より大好評放送中。

💐ON AIR
2026年7月7日(火)よりAT-X、TOKYO MX、WOWOWほかにて放送開始
AT-X
7月7日(火)より　毎週火曜日21：30～
≪リピート放送≫毎週木曜日9：30～／毎週月曜日15：30～
TOKYO MX、KBS京都、サンテレビ、BS11　
7月7日(火)より　毎週火曜日24：30～
WOWOW
7月14日(火)より　毎週火曜日24：00～＜全話無料放送＞

💐STREAMING 
dアニメストア・U-NEXT・アニメ放題にて地上波先行・最速配信決定
dアニメストア・U-NEXT・アニメ放題　7月7日（火）より毎週火曜 24：00～
その他サイト　7月10日（金）より毎週金曜 24：00～

💐Cast
トツキ・シーナ：#高橋李依
カガリ・ミミ：#日高里菜
リジィ・セイラン：#瀬戸麻沙美
モード・アリ：#石川由依
フラン：#内山夕実
オミ：#茅野愛衣

💐staff
原作：あおのなち（コミック百合姫／一迅社刊）
監督：友田 康
副監督：榎本直央
クリエイティブアドバイザー：かくちたくだい
シリーズ構成・脚本：花田十輝
キャラクターデザイン：油布京子
プロップデザイン：中山奈々
美術デザイン：綱頭瑛子(草薙)
美術監督：中田洵輝(草薙)
色彩設計：中野尚美(ステラ)、永井唯香(ステラ)
撮影監督：許庭禎（Cypic）
3Dディレクター：千野勝平(CHOTOTU)
編集：瀧川三智(REAL-T)
音楽：橋本由香利、未知瑠
音響監督：明田川仁
音響効果：安藤由衣
アニメーションプロデューサー：應地一晃
プロデュース：インフィニット
プロダクトサポート：EVOLROAR
アニメーション制作：ROLL2

💐Introduction
身寄りのない子供を戦争用の兵器として育てる学校に通う少女たち。
人を殺すための授業、誰が死んでも悲しむことさえままならない日常。
ここは不条理で、常に死と隣り合わせの日々が、「当たり前」な世界。
「どうしてみんな平気なの？」
自分の境遇を受け入れられずにいる14才のシーナはある夜、血まみれの小さな女の子・ミミと出会う――
どんな現実が訪れようとも、生きていく。
これはそんな少女たちが見つける、あどけない願いの物語。

💐MUSIC
OP主題歌「Amore」#ReoNa
　作詞・作曲・編曲：Pan（LIVE LAB.）
ED主題歌「エテルネル」sajou no hana
　作詞：sana
　作曲：藤原彩豊
    編曲：湯浅 篤

■TVアニメ公式サイト
https://kimishinu-anime.com/
■アニメ公式X
https://x.com/anime_kimishinu/
■原作公式X
https://x.com/kimishinu/

📖原作情報
「一迅プラス」にて大好評連載中！
『きみが死ぬまで恋をしたい』コミックス第1巻～第8巻
＆『きみが死ぬまで恋をしたい side stories』大好評発売中！

©あおのなち・一迅社／「きみ死ぬ」製作委員会
©Nachi Aono, Ichijinsha/KIMISHINU Partners

#きみが死ぬまで恋をしたい　#きみ死ぬアニメ",2026-07-14T16:00:07Z,KADOKAWAanime,UCY5fcqgSrQItPAX_Z5Frmwg,487294,https://i.ytimg.com/vi/01Vgu7BIxmI/hqdefault.jpg,きみが死ぬまで恋をしたい ノンクレジットオープニング映像 ReoNa Amore きみが死ぬまで恋をしたい オープニング主題歌 Amore ReoNa 作詞作曲編曲PanLIVE LAB Animation Staff 絵コンテ演出原画堀 雅歩 作画監督油布京子 料理草花作画監督愛甲剣士 第二原画青山澪奈内山光一柏木さやか河合 駿高木 傑髙橋尚也都築美穂福島果林丸山敬太LO Studio 色指定検査ステラ 永井唯香 動画青山澪奈柏木さやか河合 駿後藤みなみ高木 傑福島果林 仕上松浦友里枝LO Studio 美術草薙 背景美術中田洵輝相川 仁清木亜夕根本邦明吉本悠華内谷祐太 背景協力FSE DA THAOTHI BINHXUAN BINHQUANG CHINHMY TAMDUC ANHKIEU DUNG 背景進行平田浩章 背景進行補佐前田紗希竹村美音THU YENTAN DAT 撮影Cypic 許 庭禎入江夏未前田智大平山一光伊藤 茜石田寛季菊池優太郎南川 創張 子英岡正春 制作進行菅野里帆 生きたい なんて知らなかった 戦争用兵器として育てられる少女たちの生と死と恋の物語 2026年7月7日より大好評放送中 ON AIR 2026年7月7日 よりAT-XTOKYO MXWOWOWほかにて放送開始 AT-X 7月7日 より 毎週火曜日2130 リピート放送毎週木曜日930 毎週月曜日1530 TOKYO MXKBS京都サンテレビBS11 7月7日 より 毎週火曜日2430 WOWOW 7月14日 より 毎週火曜日2400全話無料放送 STREAMING dアニメストアU-NEXTアニメ放題にて地上波先行最速配信決定 dアニメストアU-NEXTアニメ放題 7月7日火より毎週火曜 2400 その他サイト 7月10日金より毎週金曜 2400 Cast トツキシーナ高橋李依 カガリミミ日高里菜 リジィセイラン瀬戸麻沙美 モードアリ石川由依 フラン内山夕実 オミ茅野愛衣 staff 原作あおのなちコミック百合姫 一迅社刊 監督友田 康 副監督榎本直央 クリエイティブアドバイザーかくちたくだい シリーズ構成脚本花田十輝 キャラクターデザイン油布京子 プロップデザイン中山奈 美術デザイン綱頭瑛子 美術監督中田洵輝 色彩設計中野尚美 永井唯香 撮影監督許庭禎Cypic 3Dディレクター千野勝平 編集瀧川三智 音楽橋本由香利未知瑠 音響監督明田川仁 音響効果安藤由衣 アニメーションプロデューサー應地一晃 プロデュースインフィニット プロダクトサポートEVOLROAR アニメーション制作ROLL2 Introduction 身寄りのない子供を戦争用の兵器として育てる学校に通う少女たち 人を殺すための授業誰が死んでも悲しむことさえままならない日常 ここは不条理で常に死と隣り合わせの日が 当たり前 な世界 どうしてみんな平気なの 自分の境遇を受け入れられずにいる14才のシーナはある夜血まみれの小さな女の子ミミと出会う どんな現実が訪れようとも生きていく これはそんな少女たちが見つけるあどけない願いの物語 MUSIC OP主題歌 Amore ReoNa 作詞作曲編曲PanLIVE LAB ED主題歌 エテルネル sajou no hana 作詞sana 作曲藤原彩豊 編曲湯浅 篤 TVアニメ公式サイト httpskimishinu- com アニメ公式X httpsxcomanimekimishinu 原作公式X httpsxcomkimishinu 原作情報 一迅プラス にて大好評連載中 きみが死ぬまで恋をしたい コミックス第1巻第8巻 きみが死ぬまで恋をしたい side stories 大好評発売中 あおのなち一迅社 きみ死ぬ 製作委員会 Nachi Aono IchijinshaKIMISHINU Partners きみが死ぬまで恋をしたい きみ死ぬアニメ,きみが死ぬまで恋をしたい ノンクレジットオープニング映像 ReoNa Amore きみが死ぬまで恋をしたい オープニング主題歌 Amore ReoNa 作詞作曲編曲PanLIVE LAB Animation Staff 絵コンテ演出原画堀 雅歩 作画監督油布京子 料理草花作画監督愛甲剣士 第二原画青山澪奈内山光一柏木さやか河合 駿高木 傑髙橋尚也都築美穂福島果林丸山敬太LO Studio 色指定検査ステラ 永井唯香 動画青山澪奈柏木さやか河合 駿後藤みなみ高木 傑福島果林 仕上松浦友里枝LO Studio 美術草薙 背景美術中田洵輝相川 仁清木亜夕根本邦明吉本悠華内谷祐太 背景協力FSE DA THAOTHI BINHXUAN BINHQUANG CHINHMY TAMDUC ANHKIEU DUNG 背景進行平田浩章 背景進行補佐前田紗希竹村美音THU YENTAN DAT 撮影Cypic 許 庭禎入江夏未前田智大平山一光伊藤 茜石田寛季菊池優太郎南川 創張 子英岡正春 制作進行菅野里帆 生きたい なんて知らなかった 戦争用兵器として育てられる少女たちの生と死と恋の物語 2026年7月7日より大好評放送中 ON AIR 2026年7月7日 よりAT-XTOKYO MXWOWOWほかにて放送開始 AT-X 7月7日 より 毎週火曜日2130 リピート放送毎週木曜日930 毎週月曜日1530 TOKYO MXKBS京都サンテレビBS11 7月7日 より 毎週火曜日2430 WOWOW 7月14日 より 毎週火曜日2400全話無料放送 STREAMING dアニメストアU-NEXTアニメ放題にて地上波先行最速配信決定 dアニメストアU-NEXTアニメ放題 7月7日火より毎週火曜 2400 その他サイト 7月10日金より毎週金曜 2400 Cast トツキシーナ高橋李依 カガリミミ日高里菜 リジィセイラン瀬戸麻沙美 モードアリ石川由依 フラン内山夕実 オミ茅野愛衣 staff 原作あおのなちコミック百合姫 一迅社刊 監督友田 康 副監督榎本直央 クリエイティブアドバイザーかくちたくだい シリーズ構成脚本花田十輝 キャラクターデザイン油布京子 プロップデザイン中山奈 美術デザイン綱頭瑛子 美術監督中田洵輝 色彩設計中野尚美 永井唯香 撮影監督許庭禎Cypic 3Dディレクター千野勝平 編集瀧川三智 音楽橋本由香利未知瑠 音響監督明田川仁 音響効果安藤由衣 アニメーションプロデューサー應地一晃 プロデュースインフィニット プロダクトサポートEVOLROAR アニメーション制作ROLL2 Introduction 身寄りのない子供を戦争用の兵器として育てる学校に通う少女たち 人を殺すための授業誰が死んでも悲しむことさえままならない日常 ここは不条理で常に死と隣り合わせの日が 当たり前 な世界 どうしてみんな平気なの 自分の境遇を受け入れられずにいる14才のシーナはある夜血まみれの小さな女の子ミミと出会う どんな現実が訪れようとも生きていく これはそんな少女たちが見つけるあどけない願いの物語 MUSIC OP主題歌 Amore ReoNa 作詞作曲編曲PanLIVE LAB ED主題歌 エテルネル sajou no hana 作詞sana 作曲藤原彩豊 編曲湯浅 篤 TVアニメ公式サイト httpskimishinu- com アニメ公式X httpsxcomanimekimishinu 原作公式X httpsxcomkimishinu 原作情報 一迅プラス にて大好評連載中 きみが死ぬまで恋をしたい コミックス第1巻第8巻 きみが死ぬまで恋をしたい side stories 大好評発売中 あおのなち一迅社 きみ死ぬ 製作委員会 Nachi Aono IchijinshaKIMISHINU Partners きみが死ぬまで恋をしたい きみ死ぬアニメ,きみが死ぬまで恋をしたい ノンクレジットオープニング映像 ReoNa Amore きみが死ぬまで恋をしたい オープニング主題歌 Amore ReoNa 作詞作曲編曲PanLIVE LAB Animation Staff 絵コンテ演出原画堀 雅歩 作画監督油布京子 料理草花作画監督愛甲剣士 第二原画青山澪奈内山光一柏木さやか河合 駿高木 傑髙橋尚也都築美穂福島果林丸山敬太LO Studio 色指定検査ステラ 永井唯香 動画青山澪奈柏木さやか河合 駿後藤みなみ高木 傑福島果林 仕上松浦友里枝LO Studio 美術草薙 背景美術中田洵輝相川 仁清木亜夕根本邦明吉本悠華内谷祐太 背景協力FSE DA THAOTHI BINHXUAN BINHQUANG CHINHMY TAMDUC ANHKIEU DUNG 背景進行平田浩章 背景進行補佐前田紗希竹村美音THU YENTAN DAT 撮影Cypic 許 庭禎入江夏未前田智大平山一光伊藤 茜石田寛季菊池優太郎南川 創張 子英岡正春 制作進行菅野里帆 生きたい なんて知らなかった 戦争用兵器として育てられる少女たちの生と死と恋の物語 2026年7月7日より大好評放送中 ON AIR 2026年7月7日 よりAT-XTOKYO MXWOWOWほかにて放送開始 AT-X 7月7日 より 毎週火曜日2130 リピート放送毎週木曜日930 毎週月曜日1530 TOKYO MXKBS京都サンテレビBS11 7月7日 より 毎週火曜日2430 WOWOW 7月14日 より 毎週火曜日2400全話無料放送 STREAMING dアニメストアU-NEXTアニメ放題にて地上波先行最速配信決定 dアニメストアU-NEXTアニメ放題 7月7日火より毎週火曜 2400 その他サイト 7月10日金より毎週金曜 2400 Cast トツキシーナ高橋李依 カガリミミ日高里菜 リジィセイラン瀬戸麻沙美 モードアリ石川由依 フラン内山夕実 オミ茅野愛衣 staff 原作あおのなちコミック百合姫 一迅社刊 監督友田 康 副監督榎本直央 クリエイティブアドバイザーかくちたくだい シリーズ構成脚本花田十輝 キャラクターデザイン油布京子 プロップデザイン中山奈 美術デザイン綱頭瑛子 美術監督中田洵輝 色彩設計中野尚美 永井唯香 撮影監督許庭禎Cypic 3Dディレクター千野勝平 編集瀧川三智 音楽橋本由香利未知瑠 音響監督明田川仁 音響効果安藤由衣 アニメーションプロデューサー應地一晃 プロデュースインフィニット プロダクトサポートEVOLROAR アニメーション制作ROLL2 Introduction 身寄りのない子供を戦争用の兵器として育てる学校に通う少女たち 人を殺すための授業誰が死んでも悲しむことさえままならない日常 ここは不条理で常に死と隣り合わせの日が 当たり前 な世界 どうしてみんな平気なの 自分の境遇を受け入れられずにいる14才のシーナはある夜血まみれの小さな女の子ミミと出会う どんな現実が訪れようとも生きていく これはそんな少女たちが見つけるあどけない願いの物語 MUSIC OP主題歌 Amore ReoNa 作詞作曲編曲PanLIVE LAB ED主題歌 エテルネル sajou no hana 作詞sana 作曲藤原彩豊 編曲湯浅 篤 TVアニメ公式サイト httpskimishinu- com アニメ公式X httpsxcomanimekimishinu 原作公式X httpsxcomkimishinu 原作情報 一迅プラス にて大好評連載中 きみが死ぬまで恋をしたい コミックス第1巻第8巻 きみが死ぬまで恋をしたい side stories 大好評発売中 あおのなち一迅社 きみ死ぬ 製作委員会 Nachi Aono IchijinshaKIMISHINU Partners きみが死ぬまで恋をしたい きみ死ぬアニメ,99,未分類,op,OP,0,https://yt3.ggpht.com/ytc/AIdro_kBexGPE4xdlwIRGuLFEcoqtNFCi_8bWioG0HyHx7cSbvI=s800-c-k-c0x00ffffff-no-rj,3080000
UV53uVaECT8,"『名探偵コナン』新ノンクレジットOP 新浜レオン「愛のFIRE」""DETECTIVE CONAN"" NEW OPENING Movie(2026)","TVアニメ『名探偵コナン』、好評放送中！
オープニング主題歌：新浜レオン「愛のFIRE」にのせた、オープニングアニメ映像のノンクレジットバージョンを公開！

【放送情報】
読売テレビ・日本テレビ系 （一部地域除く）にて毎週土曜よる6：00放送！

【オープニング主題歌】
「愛のFIRE」
歌  ：新浜レオン
作詞：小泉果奈
作曲：徳永暁人
編曲：徳永暁人
　　　(海峡レコード)

【オープニングスタッフ】
絵コンテ：金井次朗
演出：池田智美
総作画監督：須藤昌朋　
作画監督：岩井伸之
原画：ほりうちひろゆき・井元愛夕・大友健一・青木香菜　　　
　　　長野まりえ・田中ちゆき・牛ノ濱由惟・本吉晃子　　　
　　　小坂　知・氏家理恵・下地彩加・近藤奈都子　　　　　　　　　　
　　　鈴木FALCO・中尾友治・No Seung-who・山本泰一郎　　
第二原画：北井礼美・清水綾乃・藤井絵里・ｽﾀｼﾞｵ･ﾌﾞｰﾒﾗﾝ
動画監督：久木理恵（ｽﾀｼﾞｵ･ﾌﾞｰﾒﾗﾝ）　
動画：ｽﾀｼﾞｵ･ﾌﾞｰﾒﾗﾝ・J&Kｺｰﾎﾟﾚｰｼｮﾝ・セブンシーズ
背景：美峰
色指定・仕上検査：中尾総子(wish)
仕上げ：Wish
撮影：小川隆久・𠮷田雅紀
制作進行：吉浪彩華

【作品概要】
高校生探偵・工藤新一は、警察もお手上げの難事件を次々と解決するほどの頭脳の持ち主。ある日、幼なじみの毛利蘭と遊園地に遊びに行った時、
黒ずくめの男達による怪しげな取引を目撃する。しかし、その仲間に見つかり謎の毒薬を飲まされると、薬の作用でなんと小学1年生になってしまう。
困り果てた新一は、隣に住む発明家・阿笠博士の助けを得て、黒ずくめの男達の行方を追うため「江戸川コナン」と名乗り自らの正体を隠す。
そして、探偵事務所を営む毛利蘭の家に潜り込むことにした。はたして、新一の体は元に戻るのか!?黒ずくめの男達の正体は!!
数々の謎に満ちた怪事件をめぐり、小さな名探偵コナンの活躍が始まった!

【スタッフ】
原作：青山剛昌（『名探偵コナン』小学館「週刊少年サンデー」連載中）
監督：山本泰一郎・鎌仲史陽／音楽：大野克夫／キャラクターデザイン：須藤昌朋

【キャスト】
江戸川コナン：高山みなみ／毛利 蘭：岡村明美／毛利小五郎：小山力也／灰原 哀：林原めぐみ／吉田歩美：岩居由希子／小嶋元太：高木 渉／円谷光彦：大谷育江／ほか

▼名探偵コナン公式サイト
https://www.ytv.co.jp/conan/

▼【アニメ】名探偵コナン公式
https://www.youtube.com/@conan_anime

▼最新話配信：ytv MyDo!【名探偵コナン】　
https://www.ytv.co.jp/mydo/conan/

©青山剛昌/小学館・読売テレビ・TMS 1996

#名探偵コナン #conan #コナンOP #週刊少年サンデー #江戸川コナン",2026-07-11T09:30:23Z,【アニメ】名探偵コナン公式,UCvPA5InlbO2NCV8uFNMVBew,435597,https://i.ytimg.com/vi/UV53uVaECT8/hqdefault.jpg,名探偵コナン 新ノンクレジットOP 新浜レオン 愛のFIRE DETECTIVE CONAN NEW OPENING Movie 名探偵コナン 好評放送中 オープニング主題歌新浜レオン 愛のFIRE にのせたオープニングアニメ映像のノンクレジットバージョンを公開 放送情報 読売テレビ日本テレビ系 一部地域除くにて毎週土曜よる600放送 オープニング主題歌 愛のFIRE 歌 新浜レオン 作詞小泉果奈 作曲徳永暁人 編曲徳永暁人 オープニングスタッフ 絵コンテ金井次朗 演出池田智美 総作画監督須藤昌朋 作画監督岩井伸之 原画ほりうちひろゆき井元愛夕大友健一青木香菜 長野まりえ田中ちゆき牛ノ濱由惟本吉晃子 小坂 知氏家理恵下地彩加近藤奈都子 鈴木FALCO中尾友治No Seung-who山本泰一郎 第二原画北井礼美清水綾乃藤井絵里 動画監督久木理恵 動画JKセブンシーズ 背景美峰 色指定仕上検査中尾総子 仕上げWish 撮影小川隆久田雅紀 制作進行吉浪彩華 作品概要 高校生探偵工藤新一は警察もお手上げの難事件を次と解決するほどの頭脳の持ち主ある日幼なじみの毛利蘭と遊園地に遊びに行った時 黒ずくめの男達による怪しげな取引を目撃するしかしその仲間に見つかり謎の毒薬を飲まされると薬の作用でなんと小学1年生になってしまう 困り果てた新一は隣に住む発明家阿笠博士の助けを得て黒ずくめの男達の行方を追うため 江戸川コナン と名乗り自らの正体を隠す そして探偵事務所を営む毛利蘭の家に潜り込むことにしたはたして新一の体は元に戻るのか黒ずくめの男達の正体は 数の謎に満ちた怪事件をめぐり小さな名探偵コナンの活躍が始まった スタッフ 原作青山剛昌 名探偵コナン 小学館 週刊少年サンデー 連載中 監督山本泰一郎鎌仲史陽 音楽大野克夫 キャラクターデザイン須藤昌朋 キャスト 江戸川コナン高山みなみ 毛利 蘭岡村明美 毛利小五郎小山力也 灰原 哀林原めぐみ 吉田歩美岩居由希子 小嶋元太高木 渉 円谷光彦大谷育江 ほか 名探偵コナン公式サイト httpswwwytvcojpconan 名探偵コナン公式 httpswwwyoutubecomconananime 最新話配信ytv MyDo 名探偵コナン httpswwwytvcojpmydoconan 青山剛昌小学館読売テレビTMS 1996 名探偵コナン conan コナンOP 週刊少年サンデー 江戸川コナン,名探偵コナン 新ノンクレジットOP 新浜レオン 愛のFIRE DETECTIVE CONAN NEW OPENING Movie 名探偵コナン 好評放送中 オープニング主題歌新浜レオン 愛のFIRE にのせたオープニングアニメ映像のノンクレジットバージョンを公開 放送情報 読売テレビ日本テレビ系 一部地域除くにて毎週土曜よる600放送 オープニング主題歌 愛のFIRE 歌 新浜レオン 作詞小泉果奈 作曲徳永暁人 編曲徳永暁人 オープニングスタッフ 絵コンテ金井次朗 演出池田智美 総作画監督須藤昌朋 作画監督岩井伸之 原画ほりうちひろゆき井元愛夕大友健一青木香菜 長野まりえ田中ちゆき牛ノ濱由惟本吉晃子 小坂 知氏家理恵下地彩加近藤奈都子 鈴木FALCO中尾友治No Seung-who山本泰一郎 第二原画北井礼美清水綾乃藤井絵里 動画監督久木理恵 動画JKセブンシーズ 背景美峰 色指定仕上検査中尾総子 仕上げWish 撮影小川隆久田雅紀 制作進行吉浪彩華 作品概要 高校生探偵工藤新一は警察もお手上げの難事件を次と解決するほどの頭脳の持ち主ある日幼なじみの毛利蘭と遊園地に遊びに行った時 黒ずくめの男達による怪しげな取引を目撃するしかしその仲間に見つかり謎の毒薬を飲まされると薬の作用でなんと小学1年生になってしまう 困り果てた新一は隣に住む発明家阿笠博士の助けを得て黒ずくめの男達の行方を追うため 江戸川コナン と名乗り自らの正体を隠す そして探偵事務所を営む毛利蘭の家に潜り込むことにしたはたして新一の体は元に戻るのか黒ずくめの男達の正体は 数の謎に満ちた怪事件をめぐり小さな名探偵コナンの活躍が始まった スタッフ 原作青山剛昌 名探偵コナン 小学館 週刊少年サンデー 連載中 監督山本泰一郎鎌仲史陽 音楽大野克夫 キャラクターデザイン須藤昌朋 キャスト 江戸川コナン高山みなみ 毛利 蘭岡村明美 毛利小五郎小山力也 灰原 哀林原めぐみ 吉田歩美岩居由希子 小嶋元太高木 渉 円谷光彦大谷育江 ほか 名探偵コナン公式サイト httpswwwytvcojpconan 名探偵コナン公式 httpswwwyoutubecomconananime 最新話配信ytv MyDo 名探偵コナン httpswwwytvcojpmydoconan 青山剛昌小学館読売テレビTMS 1996 名探偵コナン conan コナンOP 週刊少年サンデー 江戸川コナン,名探偵コナン 新ノンクレジットOP 新浜レオン 愛のFIRE DETECTIVE CONAN NEW OPENING Movie 名探偵コナン 好評放送中 オープニング主題歌新浜レオン 愛のFIRE にのせたオープニングアニメ映像のノンクレジットバージョンを公開 放送情報 読売テレビ日本テレビ系 一部地域除くにて毎週土曜よる600放送 オープニング主題歌 愛のFIRE 歌 新浜レオン 作詞小泉果奈 作曲徳永暁人 編曲徳永暁人 オープニングスタッフ 絵コンテ金井次朗 演出池田智美 総作画監督須藤昌朋 作画監督岩井伸之 原画ほりうちひろゆき井元愛夕大友健一青木香菜 長野まりえ田中ちゆき牛ノ濱由惟本吉晃子 小坂 知氏家理恵下地彩加近藤奈都子 鈴木FALCO中尾友治No Seung-who山本泰一郎 第二原画北井礼美清水綾乃藤井絵里 動画監督久木理恵 動画JKセブンシーズ 背景美峰 色指定仕上検査中尾総子 仕上げWish 撮影小川隆久田雅紀 制作進行吉浪彩華 作品概要 高校生探偵工藤新一は警察もお手上げの難事件を次と解決するほどの頭脳の持ち主ある日幼なじみの毛利蘭と遊園地に遊びに行った時 黒ずくめの男達による怪しげな取引を目撃するしかしその仲間に見つかり謎の毒薬を飲まされると薬の作用でなんと小学1年生になってしまう 困り果てた新一は隣に住む発明家阿笠博士の助けを得て黒ずくめの男達の行方を追うため 江戸川コナン と名乗り自らの正体を隠す そして探偵事務所を営む毛利蘭の家に潜り込むことにしたはたして新一の体は元に戻るのか黒ずくめの男達の正体は 数の謎に満ちた怪事件をめぐり小さな名探偵コナンの活躍が始まった スタッフ 原作青山剛昌 名探偵コナン 小学館 週刊少年サンデー 連載中 監督山本泰一郎鎌仲史陽 音楽大野克夫 キャラクターデザイン須藤昌朋 キャスト 江戸川コナン高山みなみ 毛利 蘭岡村明美 毛利小五郎小山力也 灰原 哀林原めぐみ 吉田歩美岩居由希子 小嶋元太高木 渉 円谷光彦大谷育江 ほか 名探偵コナン公式サイト httpswwwytvcojpconan 名探偵コナン公式 httpswwwyoutubecomconananime 最新話配信ytv MyDo 名探偵コナン httpswwwytvcojpmydoconan 青山剛昌小学館読売テレビTMS 1996 名探偵コナン conan コナンOP 週刊少年サンデー 江戸川コナン,99,未分類,op,OP,0,https://yt3.ggpht.com/-530cxvgiE4ncbYwjn3tYBAmiZfc5FO_dtuv2yAcXQNj9kl-iElEJEDO9Zm1_QTT8fuG2GCCBQ=s800-c-k-c0x00ffffff-no-rj,1520000
LshSTzPWdLk,TVアニメ『ふつつかな悪女ではございますが ～雛宮蝶鼠とりかえ伝～』ノンクレジットオープニングムービー／オープニングテーマ：milet「Sunny」,"TVアニメ『ふつつかな悪女ではございますが ～雛宮蝶鼠とりかえ伝～』ノンクレジットオープニングムービー公開！


【放送情報／配信情報】
毎週日曜23:45～テレ東系列にて放送中！
放送後24:15～各配信プラットフォームにて順次配信開始！
https://futsutsuka.net/onair/

【オープニングテーマ情報】
オープニングテーマ：milet「Sunny」
▼各配信サービスにて配信中
https://milet.lnk.to/Sunny

▼4th Album『Made of Glass』2026年8月19日(水)発売
https://milet.lnk.to/madeofglass

＝＝＝＝＝＝＝＝＝＝＝＝＝＝＝
【あらすじ】
次期妃を育成するため、五つの名家から姫君を集めた宮――『雛宮(すうぐう)』。
名家のうちの一つ、美しく聡明な黄家(こうけ)の雛女(ひめ)・玲琳(れいりん)は、『殿下の胡蝶(こちょう)』と謳われ周囲から愛されていた。
しかし乞巧節(きっこうせつ)の夜に、悪女と呼ばれ皆から嫌われていた朱家(しゅけ)の雛女・慧月(けいげつ)の手により、互いの身体を入れ替えられてしまう。

気づいた時には、すでに処刑が決まっていることを告げられ絶体絶命。
しかし幼い時から病弱で常に死と隣り合わせで生きてきた彼女は、むしろ健康な身体を手に入れたことを喜んでいた!?

悲劇かと思われた入れ替わりだったが、鋼の精神を持つ玲琳は、あばら家に追放されても自由を満喫し、命を狙ってくる者たちには持ち前の明るさと優しさで魅了し、数々の逆境を乗り越えていく。
一方、玲琳を妬み憎んでいた慧月も、玲琳の本来の人柄に触れるうちに心が揺れ始めて――。

ほうき星が輝く夜に身体が入れ替わった二人。その日から彼女たちの運命は大きく変わり、やがて後宮を揺るがす陰謀に巻き込まれていく。

正反対の少女が繰り広げる後宮“入れ替わり”逆転劇、堂々の開幕！


【スタッフ】
原作：中村颯希(一迅社ノベルス/一迅社刊)
キャラクター原案：ゆき哉・尾羊英
監督：山﨑みつえ
副監督：野呂純恵
シリーズ構成：中村能子
キャラクターデザイン：菊池愛
色彩設計：石黒けい
美術監督：矢口聖奈(studio Pablo)
撮影監督：福岡由惟
編集：武宮むつみ
音楽：橋本由香利
キャスティング：谷村 誠(サウンド・ウィング)
音響効果：白石唯果
録音調整：早野利宏
録音助手：金子諒
音響制作：東北新社
アニメーション制作：動画工房
オープニングテーマ： milet「Sunny」
エンディングテーマ：ロクデナシ「ホウキボシ」

【キャスト】
黄 玲琳：石見舞菜香
朱 慧月：川井田夏海
詠 尭明：古川 慎
辰宇：梅原裕一郎
莉莉：菱川花菜
黄 冬雪：ニケライ ファラナーゼ
黄 絹秀：五十嵐麗
朱 雅媚：茅野愛衣
金 清佳：中原麻衣
藍 芳春：水瀬いのり
玄 歌吹：石川由依


■TVアニメ公式ホームページ：https://futsutsuka.net/
■TVアニメ公式X（旧：Twitter）：https://x.com/futsutsuka_PR
■TVアニメ公式TikTok：https://www.tiktok.com/@futsutsuka_PR_official

ⓒ 中村颯希・一迅社／「ふつつかな悪女」製作委員会

#ふつつかな悪女 #milet 
-----------------------------------------------
TOHO animation
Portal Site：https://tohoanimation.jp/portal/
Official X(JP)：https://x.com/TOHOanimation
Official X(EN)：https://x.com/tohoanimationen
Official TikTok(JP)：https://www.tiktok.com/@tohoanimationch
Official TikTok(EN)：https://www.tiktok.com/@tohoanimationen
Official Instagram(JP)：https://www.instagram.com/tohoanimation_info/
Official Threads(JP)：https://www.threads.com/@tohoanimation_info/
-----------------------------------------------
TOHO animation STORE ONLINE
Online Store：https://tohoentertainmentonline.com/shop/brand/TaS/
Official X：https://x.com/TOHOanimeSTORE
Official instagram：https://www.instagram.com/tohoanimationstore_online/
-----------------------------------------------",2026-07-12T15:13:36Z,TOHO animation チャンネル,UC14Yc2Qv92DMuyNRlHvpo2Q,388266,https://i.ytimg.com/vi/LshSTzPWdLk/hqdefault.jpg,ふつつかな悪女ではございますが 雛宮蝶鼠とりかえ伝 ノンクレジットオープニングムービー オープニングテーマmilet Sunny ふつつかな悪女ではございますが 雛宮蝶鼠とりかえ伝 ノンクレジットオープニングムービー公開 放送情報 配信情報 毎週日曜2345テレ東系列にて放送中 放送後2415各配信プラットフォームにて順次配信開始 httpsfutsutsukanetonair オープニングテーマ情報 オープニングテーマmilet Sunny 各配信サービスにて配信中 httpsmiletlnktoSunny 4th Album Made of Glass 2026年8月19日 発売 httpsmiletlnktomadeofglass あらすじ 次期妃を育成するため五つの名家から姫君を集めた宮 雛宮 名家のうちの一つ美しく聡明な黄家 の雛女 玲琳 は 殿下の胡蝶 と謳われ周囲から愛されていた しかし乞巧節 の夜に悪女と呼ばれ皆から嫌われていた朱家 の雛女慧月 の手により互いの身体を入れ替えられてしまう 気づいた時にはすでに処刑が決まっていることを告げられ絶体絶命 しかし幼い時から病弱で常に死と隣り合わせで生きてきた彼女はむしろ健康な身体を手に入れたことを喜んでいた 悲劇かと思われた入れ替わりだったが鋼の精神を持つ玲琳はあばら家に追放されても自由を満喫し命を狙ってくる者たちには持ち前の明るさと優しさで魅了し数の逆境を乗り越えていく 一方玲琳を妬み憎んでいた慧月も玲琳の本来の人柄に触れるうちに心が揺れ始めて ほうき星が輝く夜に身体が入れ替わった二人その日から彼女たちの運命は大きく変わりやがて後宮を揺るがす陰謀に巻き込まれていく 正反対の少女が繰り広げる後宮入れ替わり逆転劇堂の開幕 スタッフ 原作中村颯希 キャラクター原案ゆき哉尾羊英 監督山みつえ 副監督野呂純恵 シリーズ構成中村能子 キャラクターデザイン菊池愛 色彩設計石黒けい 美術監督矢口聖奈 撮影監督福岡由惟 編集武宮むつみ 音楽橋本由香利 キャスティング谷村 誠 音響効果白石唯果 録音調整早野利宏 録音助手金子諒 音響制作東北新社 アニメーション制作動画工房 オープニングテーマ milet Sunny エンディングテーマロクデナシ ホウキボシ キャスト 黄 玲琳石見舞菜香 朱 慧月川井田夏海 詠 尭明古川 慎 辰宇梅原裕一郎 莉莉菱川花菜 黄 冬雪ニケライ ファラナーゼ 黄 絹秀五十嵐麗 朱 雅媚茅野愛衣 金 清佳中原麻衣 藍 芳春水瀬いのり 玄 歌吹石川由依 TVアニメ公式ホームページhttpsfutsutsukanet TVアニメ公式X旧TwitterhttpsxcomfutsutsukaPR TVアニメ公式TikTokhttpswwwtiktokcomfutsutsukaPRofficial 中村颯希一迅社 ふつつかな悪女 製作委員会 ふつつかな悪女 milet ----------------------------------------------- TOHO animation Portal Sitehttpstohoanimationjpportal X httpsxcomTOHOanimation X httpsxcomtohoanimationen TikTok httpswwwtiktokcomtohoanimationch TikTok httpswwwtiktokcomtohoanimationen Instagram httpswwwinstagramcomtohoanimationinfo Threads httpswwwthreadscomtohoanimationinfo ----------------------------------------------- TOHO animation STORE ONLINE Online StorehttpstohoentertainmentonlinecomshopbrandTaS XhttpsxcomTOHOanimeSTORE instagramhttpswwwinstagramcomtohoanimationstoreonline,ふつつかな悪女ではございますが 雛宮蝶鼠とりかえ伝 ノンクレジットオープニングムービー オープニングテーマmilet Sunny ふつつかな悪女ではございますが 雛宮蝶鼠とりかえ伝 ノンクレジットオープニングムービー公開 放送情報 配信情報 毎週日曜2345テレ東系列にて放送中 放送後2415各配信プラットフォームにて順次配信開始 httpsfutsutsukanetonair オープニングテーマ情報 オープニングテーマmilet Sunny 各配信サービスにて配信中 httpsmiletlnktoSunny 4th Album Made of Glass 2026年8月19日 発売 httpsmiletlnktomadeofglass あらすじ 次期妃を育成するため五つの名家から姫君を集めた宮 雛宮 名家のうちの一つ美しく聡明な黄家 の雛女 玲琳 は 殿下の胡蝶 と謳われ周囲から愛されていた しかし乞巧節 の夜に悪女と呼ばれ皆から嫌われていた朱家 の雛女慧月 の手により互いの身体を入れ替えられてしまう 気づいた時にはすでに処刑が決まっていることを告げられ絶体絶命 しかし幼い時から病弱で常に死と隣り合わせで生きてきた彼女はむしろ健康な身体を手に入れたことを喜んでいた 悲劇かと思われた入れ替わりだったが鋼の精神を持つ玲琳はあばら家に追放されても自由を満喫し命を狙ってくる者たちには持ち前の明るさと優しさで魅了し数の逆境を乗り越えていく 一方玲琳を妬み憎んでいた慧月も玲琳の本来の人柄に触れるうちに心が揺れ始めて ほうき星が輝く夜に身体が入れ替わった二人その日から彼女たちの運命は大きく変わりやがて後宮を揺るがす陰謀に巻き込まれていく 正反対の少女が繰り広げる後宮入れ替わり逆転劇堂の開幕 スタッフ 原作中村颯希 キャラクター原案ゆき哉尾羊英 監督山みつえ 副監督野呂純恵 シリーズ構成中村能子 キャラクターデザイン菊池愛 色彩設計石黒けい 美術監督矢口聖奈 撮影監督福岡由惟 編集武宮むつみ 音楽橋本由香利 キャスティング谷村 誠 音響効果白石唯果 録音調整早野利宏 録音助手金子諒 音響制作東北新社 アニメーション制作動画工房 オープニングテーマ milet Sunny エンディングテーマロクデナシ ホウキボシ キャスト 黄 玲琳石見舞菜香 朱 慧月川井田夏海 詠 尭明古川 慎 辰宇梅原裕一郎 莉莉菱川花菜 黄 冬雪ニケライ ファラナーゼ 黄 絹秀五十嵐麗 朱 雅媚茅野愛衣 金 清佳中原麻衣 藍 芳春水瀬いのり 玄 歌吹石川由依 TVアニメ公式ホームページhttpsfutsutsukanet TVアニメ公式X旧TwitterhttpsxcomfutsutsukaPR TVアニメ公式TikTokhttpswwwtiktokcomfutsutsukaPRofficial 中村颯希一迅社 ふつつかな悪女 製作委員会 ふつつかな悪女 milet ----------------------------------------------- TOHO animation Portal Sitehttpstohoanimationjpportal X httpsxcomTOHOanimation X httpsxcomtohoanimationen TikTok httpswwwtiktokcomtohoanimationch TikTok httpswwwtiktokcomtohoanimationen Instagram httpswwwinstagramcomtohoanimationinfo Threads httpswwwthreadscomtohoanimationinfo ----------------------------------------------- TOHO animation STORE ONLINE Online StorehttpstohoentertainmentonlinecomshopbrandTaS XhttpsxcomTOHOanimeSTORE instagramhttpswwwinstagramcomtohoanimationstoreonline,ふつつかな悪女ではございますが 雛宮蝶鼠とりかえ伝 ノンクレジットオープニングムービー オープニングテーマmilet Sunny ふつつかな悪女ではございますが 雛宮蝶鼠とりかえ伝 ノンクレジットオープニングムービー公開 放送情報 配信情報 毎週日曜2345テレ東系列にて放送中 放送後2415各配信プラットフォームにて順次配信開始 httpsfutsutsukanetonair オープニングテーマ情報 オープニングテーマmilet Sunny 各配信サービスにて配信中 httpsmiletlnktoSunny 4th Album Made of Glass 2026年8月19日 発売 httpsmiletlnktomadeofglass あらすじ 次期妃を育成するため五つの名家から姫君を集めた宮 雛宮 名家のうちの一つ美しく聡明な黄家 の雛女 玲琳 は 殿下の胡蝶 と謳われ周囲から愛されていた しかし乞巧節 の夜に悪女と呼ばれ皆から嫌われていた朱家 の雛女慧月 の手により互いの身体を入れ替えられてしまう 気づいた時にはすでに処刑が決まっていることを告げられ絶体絶命 しかし幼い時から病弱で常に死と隣り合わせで生きてきた彼女はむしろ健康な身体を手に入れたことを喜んでいた 悲劇かと思われた入れ替わりだったが鋼の精神を持つ玲琳はあばら家に追放されても自由を満喫し命を狙ってくる者たちには持ち前の明るさと優しさで魅了し数の逆境を乗り越えていく 一方玲琳を妬み憎んでいた慧月も玲琳の本来の人柄に触れるうちに心が揺れ始めて ほうき星が輝く夜に身体が入れ替わった二人その日から彼女たちの運命は大きく変わりやがて後宮を揺るがす陰謀に巻き込まれていく 正反対の少女が繰り広げる後宮入れ替わり逆転劇堂の開幕 スタッフ 原作中村颯希 キャラクター原案ゆき哉尾羊英 監督山みつえ 副監督野呂純恵 シリーズ構成中村能子 キャラクターデザイン菊池愛 色彩設計石黒けい 美術監督矢口聖奈 撮影監督福岡由惟 編集武宮むつみ 音楽橋本由香利 キャスティング谷村 誠 音響効果白石唯果 録音調整早野利宏 録音助手金子諒 音響制作東北新社 アニメーション制作動画工房 オープニングテーマ milet Sunny エンディングテーマロクデナシ ホウキボシ キャスト 黄 玲琳石見舞菜香 朱 慧月川井田夏海 詠 尭明古川 慎 辰宇梅原裕一郎 莉莉菱川花菜 黄 冬雪ニケライ ファラナーゼ 黄 絹秀五十嵐麗 朱 雅媚茅野愛衣 金 清佳中原麻衣 藍 芳春水瀬いのり 玄 歌吹石川由依 TVアニメ公式ホームページhttpsfutsutsukanet TVアニメ公式X旧TwitterhttpsxcomfutsutsukaPR TVアニメ公式TikTokhttpswwwtiktokcomfutsutsukaPRofficial 中村颯希一迅社 ふつつかな悪女 製作委員会 ふつつかな悪女 milet ----------------------------------------------- TOHO animation Portal Sitehttpstohoanimationjpportal X httpsxcomTOHOanimation X httpsxcomtohoanimationen TikTok httpswwwtiktokcomtohoanimationch TikTok httpswwwtiktokcomtohoanimationen Instagram httpswwwinstagramcomtohoanimationinfo Threads httpswwwthreadscomtohoanimationinfo ----------------------------------------------- TOHO animation STORE ONLINE Online StorehttpstohoentertainmentonlinecomshopbrandTaS XhttpsxcomTOHOanimeSTORE instagramhttpswwwinstagramcomtohoanimationstoreonline,99,未分類,op,OP,0,https://yt3.ggpht.com/eWI91qDASaVas8dGoEkvje7u30u0Wo8buZBhtX9xsMnzGsgzJWiY4WLUzoDXimWFJBbNlc_OXA=s800-c-k-c0x00ffffff-no-rj,4440000
mJICDZoKgao,Chainsmoker Cat OP | Nanmonee by Wasureranneyo | Netflix Anime,"Jump into Yani the catgirl's life in the opening theme, ""Nannmonee"" by Wasureranneyo.

Chainsmoker Cat is now playing on Netflix!
https://www.netflix.com/title/82760630

Subscribe: https://bit.ly/33okaL0

About Netflix:
Netflix is one of the world’s leading entertainment services offering TV series, films, games and live programming across a wide variety of genres and languages. Members can play, pause and resume watching as much as they want, anytime, anywhere, and can change their plans at any time. 

Find Netflix Anime:
➡️:ANIME TWITTER: https://twitter.com/NetflixAnime
➡️:JAPAN ANIME TWITTER: https://twitter.com/NetflixJP_Anime

Find Netflix Japan:
➡️:JAPAN TWITTER: https://twitter.com/NetflixJP
➡️:JAPAN INSTAGRAM: https://www.instagram.com/netflixjp
➡️:JAPAN FACEBOOK: https://www.facebook.com/netflixjp
➡️:JAPAN TIKTOK: https://www.tiktok.com/@netflixjapan

Chainsmoker Cat OP | Nanmonee by Wasureranneyo | Netflix Anime
https://www.youtube.com/@netflixanime

Catgirl Yani struggles to pay her rent and keep a job while feeding her smoking habit. As her loved ones' concerns grow, she must rethink her future.",2026-07-28T13:00:00Z,Netflix Anime,UCBSs9x2KzSLhyyA9IKyt4YA,317994,https://i.ytimg.com/vi/mJICDZoKgao/hqdefault.jpg,Chainsmoker Cat OP Nanmonee by Wasureranneyo Netflix Jump into Yani the catgirls life in the opening theme Nannmonee by Wasureranneyo Chainsmoker Cat is now playing on Netflix httpswwwnetflixcomtitle82760630 Subscribe httpsbitly33okaL0 About Netflix Netflix is one of the worlds leading entertainment services offering TV series films games and live programming across a wide variety of genres and languages Members can play pause and resume watching as much as they want anytime anywhere and can change their plans at any time Find Netflix TWITTER httpstwittercomNetflixAnime JAPAN TWITTER httpstwittercomNetflixJPAnime Find Netflix Japan JAPAN TWITTER httpstwittercomNetflixJP JAPAN INSTAGRAM httpswwwinstagramcomnetflixjp JAPAN FACEBOOK httpswwwfacebookcomnetflixjp JAPAN TIKTOK httpswwwtiktokcomnetflixjapan Chainsmoker Cat OP Nanmonee by Wasureranneyo Netflix httpswwwyoutubecomnetflixanime Catgirl Yani struggles to pay her rent and keep a job while feeding her smoking habit As her loved ones concerns grow she must rethink her future,Chainsmoker Cat OP Nanmonee by Wasureranneyo Netflix Jump into Yani the catgirls life in the opening theme Nannmonee by Wasureranneyo Chainsmoker Cat is now playing on Netflix httpswwwnetflixcomtitle82760630 Subscribe httpsbitly33okaL0 About Netflix Netflix is one of the worlds leading entertainment services offering TV series films games and live programming across a wide variety of genres and languages Members can play pause and resume watching as much as they want anytime anywhere and can change their plans at any time Find Netflix TWITTER httpstwittercomNetflixAnime JAPAN TWITTER httpstwittercomNetflixJPAnime Find Netflix Japan JAPAN TWITTER httpstwittercomNetflixJP JAPAN INSTAGRAM httpswwwinstagramcomnetflixjp JAPAN FACEBOOK httpswwwfacebookcomnetflixjp JAPAN TIKTOK httpswwwtiktokcomnetflixjapan Chainsmoker Cat OP Nanmonee by Wasureranneyo Netflix httpswwwyoutubecomnetflixanime Catgirl Yani struggles to pay her rent and keep a job while feeding her smoking habit As her loved ones concerns grow she must rethink her future,Chainsmoker Cat OP Nanmonee by Wasureranneyo Netflix Jump into Yani the catgirls life in the opening theme Nannmonee by Wasureranneyo Chainsmoker Cat is now playing on Netflix httpswwwnetflixcomtitle82760630 Subscribe httpsbitly33okaL0 About Netflix Netflix is one of the worlds leading entertainment services offering TV series films games and live programming across a wide variety of genres and languages Members can play pause and resume watching as much as they want anytime anywhere and can change their plans at any time Find Netflix TWITTER httpstwittercomNetflixAnime JAPAN TWITTER httpstwittercomNetflixJPAnime Find Netflix Japan JAPAN TWITTER httpstwittercomNetflixJP JAPAN INSTAGRAM httpswwwinstagramcomnetflixjp JAPAN FACEBOOK httpswwwfacebookcomnetflixjp JAPAN TIKTOK httpswwwtiktokcomnetflixjapan Chainsmoker Cat OP Nanmonee by Wasureranneyo Netflix httpswwwyoutubecomnetflixanime Catgirl Yani struggles to pay her rent and keep a job while feeding her smoking habit As her loved ones concerns grow she must rethink her future,99,未分類,op,OP,0,https://yt3.ggpht.com/ytc/AIdro_nrVA49Tbc6oO0YWFtgwKDvM-DGxKb4DLnGK85GCl1cKpg=s800-c-k-c0x00ffffff-no-rj,2720000
wTQdf37-OBk,TVアニメ『鉄鍋のジャン！』ノンクレジットオープニング映像,"TVアニメ『鉄鍋のジャン！』ノンクレジットオープニング映像
2026年7月5日より毎週日曜 夕方5時30分～ テレ東系列6局ネットにて放送開始！
ほか各配信プラットフォームにて配信開始！

シリーズ累計発行部数1,000万部超！伝説のバトル料理漫画『鉄鍋のジャン』。
常識を超えた料理の数々、倫理観を吹き飛ばす超個性的なキャラクターたちによる手に汗握る物語。

【CAST】
ジャン： #戸谷菊之介／キリコ： #長谷川育美／小此木タカオ： #天﨑滉平
セレーヌ楊： #MAO／沢田圭： #櫻井孝宏／荀智秀：#村田太志
河原裕司： #小林裕介／尾藤リュウジ： #杉田智和／大谷日堂： #天田益男

 【MUSIC】
OP主題歌： #原因は自分にある # 火宴
ED主題歌： #えむにみに #泣いた悪魔

【アニメ最新情報】
▶公式サイト：https://tetsujan.com 
▶アニメ公式X：@tetsujan1995",2026-07-13T08:30:05Z,NBCUniversal Anime/Music,UCeOMz8AiNhsDhEovu5_3ujQ,284529,https://i.ytimg.com/vi/wTQdf37-OBk/hqdefault.jpg,鉄鍋のジャン ノンクレジットオープニング映像 鉄鍋のジャン ノンクレジットオープニング映像 2026年7月5日より毎週日曜 夕方5時30分 テレ東系列6局ネットにて放送開始 ほか各配信プラットフォームにて配信開始 シリーズ累計発行部数1000万部超伝説のバトル料理漫画 鉄鍋のジャン 常識を超えた料理の数倫理観を吹き飛ばす超個性的なキャラクターたちによる手に汗握る物語 CAST ジャン 戸谷菊之介 キリコ 長谷川育美 小此木タカオ 天滉平 セレーヌ楊 MAO 沢田圭 櫻井孝宏 荀智秀村田太志 河原裕司 小林裕介 尾藤リュウジ 杉田智和 大谷日堂 天田益男 MUSIC OP主題歌 原因は自分にある 火宴 ED主題歌 えむにみに 泣いた悪魔 アニメ最新情報 公式サイトhttpstetsujancom アニメ公式Xtetsujan1995,鉄鍋のジャン ノンクレジットオープニング映像 鉄鍋のジャン ノンクレジットオープニング映像 2026年7月5日より毎週日曜 夕方5時30分 テレ東系列6局ネットにて放送開始 ほか各配信プラットフォームにて配信開始 シリーズ累計発行部数1000万部超伝説のバトル料理漫画 鉄鍋のジャン 常識を超えた料理の数倫理観を吹き飛ばす超個性的なキャラクターたちによる手に汗握る物語 CAST ジャン 戸谷菊之介 キリコ 長谷川育美 小此木タカオ 天滉平 セレーヌ楊 MAO 沢田圭 櫻井孝宏 荀智秀村田太志 河原裕司 小林裕介 尾藤リュウジ 杉田智和 大谷日堂 天田益男 MUSIC OP主題歌 原因は自分にある 火宴 ED主題歌 えむにみに 泣いた悪魔 アニメ最新情報 公式サイトhttpstetsujancom アニメ公式Xtetsujan1995,鉄鍋のジャン ノンクレジットオープニング映像 鉄鍋のジャン ノンクレジットオープニング映像 2026年7月5日より毎週日曜 夕方5時30分 テレ東系列6局ネットにて放送開始 ほか各配信プラットフォームにて配信開始 シリーズ累計発行部数1000万部超伝説のバトル料理漫画 鉄鍋のジャン 常識を超えた料理の数倫理観を吹き飛ばす超個性的なキャラクターたちによる手に汗握る物語 CAST ジャン 戸谷菊之介 キリコ 長谷川育美 小此木タカオ 天滉平 セレーヌ楊 MAO 沢田圭 櫻井孝宏 荀智秀村田太志 河原裕司 小林裕介 尾藤リュウジ 杉田智和 大谷日堂 天田益男 MUSIC OP主題歌 原因は自分にある 火宴 ED主題歌 えむにみに 泣いた悪魔 アニメ最新情報 公式サイトhttpstetsujancom アニメ公式Xtetsujan1995,99,未分類,op,OP,0,https://yt3.ggpht.com/DpIpvILSTQVJn40L0KZwJOL_j_2fv2i_cZpvuzn7ISw0h6mZajbfJZZPCrcn68RuiaKidABC1wQ=s800-c-k-c0x00ffffff-no-rj,511000
ZcX905vF0j0,TVアニメ『これ描いて死ね』OP映像【日本テレビ系フラアニにて毎週金曜23時30分から全国30局ネットで放送中！】,"TVアニメ『これ描いて死ね』
日本テレビ系フラアニにて毎週金曜
23時30分から全国30局ネットで放送中！
※放送時間は変更になる場合がございます。

OPテーマ：キタニタツヤ「遺書」


＜作品情報＞

原作：とよ田みのる「これ描いて死ね」（小学館「ゲッサン」連載中）

【CAST】
関根明良　早見沙織
仁見紗綾　藤村花音　水瀬いのり
日髙のり子
種﨑敦美　ゆかな　井上喜久子

【STAFF】
監督：赤城博昭
シリーズ構成：福田裕子
脚本：福田裕子 伊丹あき 加藤還一
キャラクターデザイン：瀬川健寿
色彩設計：柳澤久美子
美術監督：春日礼児
撮影監督：浜尾繁光
編集：肥田文
音楽：堤博明
音響監督：天野龍洋
音響制作：ビットグルーヴプロモーション
OPテーマ：キタニタツヤ『遺書』
EDテーマ：リーガルリリー『コニファー』
アニメーション制作：シンエイ動画
製作：王島南高校漫研

＜作品情報＞
◆イントロダクション
マンガ大賞2023大賞受賞!! 第70回小学館漫画賞受賞!!
小学館「ゲッサン」にて連載中の「これ描いて死ね」が待望のTVアニメ化‼︎

東京都の島しょ・伊豆王島に住む
高校1年生の安海相。

漫画を読むのが大好きな彼女は、
とある出来事がきっかけで
漫画を“つくる”ことを意識し始める……

少女が踏み出す
漫画創りの道は、果たして!?

知っているようで知らない漫画創作の世界。
作品を生み出す苦しみも歓びも
余さず詰め込んだ漫画浪漫成長譚!!!
漫画を愛する全ての人に届けッ‼︎

---------------------------------

©とよ田みのる／小学館／王島南高校漫研

◆原作情報
とよ田みのる「これ描いて死ね」
漫画創作の世界に足を踏み入れる、東京の離島で暮らす女子高生たちの奮闘を描く漫画浪漫成長譚！
漫画を描く歓びも苦しみも、余すところなく全てを詰め込んだ、漫画愛に満ち溢れた「漫画の漫画」!!
マンガ大賞2023大賞、第70回小学館漫画賞受賞作品!!
現在、1〜10巻まで、好評発売中！
原作詳細はこちら！▶︎ https://gekkansunday.net/work/4740/

【アニメ公式サイト】https://www.vap.co.jp/korekaite-shine/
【アニメ公式X】https://x.com/korekaite_shine
【アニメ公式TikTok】https://www.tiktok.com/@korekaite_shine

#これ描いて死ね #これ描いて #とよ田みのる",2026-07-11T03:00:27Z,VAP Official,UCazjJ6udlwl6cP_om1zqTQQ,281764,https://i.ytimg.com/vi/ZcX905vF0j0/hqdefault.jpg,これ描いて死ね OP映像 日本テレビ系フラアニにて毎週金曜23時30分から全国30局ネットで放送中 これ描いて死ね 日本テレビ系フラアニにて毎週金曜 23時30分から全国30局ネットで放送中 放送時間は変更になる場合がございます OPテーマキタニタツヤ 遺書 作品情報 原作とよ田みのる これ描いて死ね 小学館 ゲッサン 連載中 CAST 関根明良 早見沙織 仁見紗綾 藤村花音 水瀬いのり 日髙のり子 種敦美 ゆかな 井上喜久子 STAFF 監督赤城博昭 シリーズ構成福田裕子 脚本福田裕子 伊丹あき 加藤還一 キャラクターデザイン瀬川健寿 色彩設計柳澤久美子 美術監督春日礼児 撮影監督浜尾繁光 編集肥田文 音楽堤博明 音響監督天野龍洋 音響制作ビットグループロモーション OPテーマキタニタツヤ 遺書 EDテーマリーガルリリー コニファー アニメーション制作シンエイ動画 製作王島南高校漫研 作品情報 イントロダクション マンガ大賞2023大賞受賞 第70回小学館漫画賞受賞 小学館 ゲッサン にて連載中の これ描いて死ね が待望のTVアニメ化 東京都の島しょ伊豆王島に住む 高校1年生の安海相 漫画を読むのが大好きな彼女は とある出来事がきっかけで 漫画をつくることを意識し始める 少女が踏み出す 漫画創りの道は果たして 知っているようで知らない漫画創作の世界 作品を生み出す苦しみも歓びも 余さず詰め込んだ漫画浪漫成長譚 漫画を愛する全ての人に届けッ --------------------------------- とよ田みのる 小学館 王島南高校漫研 原作情報 とよ田みのる これ描いて死ね 漫画創作の世界に足を踏み入れる東京の離島で暮らす女子高生たちの奮闘を描く漫画浪漫成長譚 漫画を描く歓びも苦しみも余すところなく全てを詰め込んだ漫画愛に満ち溢れた 漫画の漫画 マンガ大賞2023大賞第70回小学館漫画賞受賞作品 現在1〜10巻まで好評発売中 原作詳細はこちら httpsgekkansundaynetwork4740 アニメ公式サイト httpswwwvapcojpkorekaite-shine アニメ公式X httpsxcomkorekaiteshine アニメ公式TikTok httpswwwtiktokcomkorekaiteshine これ描いて死ね これ描いて とよ田みのる,これ描いて死ね OP映像 日本テレビ系フラアニにて毎週金曜23時30分から全国30局ネットで放送中 これ描いて死ね 日本テレビ系フラアニにて毎週金曜 23時30分から全国30局ネットで放送中 放送時間は変更になる場合がございます OPテーマキタニタツヤ 遺書 作品情報 原作とよ田みのる これ描いて死ね 小学館 ゲッサン 連載中 CAST 関根明良 早見沙織 仁見紗綾 藤村花音 水瀬いのり 日髙のり子 種敦美 ゆかな 井上喜久子 STAFF 監督赤城博昭 シリーズ構成福田裕子 脚本福田裕子 伊丹あき 加藤還一 キャラクターデザイン瀬川健寿 色彩設計柳澤久美子 美術監督春日礼児 撮影監督浜尾繁光 編集肥田文 音楽堤博明 音響監督天野龍洋 音響制作ビットグループロモーション OPテーマキタニタツヤ 遺書 EDテーマリーガルリリー コニファー アニメーション制作シンエイ動画 製作王島南高校漫研 作品情報 イントロダクション マンガ大賞2023大賞受賞 第70回小学館漫画賞受賞 小学館 ゲッサン にて連載中の これ描いて死ね が待望のTVアニメ化 東京都の島しょ伊豆王島に住む 高校1年生の安海相 漫画を読むのが大好きな彼女は とある出来事がきっかけで 漫画をつくることを意識し始める 少女が踏み出す 漫画創りの道は果たして 知っているようで知らない漫画創作の世界 作品を生み出す苦しみも歓びも 余さず詰め込んだ漫画浪漫成長譚 漫画を愛する全ての人に届けッ --------------------------------- とよ田みのる 小学館 王島南高校漫研 原作情報 とよ田みのる これ描いて死ね 漫画創作の世界に足を踏み入れる東京の離島で暮らす女子高生たちの奮闘を描く漫画浪漫成長譚 漫画を描く歓びも苦しみも余すところなく全てを詰め込んだ漫画愛に満ち溢れた 漫画の漫画 マンガ大賞2023大賞第70回小学館漫画賞受賞作品 現在1〜10巻まで好評発売中 原作詳細はこちら httpsgekkansundaynetwork4740 アニメ公式サイト httpswwwvapcojpkorekaite-shine アニメ公式X httpsxcomkorekaiteshine アニメ公式TikTok httpswwwtiktokcomkorekaiteshine これ描いて死ね これ描いて とよ田みのる,これ描いて死ね OP映像 日本テレビ系フラアニにて毎週金曜23時30分から全国30局ネットで放送中 これ描いて死ね 日本テレビ系フラアニにて毎週金曜 23時30分から全国30局ネットで放送中 放送時間は変更になる場合がございます OPテーマキタニタツヤ 遺書 作品情報 原作とよ田みのる これ描いて死ね 小学館 ゲッサン 連載中 CAST 関根明良 早見沙織 仁見紗綾 藤村花音 水瀬いのり 日髙のり子 種敦美 ゆかな 井上喜久子 STAFF 監督赤城博昭 シリーズ構成福田裕子 脚本福田裕子 伊丹あき 加藤還一 キャラクターデザイン瀬川健寿 色彩設計柳澤久美子 美術監督春日礼児 撮影監督浜尾繁光 編集肥田文 音楽堤博明 音響監督天野龍洋 音響制作ビットグループロモーション OPテーマキタニタツヤ 遺書 EDテーマリーガルリリー コニファー アニメーション制作シンエイ動画 製作王島南高校漫研 作品情報 イントロダクション マンガ大賞2023大賞受賞 第70回小学館漫画賞受賞 小学館 ゲッサン にて連載中の これ描いて死ね が待望のTVアニメ化 東京都の島しょ伊豆王島に住む 高校1年生の安海相 漫画を読むのが大好きな彼女は とある出来事がきっかけで 漫画をつくることを意識し始める 少女が踏み出す 漫画創りの道は果たして 知っているようで知らない漫画創作の世界 作品を生み出す苦しみも歓びも 余さず詰め込んだ漫画浪漫成長譚 漫画を愛する全ての人に届けッ --------------------------------- とよ田みのる 小学館 王島南高校漫研 原作情報 とよ田みのる これ描いて死ね 漫画創作の世界に足を踏み入れる東京の離島で暮らす女子高生たちの奮闘を描く漫画浪漫成長譚 漫画を描く歓びも苦しみも余すところなく全てを詰め込んだ漫画愛に満ち溢れた 漫画の漫画 マンガ大賞2023大賞第70回小学館漫画賞受賞作品 現在1〜10巻まで好評発売中 原作詳細はこちら httpsgekkansundaynetwork4740 アニメ公式サイト httpswwwvapcojpkorekaite-shine アニメ公式X httpsxcomkorekaiteshine アニメ公式TikTok httpswwwtiktokcomkorekaiteshine これ描いて死ね これ描いて とよ田みのる,99,未分類,op,OP,0,https://yt3.ggpht.com/mpoUy3YTeFEirb9EZnvLirewO1tEe6R4hTEXKYYZqRDN1lbsY2A0UuCio8nu7KIMQpTW6nLB9Eo=s800-c-k-c0x00ffffff-no-rj,344000
FlqDBh8QjZk,TVアニメ「正反対な君と僕」第2期ノンクレジットエンディング映像,"TVアニメ「正反対な君と僕」
♬EDテーマは #MegaShinnosuke 「運命の君」✨

第2期
MBS／TBS系全国28局ネットにて毎週日曜午後5時～放送中
ABEMA、Prime Videoにて毎週日曜午後5時30分～最速配信中

【公式HP】https://sh-anime.shochiku.co.jp/seiha...
【公式X】@seihantai_x  

■キャスト
鈴木／鈴代紗弓
谷／坂田将吾
渡辺／谷口夢奈
佐藤／平林瑚夏
山田／岩田アンジ
東／島袋美由利
平／加藤渉
西／大森こころ
本田／楠木ともり

■主題歌
オープニングテーマ：7co「猫じゃらし」
作詞：芦田菜名子
作曲：RYUJA、芦田菜名子
編曲：RYUJA
（Sony Music Labels）
主題歌協力：大浜拓哉（Sony Music Entertainment）

エンディングテーマ：Mega Shinnosuke「運命の君」
歌：Mega Shinnosuke
作曲：Mega Shinnosuke
作詞：Mega Shinnosuke
編曲：Mega Shinnosuke
(協力：Spotify)

■スタッフ
原作／「正反対な君と僕」 阿賀沢紅茶（集英社 ジャンプ コミックス刊）
監督／長友孝和
シリーズ構成・アニメーションプロデューサー／内海照子
キャラクターデザイン／みやこまこ　
サブキャラクターデザイン・総作画監督／小園菜穂
総作画監督／﨑本さゆり、伊澤珠美、迫江沙羅
メインアニメーター／前原里恵
美術監督／中村千恵子
色彩設計／秋元由紀
撮影監督／塩川智幸
3Dディレクター／越田祐史
編集／黒澤雅之
2Dデザインワークス／越阪部ワタル
音楽／tofubeats
音響監督／木村絵理子
音響効果／安藤由衣
録音調整／太田泰明
選曲／合田麻衣子
アニメーション制作／ラパントラック
製作幹事／松竹アニメ事業部

©阿賀沢紅茶／集英社・「正反対な君と僕」製作委員会",2026-07-15T08:00:37Z,SHOCHIKU animeチャンネル【公式】,UC6VPE3kztGEtFVcJI0oIiUg,270808,https://i.ytimg.com/vi/FlqDBh8QjZk/hqdefault.jpg,正反対な君と僕 ノンクレジットエンディング映像 正反対な君と僕 EDテーマは MegaShinnosuke 運命の君 MBS TBS系全国28局ネットにて毎週日曜午後5時放送中 ABEMAPrime Videoにて毎週日曜午後5時30分最速配信中 公式HP httpssh- shochikucojpseiha 公式X seihantaix キャスト 鈴木 鈴代紗弓 谷 坂田将吾 渡辺 谷口夢奈 佐藤 平林瑚夏 山田 岩田アンジ 東 島袋美由利 平 加藤渉 西 大森こころ 本田 楠木ともり オープニングテーマ7co 猫じゃらし 作詞芦田菜名子 作曲RYUJA芦田菜名子 編曲RYUJA Sony Music Labels 主題歌協力大浜拓哉Sony Music Entertainment エンディングテーマMega Shinnosuke 運命の君 歌Mega Shinnosuke 作曲Mega Shinnosuke 作詞Mega Shinnosuke 編曲Mega Shinnosuke スタッフ 原作 正反対な君と僕 阿賀沢紅茶集英社 ジャンプ コミックス刊 監督 長友孝和 シリーズ構成アニメーションプロデューサー 内海照子 キャラクターデザイン みやこまこ サブキャラクターデザイン総作画監督 小園菜穂 総作画監督 本さゆり伊澤珠美迫江沙羅 メインアニメーター 前原里恵 美術監督 中村千恵子 色彩設計 秋元由紀 撮影監督 塩川智幸 3Dディレクター 越田祐史 編集 黒澤雅之 2Dデザインワークス 越阪部ワタル 音楽 tofubeats 音響監督 木村絵理子 音響効果 安藤由衣 録音調整 太田泰明 選曲 合田麻衣子 アニメーション制作 ラパントラック 製作幹事 松竹アニメ事業部 阿賀沢紅茶 集英社 正反対な君と僕 製作委員会,正反対な君と僕 ノンクレジットエンディング映像 正反対な君と僕 EDテーマは MegaShinnosuke 運命の君 MBS TBS系全国28局ネットにて毎週日曜午後5時放送中 ABEMAPrime Videoにて毎週日曜午後5時30分最速配信中 公式HP httpssh- shochikucojpseiha 公式X seihantaix キャスト 鈴木 鈴代紗弓 谷 坂田将吾 渡辺 谷口夢奈 佐藤 平林瑚夏 山田 岩田アンジ 東 島袋美由利 平 加藤渉 西 大森こころ 本田 楠木ともり オープニングテーマ7co 猫じゃらし 作詞芦田菜名子 作曲RYUJA芦田菜名子 編曲RYUJA Sony Music Labels 主題歌協力大浜拓哉Sony Music Entertainment エンディングテーマMega Shinnosuke 運命の君 歌Mega Shinnosuke 作曲Mega Shinnosuke 作詞Mega Shinnosuke 編曲Mega Shinnosuke スタッフ 原作 正反対な君と僕 阿賀沢紅茶集英社 ジャンプ コミックス刊 監督 長友孝和 シリーズ構成アニメーションプロデューサー 内海照子 キャラクターデザイン みやこまこ サブキャラクターデザイン総作画監督 小園菜穂 総作画監督 本さゆり伊澤珠美迫江沙羅 メインアニメーター 前原里恵 美術監督 中村千恵子 色彩設計 秋元由紀 撮影監督 塩川智幸 3Dディレクター 越田祐史 編集 黒澤雅之 2Dデザインワークス 越阪部ワタル 音楽 tofubeats 音響監督 木村絵理子 音響効果 安藤由衣 録音調整 太田泰明 選曲 合田麻衣子 アニメーション制作 ラパントラック 製作幹事 松竹アニメ事業部 阿賀沢紅茶 集英社 正反対な君と僕 製作委員会,正反対な君と僕 ノンクレジットエンディング映像 正反対な君と僕 EDテーマは MegaShinnosuke 運命の君 MBS TBS系全国28局ネットにて毎週日曜午後5時放送中 ABEMAPrime Videoにて毎週日曜午後5時30分最速配信中 公式HP httpssh- shochikucojpseiha 公式X seihantaix キャスト 鈴木 鈴代紗弓 谷 坂田将吾 渡辺 谷口夢奈 佐藤 平林瑚夏 山田 岩田アンジ 東 島袋美由利 平 加藤渉 西 大森こころ 本田 楠木ともり オープニングテーマ7co 猫じゃらし 作詞芦田菜名子 作曲RYUJA芦田菜名子 編曲RYUJA Sony Music Labels 主題歌協力大浜拓哉Sony Music Entertainment エンディングテーマMega Shinnosuke 運命の君 歌Mega Shinnosuke 作曲Mega Shinnosuke 作詞Mega Shinnosuke 編曲Mega Shinnosuke スタッフ 原作 正反対な君と僕 阿賀沢紅茶集英社 ジャンプ コミックス刊 監督 長友孝和 シリーズ構成アニメーションプロデューサー 内海照子 キャラクターデザイン みやこまこ サブキャラクターデザイン総作画監督 小園菜穂 総作画監督 本さゆり伊澤珠美迫江沙羅 メインアニメーター 前原里恵 美術監督 中村千恵子 色彩設計 秋元由紀 撮影監督 塩川智幸 3Dディレクター 越田祐史 編集 黒澤雅之 2Dデザインワークス 越阪部ワタル 音楽 tofubeats 音響監督 木村絵理子 音響効果 安藤由衣 録音調整 太田泰明 選曲 合田麻衣子 アニメーション制作 ラパントラック 製作幹事 松竹アニメ事業部 阿賀沢紅茶 集英社 正反対な君と僕 製作委員会,2,第2クール,op,OP,0,https://yt3.ggpht.com/NsTvqg27tbAF-BNEIy6brMZ1BmSJvqY8KGzw4cWpg8amFL3zmARjR5wj2Ho3SLVHqGmjPCOf=s800-c-k-c0x00ffffff-no-rj,127000
T3gqwRlME5Q,TVアニメ『ふつつかな悪女ではございますが ～雛宮蝶鼠とりかえ伝～』ノンクレジットエンディングムービー／エンディングテーマ：ロクデナシ「ホウキボシ」,"TVアニメ『ふつつかな悪女ではございますが ～雛宮蝶鼠とりかえ伝～』
ノンクレジットエンディングムービー公開！

【放送情報／配信情報】
毎週日曜23:45～テレ東系列にて放送中！
放送後24:15～各配信プラットフォームにて順次配信中！
https://futsutsuka.net/onair/

エンディングテーマ：ロクデナシ「ホウキボシ」
▼各配信サービスにて配信中
https://rokudenashi-ninzin.lnk.to/ShootingStar

【あらすじ】
次期妃を育成するため、五つの名家から姫君を集めた宮――『雛宮(すうぐう)』。
名家のうちの一つ、美しく聡明な黄家(こうけ)の雛女(ひめ)・玲琳(れいりん)は、『殿下の胡蝶(こちょう)』と謳われ周囲から愛されていた。
しかし乞巧節(きっこうせつ)の夜に、悪女と呼ばれ皆から嫌われていた朱家(しゅけ)の雛女・慧月(けいげつ)の手により、互いの身体を入れ替えられてしまう。

気づいた時には、すでに処刑が決まっていることを告げられ絶体絶命。
しかし幼い時から病弱で常に死と隣り合わせで生きてきた彼女は、むしろ健康な身体を手に入れたことを喜んでいた!?

悲劇かと思われた入れ替わりだったが、鋼の精神を持つ玲琳は、あばら家に追放されても自由を満喫し、命を狙ってくる者たちには持ち前の明るさと優しさで魅了し、数々の逆境を乗り越えていく。
一方、玲琳を妬み憎んでいた慧月も、玲琳の本来の人柄に触れるうちに心が揺れ始めて――。

ほうき星が輝く夜に身体が入れ替わった二人。その日から彼女たちの運命は大きく変わり、やがて後宮を揺るがす陰謀に巻き込まれていく。

正反対の少女が繰り広げる後宮“入れ替わり”逆転劇、堂々の開幕！


【スタッフ】
原作：中村颯希(一迅社ノベルス/一迅社刊)
キャラクター原案：ゆき哉・尾羊英
監督：山﨑みつえ
副監督：野呂純恵
シリーズ構成：中村能子
キャラクターデザイン：菊池愛
色彩設計：石黒けい
美術監督：矢口聖奈(studio Pablo)
撮影監督：福岡由惟
編集：武宮むつみ
音楽：橋本由香利
キャスティング：谷村 誠(サウンド・ウィング)
音響効果：白石唯果
録音調整：早野利宏
録音助手：金子諒
音響制作：東北新社
アニメーション制作：動画工房
オープニングテーマ： milet「Sunny」
エンディングテーマ：ロクデナシ「ホウキボシ」

【キャスト】
黄 玲琳：石見舞菜香
朱 慧月：川井田夏海
詠 尭明：古川 慎
辰宇：梅原裕一郎
莉莉：菱川花菜
黄 冬雪：ニケライ ファラナーゼ
黄 絹秀：五十嵐麗
朱 雅媚：茅野愛衣
金 清佳：中原麻衣
藍 芳春：水瀬いのり
玄 歌吹：石川由依


■TVアニメ公式ホームページ：https://futsutsuka.net/
■TVアニメ公式X（旧：Twitter）：https://x.com/futsutsuka_PR
■TVアニメ公式TikTok：https://www.tiktok.com/@futsutsuka_PR_official

ⓒ 中村颯希・一迅社／「ふつつかな悪女」製作委員会

#ふつつかな悪女 #ロクデナシ

-----------------------------------------------
TOHO animation
Portal Site：https://tohoanimation.jp/portal/
Official X(JP)：https://x.com/TOHOanimation
Official X(EN)：https://x.com/tohoanimationen
Official TikTok(JP)：https://www.tiktok.com/@tohoanimationch
Official TikTok(EN)：https://www.tiktok.com/@tohoanimationen
Official Instagram(JP)：https://www.instagram.com/tohoanimation_info/
Official Threads(JP)：https://www.threads.com/@tohoanimation_info/
-----------------------------------------------
TOHO animation STORE ONLINE
Online Store：https://tohoentertainmentonline.com/shop/brand/TaS/
Official X：https://x.com/TOHOanimeSTORE
Official instagram：https://www.instagram.com/tohoanimationstore_online/
-----------------------------------------------",2026-07-19T15:15:24Z,TOHO animation チャンネル,UC14Yc2Qv92DMuyNRlHvpo2Q,265169,https://i.ytimg.com/vi/T3gqwRlME5Q/hqdefault.jpg,ふつつかな悪女ではございますが 雛宮蝶鼠とりかえ伝 ノンクレジットエンディングムービー エンディングテーマロクデナシ ホウキボシ ふつつかな悪女ではございますが 雛宮蝶鼠とりかえ伝 ノンクレジットエンディングムービー公開 放送情報 配信情報 毎週日曜2345テレ東系列にて放送中 放送後2415各配信プラットフォームにて順次配信中 httpsfutsutsukanetonair エンディングテーマロクデナシ ホウキボシ 各配信サービスにて配信中 httpsrokudenashi-ninzinlnktoShootingStar あらすじ 次期妃を育成するため五つの名家から姫君を集めた宮 雛宮 名家のうちの一つ美しく聡明な黄家 の雛女 玲琳 は 殿下の胡蝶 と謳われ周囲から愛されていた しかし乞巧節 の夜に悪女と呼ばれ皆から嫌われていた朱家 の雛女慧月 の手により互いの身体を入れ替えられてしまう 気づいた時にはすでに処刑が決まっていることを告げられ絶体絶命 しかし幼い時から病弱で常に死と隣り合わせで生きてきた彼女はむしろ健康な身体を手に入れたことを喜んでいた 悲劇かと思われた入れ替わりだったが鋼の精神を持つ玲琳はあばら家に追放されても自由を満喫し命を狙ってくる者たちには持ち前の明るさと優しさで魅了し数の逆境を乗り越えていく 一方玲琳を妬み憎んでいた慧月も玲琳の本来の人柄に触れるうちに心が揺れ始めて ほうき星が輝く夜に身体が入れ替わった二人その日から彼女たちの運命は大きく変わりやがて後宮を揺るがす陰謀に巻き込まれていく 正反対の少女が繰り広げる後宮入れ替わり逆転劇堂の開幕 スタッフ 原作中村颯希 キャラクター原案ゆき哉尾羊英 監督山みつえ 副監督野呂純恵 シリーズ構成中村能子 キャラクターデザイン菊池愛 色彩設計石黒けい 美術監督矢口聖奈 撮影監督福岡由惟 編集武宮むつみ 音楽橋本由香利 キャスティング谷村 誠 音響効果白石唯果 録音調整早野利宏 録音助手金子諒 音響制作東北新社 アニメーション制作動画工房 オープニングテーマ milet Sunny エンディングテーマロクデナシ ホウキボシ キャスト 黄 玲琳石見舞菜香 朱 慧月川井田夏海 詠 尭明古川 慎 辰宇梅原裕一郎 莉莉菱川花菜 黄 冬雪ニケライ ファラナーゼ 黄 絹秀五十嵐麗 朱 雅媚茅野愛衣 金 清佳中原麻衣 藍 芳春水瀬いのり 玄 歌吹石川由依 TVアニメ公式ホームページhttpsfutsutsukanet TVアニメ公式X旧TwitterhttpsxcomfutsutsukaPR TVアニメ公式TikTokhttpswwwtiktokcomfutsutsukaPRofficial 中村颯希一迅社 ふつつかな悪女 製作委員会 ふつつかな悪女 ロクデナシ ----------------------------------------------- TOHO animation Portal Sitehttpstohoanimationjpportal X httpsxcomTOHOanimation X httpsxcomtohoanimationen TikTok httpswwwtiktokcomtohoanimationch TikTok httpswwwtiktokcomtohoanimationen Instagram httpswwwinstagramcomtohoanimationinfo Threads httpswwwthreadscomtohoanimationinfo ----------------------------------------------- TOHO animation STORE ONLINE Online StorehttpstohoentertainmentonlinecomshopbrandTaS XhttpsxcomTOHOanimeSTORE instagramhttpswwwinstagramcomtohoanimationstoreonline,ふつつかな悪女ではございますが 雛宮蝶鼠とりかえ伝 ノンクレジットエンディングムービー エンディングテーマロクデナシ ホウキボシ ふつつかな悪女ではございますが 雛宮蝶鼠とりかえ伝 ノンクレジットエンディングムービー公開 放送情報 配信情報 毎週日曜2345テレ東系列にて放送中 放送後2415各配信プラットフォームにて順次配信中 httpsfutsutsukanetonair エンディングテーマロクデナシ ホウキボシ 各配信サービスにて配信中 httpsrokudenashi-ninzinlnktoShootingStar あらすじ 次期妃を育成するため五つの名家から姫君を集めた宮 雛宮 名家のうちの一つ美しく聡明な黄家 の雛女 玲琳 は 殿下の胡蝶 と謳われ周囲から愛されていた しかし乞巧節 の夜に悪女と呼ばれ皆から嫌われていた朱家 の雛女慧月 の手により互いの身体を入れ替えられてしまう 気づいた時にはすでに処刑が決まっていることを告げられ絶体絶命 しかし幼い時から病弱で常に死と隣り合わせで生きてきた彼女はむしろ健康な身体を手に入れたことを喜んでいた 悲劇かと思われた入れ替わりだったが鋼の精神を持つ玲琳はあばら家に追放されても自由を満喫し命を狙ってくる者たちには持ち前の明るさと優しさで魅了し数の逆境を乗り越えていく 一方玲琳を妬み憎んでいた慧月も玲琳の本来の人柄に触れるうちに心が揺れ始めて ほうき星が輝く夜に身体が入れ替わった二人その日から彼女たちの運命は大きく変わりやがて後宮を揺るがす陰謀に巻き込まれていく 正反対の少女が繰り広げる後宮入れ替わり逆転劇堂の開幕 スタッフ 原作中村颯希 キャラクター原案ゆき哉尾羊英 監督山みつえ 副監督野呂純恵 シリーズ構成中村能子 キャラクターデザイン菊池愛 色彩設計石黒けい 美術監督矢口聖奈 撮影監督福岡由惟 編集武宮むつみ 音楽橋本由香利 キャスティング谷村 誠 音響効果白石唯果 録音調整早野利宏 録音助手金子諒 音響制作東北新社 アニメーション制作動画工房 オープニングテーマ milet Sunny エンディングテーマロクデナシ ホウキボシ キャスト 黄 玲琳石見舞菜香 朱 慧月川井田夏海 詠 尭明古川 慎 辰宇梅原裕一郎 莉莉菱川花菜 黄 冬雪ニケライ ファラナーゼ 黄 絹秀五十嵐麗 朱 雅媚茅野愛衣 金 清佳中原麻衣 藍 芳春水瀬いのり 玄 歌吹石川由依 TVアニメ公式ホームページhttpsfutsutsukanet TVアニメ公式X旧TwitterhttpsxcomfutsutsukaPR TVアニメ公式TikTokhttpswwwtiktokcomfutsutsukaPRofficial 中村颯希一迅社 ふつつかな悪女 製作委員会 ふつつかな悪女 ロクデナシ ----------------------------------------------- TOHO animation Portal Sitehttpstohoanimationjpportal X httpsxcomTOHOanimation X httpsxcomtohoanimationen TikTok httpswwwtiktokcomtohoanimationch TikTok httpswwwtiktokcomtohoanimationen Instagram httpswwwinstagramcomtohoanimationinfo Threads httpswwwthreadscomtohoanimationinfo ----------------------------------------------- TOHO animation STORE ONLINE Online StorehttpstohoentertainmentonlinecomshopbrandTaS XhttpsxcomTOHOanimeSTORE instagramhttpswwwinstagramcomtohoanimationstoreonline,ふつつかな悪女ではございますが 雛宮蝶鼠とりかえ伝 ノンクレジットエンディングムービー エンディングテーマロクデナシ ホウキボシ ふつつかな悪女ではございますが 雛宮蝶鼠とりかえ伝 ノンクレジットエンディングムービー公開 放送情報 配信情報 毎週日曜2345テレ東系列にて放送中 放送後2415各配信プラットフォームにて順次配信中 httpsfutsutsukanetonair エンディングテーマロクデナシ ホウキボシ 各配信サービスにて配信中 httpsrokudenashi-ninzinlnktoShootingStar あらすじ 次期妃を育成するため五つの名家から姫君を集めた宮 雛宮 名家のうちの一つ美しく聡明な黄家 の雛女 玲琳 は 殿下の胡蝶 と謳われ周囲から愛されていた しかし乞巧節 の夜に悪女と呼ばれ皆から嫌われていた朱家 の雛女慧月 の手により互いの身体を入れ替えられてしまう 気づいた時にはすでに処刑が決まっていることを告げられ絶体絶命 しかし幼い時から病弱で常に死と隣り合わせで生きてきた彼女はむしろ健康な身体を手に入れたことを喜んでいた 悲劇かと思われた入れ替わりだったが鋼の精神を持つ玲琳はあばら家に追放されても自由を満喫し命を狙ってくる者たちには持ち前の明るさと優しさで魅了し数の逆境を乗り越えていく 一方玲琳を妬み憎んでいた慧月も玲琳の本来の人柄に触れるうちに心が揺れ始めて ほうき星が輝く夜に身体が入れ替わった二人その日から彼女たちの運命は大きく変わりやがて後宮を揺るがす陰謀に巻き込まれていく 正反対の少女が繰り広げる後宮入れ替わり逆転劇堂の開幕 スタッフ 原作中村颯希 キャラクター原案ゆき哉尾羊英 監督山みつえ 副監督野呂純恵 シリーズ構成中村能子 キャラクターデザイン菊池愛 色彩設計石黒けい 美術監督矢口聖奈 撮影監督福岡由惟 編集武宮むつみ 音楽橋本由香利 キャスティング谷村 誠 音響効果白石唯果 録音調整早野利宏 録音助手金子諒 音響制作東北新社 アニメーション制作動画工房 オープニングテーマ milet Sunny エンディングテーマロクデナシ ホウキボシ キャスト 黄 玲琳石見舞菜香 朱 慧月川井田夏海 詠 尭明古川 慎 辰宇梅原裕一郎 莉莉菱川花菜 黄 冬雪ニケライ ファラナーゼ 黄 絹秀五十嵐麗 朱 雅媚茅野愛衣 金 清佳中原麻衣 藍 芳春水瀬いのり 玄 歌吹石川由依 TVアニメ公式ホームページhttpsfutsutsukanet TVアニメ公式X旧TwitterhttpsxcomfutsutsukaPR TVアニメ公式TikTokhttpswwwtiktokcomfutsutsukaPRofficial 中村颯希一迅社 ふつつかな悪女 製作委員会 ふつつかな悪女 ロクデナシ ----------------------------------------------- TOHO animation Portal Sitehttpstohoanimationjpportal X httpsxcomTOHOanimation X httpsxcomtohoanimationen TikTok httpswwwtiktokcomtohoanimationch TikTok httpswwwtiktokcomtohoanimationen Instagram httpswwwinstagramcomtohoanimationinfo Threads httpswwwthreadscomtohoanimationinfo ----------------------------------------------- TOHO animation STORE ONLINE Online StorehttpstohoentertainmentonlinecomshopbrandTaS XhttpsxcomTOHOanimeSTORE instagramhttpswwwinstagramcomtohoanimationstoreonline,99,未分類,op,OP,0,https://yt3.ggpht.com/eWI91qDASaVas8dGoEkvje7u30u0Wo8buZBhtX9xsMnzGsgzJWiY4WLUzoDXimWFJBbNlc_OXA=s800-c-k-c0x00ffffff-no-rj,4440000
2EvOx3XM5I0,【ノンクレジットOP】ショートアニメ「北斗の拳 拳王軍ザコたちの挽歌」ノンクレジットオープニング映像｜The Canbellz「I'm a Loser」7/6より第2クール放送中！,"ショートアニメ『北斗の拳　拳王軍ザコたちの挽歌』
第2クールのオープニング映像をノンクレジットでお届けします！
テーマ曲は「I'm a Loser」The Canbellz
作詞・作曲　神戸シンキ

■作品概要
「北斗の拳 拳王軍ザコたちの挽歌」は、「北斗の拳」のスピンオフのひとつとして、2017年11月から2020年2月まで連載された作品。 個性豊かなザコたちが繰り広げる、もう一つの世紀末伝説をアニメ化！！

★ストーリー
就職先は…拳王軍でした。
199X年。核の炎に包まれた世界は、生きていくだけでも大変な世界。そんな中、主人公ノブが見つけた就職先は、なんとあの「拳王軍」だった！志望者よりも死亡者が多い危険すぎる職場で、ノブはいつまで生きていられるのか…!?
ババアに変装したザコや、カサンドラのウイグル獄長、聖帝軍の「汚物は消毒の人」など個性豊かなザコが続々登場!!
ザコ死にまくりコメディ☆開幕!!

★スタッフ 
原作：原案・武論尊・原 哲夫　作画・倉尾 宏（ゼノンコミックス／コアミックス） 
アニメーションディレクター：三浦大輔
美術監督：岩井未来　 
色彩設計：岩井未来　 
撮影監督：伊藤小夜子　 
演出・編集：長谷卓磨
　　　　　　齋藤佑馬
音楽：三浦誠司 
アニメーション制作：動楽 

★キャスト 
ノブ：下野紘
ザク：拝真之介 
バーズ：矢野正明
ナレーション：高橋伸也

★主題歌
オープニング：「I'm a Loser」The Canbellz
エンディング：「白い蝶が飛んだら」（イツカ▶︎ feat. Dr. Washington | Special Guest Guitar:Tsuyoshi Ujiki）

★SNS 
公式サイト：https://zakoban.com
公式X ：https://x.com/hokuto_zakoban

★放送・配信概要 
2026年7月6日(月)より第2クール放送開始
AT-X：毎週月曜20時00分～　リピート放送 毎週水曜8時00分～／毎週金曜14時00分～
TOKYO MX：毎週月曜21時54分～
アニメタイムズにて、最速配信中

★番組コピーライト
©武論尊・原哲夫／コアミックス 1983, ©ザコたちの挽歌製作委員会

#ざこばん #zakoban #北斗の拳 #hokuto_anime",2026-07-30T02:00:17Z,FRONTIERWORKS,UCjmvcdZFiJQkZ8R9_IEAefg,184733,https://i.ytimg.com/vi/2EvOx3XM5I0/hqdefault.jpg,ノンクレジットOP ショートアニメ 北斗の拳 拳王軍ザコたちの挽歌 ノンクレジットオープニング映像 The Canbellz Im a Loser 76より 放送中 ショートアニメ 北斗の拳 拳王軍ザコたちの挽歌 のオープニング映像をノンクレジットでお届けします テーマ曲は Im a Loser The Canbellz 作詞作曲 神戸シンキ 作品概要 北斗の拳 拳王軍ザコたちの挽歌 は 北斗の拳 のスピンオフのひとつとして2017年11月から2020年2月まで連載された作品 個性豊かなザコたちが繰り広げるもう一つの世紀末伝説をアニメ化 ストーリー 就職先は拳王軍でした 199X年核の炎に包まれた世界は生きていくだけでも大変な世界そんな中主人公ノブが見つけた就職先はなんとあの 拳王軍 だった志望者よりも死亡者が多い危険すぎる職場でノブはいつまで生きていられるのか ババアに変装したザコやカサンドラのウイグル獄長聖帝軍の 汚物は消毒の人 など個性豊かなザコが続登場 ザコ死にまくりコメディ開幕 スタッフ 原作原案武論尊原 哲夫 作画倉尾 宏ゼノンコミックス コアミックス アニメーションディレクター三浦大輔 美術監督岩井未来 色彩設計岩井未来 撮影監督伊藤小夜子 演出編集長谷卓磨 齋藤佑馬 音楽三浦誠司 アニメーション制作動楽 キャスト ノブ下野紘 ザク拝真之介 バーズ矢野正明 ナレーション高橋伸也 Im a Loser The Canbellz 白い蝶が飛んだら イツカ feat Dr Washington Special Guest GuitarTsuyoshi Ujiki SNS 公式サイトhttpszakobancom 公式X httpsxcomhokutozakoban 放送配信概要 2026年7月6日 より 放送開始 AT-X毎週月曜20時00分 リピート放送 毎週水曜8時00分 毎週金曜14時00分 TOKYO MX毎週月曜21時54分 アニメタイムズにて最速配信中 番組コピーライト 武論尊原哲夫 コアミックス 1983 ザコたちの挽歌製作委員会 ざこばん zakoban 北斗の拳 hokutoanime,ノンクレジットOP ショートアニメ 北斗の拳 拳王軍ザコたちの挽歌 ノンクレジットオープニング映像 The Canbellz Im a Loser 76より 放送中 ショートアニメ 北斗の拳 拳王軍ザコたちの挽歌 のオープニング映像をノンクレジットでお届けします テーマ曲は Im a Loser The Canbellz 作詞作曲 神戸シンキ 作品概要 北斗の拳 拳王軍ザコたちの挽歌 は 北斗の拳 のスピンオフのひとつとして2017年11月から2020年2月まで連載された作品 個性豊かなザコたちが繰り広げるもう一つの世紀末伝説をアニメ化 ストーリー 就職先は拳王軍でした 199X年核の炎に包まれた世界は生きていくだけでも大変な世界そんな中主人公ノブが見つけた就職先はなんとあの 拳王軍 だった志望者よりも死亡者が多い危険すぎる職場でノブはいつまで生きていられるのか ババアに変装したザコやカサンドラのウイグル獄長聖帝軍の 汚物は消毒の人 など個性豊かなザコが続登場 ザコ死にまくりコメディ開幕 スタッフ 原作原案武論尊原 哲夫 作画倉尾 宏ゼノンコミックス コアミックス アニメーションディレクター三浦大輔 美術監督岩井未来 色彩設計岩井未来 撮影監督伊藤小夜子 演出編集長谷卓磨 齋藤佑馬 音楽三浦誠司 アニメーション制作動楽 キャスト ノブ下野紘 ザク拝真之介 バーズ矢野正明 ナレーション高橋伸也 Im a Loser The Canbellz 白い蝶が飛んだら イツカ feat Dr Washington Special Guest GuitarTsuyoshi Ujiki SNS 公式サイトhttpszakobancom 公式X httpsxcomhokutozakoban 放送配信概要 2026年7月6日 より 放送開始 AT-X毎週月曜20時00分 リピート放送 毎週水曜8時00分 毎週金曜14時00分 TOKYO MX毎週月曜21時54分 アニメタイムズにて最速配信中 番組コピーライト 武論尊原哲夫 コアミックス 1983 ザコたちの挽歌製作委員会 ざこばん zakoban 北斗の拳 hokutoanime,ノンクレジットOP ショートアニメ 北斗の拳 拳王軍ザコたちの挽歌 ノンクレジットオープニング映像 The Canbellz Im a Loser 76より 放送中 ショートアニメ 北斗の拳 拳王軍ザコたちの挽歌 のオープニング映像をノンクレジットでお届けします テーマ曲は Im a Loser The Canbellz 作詞作曲 神戸シンキ 作品概要 北斗の拳 拳王軍ザコたちの挽歌 は 北斗の拳 のスピンオフのひとつとして2017年11月から2020年2月まで連載された作品 個性豊かなザコたちが繰り広げるもう一つの世紀末伝説をアニメ化 ストーリー 就職先は拳王軍でした 199X年核の炎に包まれた世界は生きていくだけでも大変な世界そんな中主人公ノブが見つけた就職先はなんとあの 拳王軍 だった志望者よりも死亡者が多い危険すぎる職場でノブはいつまで生きていられるのか ババアに変装したザコやカサンドラのウイグル獄長聖帝軍の 汚物は消毒の人 など個性豊かなザコが続登場 ザコ死にまくりコメディ開幕 スタッフ 原作原案武論尊原 哲夫 作画倉尾 宏ゼノンコミックス コアミックス アニメーションディレクター三浦大輔 美術監督岩井未来 色彩設計岩井未来 撮影監督伊藤小夜子 演出編集長谷卓磨 齋藤佑馬 音楽三浦誠司 アニメーション制作動楽 キャスト ノブ下野紘 ザク拝真之介 バーズ矢野正明 ナレーション高橋伸也 Im a Loser The Canbellz 白い蝶が飛んだら イツカ feat Dr Washington Special Guest GuitarTsuyoshi Ujiki SNS 公式サイトhttpszakobancom 公式X httpsxcomhokutozakoban 放送配信概要 2026年7月6日 より 放送開始 AT-X毎週月曜20時00分 リピート放送 毎週水曜8時00分 毎週金曜14時00分 TOKYO MX毎週月曜21時54分 アニメタイムズにて最速配信中 番組コピーライト 武論尊原哲夫 コアミックス 1983 ザコたちの挽歌製作委員会 ざこばん zakoban 北斗の拳 hokutoanime,2,第2クール,op,OP,0,https://yt3.ggpht.com/ytc/AIdro_mJBRqmlT-6xWgKDNB--uD6qvUl34icR3yqXMCKGE2xcto=s800-c-k-c0x00ffffff-no-rj,172000
H4J8Kh65Qu8,"ショートアニメ「北斗の拳 拳王軍ザコたちの挽歌」ノンクレジットエンディングテーマ｜「白い蝶が飛んだら」　イツカ▶︎ feat. Dr.Washington, うじきつよし　7/6より第2クール放送中！","ショートアニメ『北斗の拳　拳王軍ザコたちの挽歌』
第2クールのエンディング映像をノンクレジットでお届けします！
テーマ曲は「白い蝶が飛んだら」　イツカ▶︎ feat. Dr.Washington, うじきつよしGuitar:Tsuyoshi Ujiki）
作詞・作曲　三浦誠司

■作品概要
「北斗の拳 拳王軍ザコたちの挽歌」は、「北斗の拳」のスピンオフ作品のひとつとして、2017年11月から2020年2月まで連載された作品。 個性豊かなザコたちが繰り広げる、もう一つの世紀末伝説をアニメ化！！

★ストーリー
就職先は…拳王軍でした。
199X年。核の炎に包まれた世界は、生きていくだけでも大変な世界。そんな中、主人公ノブが見つけた就職先は、なんとあの「拳王軍」だった！志望者よりも死亡者が多い危険すぎる職場で、ノブはいつまで生きていられるのか…!?
ババアに変装したザコや、カサンドラのウイグル獄長、聖帝軍の「汚物は消毒の人」など個性豊かなザコが続々登場!!
ザコ死にまくりコメディ☆開幕!!

★スタッフ 
原作：原案・武論尊・原 哲夫　作画・倉尾 宏（ゼノンコミックス／コアミックス） 
アニメーションディレクター：三浦大輔
美術監督：岩井未来　 
色彩設計：岩井未来　 
撮影監督：伊藤小夜子　 
演出・編集：長谷卓磨
　　　　　　齋藤佑馬
音楽：三浦誠司 
アニメーション制作：動楽 

★キャスト 
ノブ：下野紘
ザク：拝真之介 
バーズ：矢野正明
ナレーション：高橋伸也

★主題歌
オープニング：「I'm a Loser」The Canbellz
エンディング：「白い蝶が飛んだら」（イツカ▶︎ feat. Dr. Washington | Special Guest Guitar:Tsuyoshi Ujiki）

★SNS 
公式サイト：https://zakoban.com
公式X ：https://x.com/hokuto_zakoban

★放送・配信概要 
2026年7月6日(月)より第2クール放送開始
AT-X：毎週月曜20時00分～　リピート放送 毎週水曜8時00分～／毎週金曜14時00分～
TOKYO MX：毎週月曜21時54分～
アニメタイムズにて、最速配信中

★番組コピーライト
©武論尊・原哲夫／コアミックス 1983, ©ザコたちの挽歌製作委員会

#ざこばん #zakoban #北斗の拳 #hokuto_anime",2026-07-30T03:00:16Z,FRONTIERWORKS,UCjmvcdZFiJQkZ8R9_IEAefg,160509,https://i.ytimg.com/vi/H4J8Kh65Qu8/hqdefault.jpg,ショートアニメ 北斗の拳 拳王軍ザコたちの挽歌 ノンクレジットエンディングテーマ 白い蝶が飛んだら イツカ feat DrWashington うじきつよし 76より 放送中 ショートアニメ 北斗の拳 拳王軍ザコたちの挽歌 のエンディング映像をノンクレジットでお届けします テーマ曲は 白い蝶が飛んだら イツカ feat DrWashington うじきつよしGuitarTsuyoshi Ujiki 作詞作曲 三浦誠司 作品概要 北斗の拳 拳王軍ザコたちの挽歌 は 北斗の拳 のスピンオフ作品のひとつとして2017年11月から2020年2月まで連載された作品 個性豊かなザコたちが繰り広げるもう一つの世紀末伝説をアニメ化 ストーリー 就職先は拳王軍でした 199X年核の炎に包まれた世界は生きていくだけでも大変な世界そんな中主人公ノブが見つけた就職先はなんとあの 拳王軍 だった志望者よりも死亡者が多い危険すぎる職場でノブはいつまで生きていられるのか ババアに変装したザコやカサンドラのウイグル獄長聖帝軍の 汚物は消毒の人 など個性豊かなザコが続登場 ザコ死にまくりコメディ開幕 スタッフ 原作原案武論尊原 哲夫 作画倉尾 宏ゼノンコミックス コアミックス アニメーションディレクター三浦大輔 美術監督岩井未来 色彩設計岩井未来 撮影監督伊藤小夜子 演出編集長谷卓磨 齋藤佑馬 音楽三浦誠司 アニメーション制作動楽 キャスト ノブ下野紘 ザク拝真之介 バーズ矢野正明 ナレーション高橋伸也 Im a Loser The Canbellz 白い蝶が飛んだら イツカ feat Dr Washington Special Guest GuitarTsuyoshi Ujiki SNS 公式サイトhttpszakobancom 公式X httpsxcomhokutozakoban 放送配信概要 2026年7月6日 より 放送開始 AT-X毎週月曜20時00分 リピート放送 毎週水曜8時00分 毎週金曜14時00分 TOKYO MX毎週月曜21時54分 アニメタイムズにて最速配信中 番組コピーライト 武論尊原哲夫 コアミックス 1983 ザコたちの挽歌製作委員会 ざこばん zakoban 北斗の拳 hokutoanime,ショートアニメ 北斗の拳 拳王軍ザコたちの挽歌 ノンクレジットエンディングテーマ 白い蝶が飛んだら イツカ feat DrWashington うじきつよし 76より 放送中 ショートアニメ 北斗の拳 拳王軍ザコたちの挽歌 のエンディング映像をノンクレジットでお届けします テーマ曲は 白い蝶が飛んだら イツカ feat DrWashington うじきつよしGuitarTsuyoshi Ujiki 作詞作曲 三浦誠司 作品概要 北斗の拳 拳王軍ザコたちの挽歌 は 北斗の拳 のスピンオフ作品のひとつとして2017年11月から2020年2月まで連載された作品 個性豊かなザコたちが繰り広げるもう一つの世紀末伝説をアニメ化 ストーリー 就職先は拳王軍でした 199X年核の炎に包まれた世界は生きていくだけでも大変な世界そんな中主人公ノブが見つけた就職先はなんとあの 拳王軍 だった志望者よりも死亡者が多い危険すぎる職場でノブはいつまで生きていられるのか ババアに変装したザコやカサンドラのウイグル獄長聖帝軍の 汚物は消毒の人 など個性豊かなザコが続登場 ザコ死にまくりコメディ開幕 スタッフ 原作原案武論尊原 哲夫 作画倉尾 宏ゼノンコミックス コアミックス アニメーションディレクター三浦大輔 美術監督岩井未来 色彩設計岩井未来 撮影監督伊藤小夜子 演出編集長谷卓磨 齋藤佑馬 音楽三浦誠司 アニメーション制作動楽 キャスト ノブ下野紘 ザク拝真之介 バーズ矢野正明 ナレーション高橋伸也 Im a Loser The Canbellz 白い蝶が飛んだら イツカ feat Dr Washington Special Guest GuitarTsuyoshi Ujiki SNS 公式サイトhttpszakobancom 公式X httpsxcomhokutozakoban 放送配信概要 2026年7月6日 より 放送開始 AT-X毎週月曜20時00分 リピート放送 毎週水曜8時00分 毎週金曜14時00分 TOKYO MX毎週月曜21時54分 アニメタイムズにて最速配信中 番組コピーライト 武論尊原哲夫 コアミックス 1983 ザコたちの挽歌製作委員会 ざこばん zakoban 北斗の拳 hokutoanime,ショートアニメ 北斗の拳 拳王軍ザコたちの挽歌 ノンクレジットエンディングテーマ 白い蝶が飛んだら イツカ feat DrWashington うじきつよし 76より 放送中 ショートアニメ 北斗の拳 拳王軍ザコたちの挽歌 のエンディング映像をノンクレジットでお届けします テーマ曲は 白い蝶が飛んだら イツカ feat DrWashington うじきつよしGuitarTsuyoshi Ujiki 作詞作曲 三浦誠司 作品概要 北斗の拳 拳王軍ザコたちの挽歌 は 北斗の拳 のスピンオフ作品のひとつとして2017年11月から2020年2月まで連載された作品 個性豊かなザコたちが繰り広げるもう一つの世紀末伝説をアニメ化 ストーリー 就職先は拳王軍でした 199X年核の炎に包まれた世界は生きていくだけでも大変な世界そんな中主人公ノブが見つけた就職先はなんとあの 拳王軍 だった志望者よりも死亡者が多い危険すぎる職場でノブはいつまで生きていられるのか ババアに変装したザコやカサンドラのウイグル獄長聖帝軍の 汚物は消毒の人 など個性豊かなザコが続登場 ザコ死にまくりコメディ開幕 スタッフ 原作原案武論尊原 哲夫 作画倉尾 宏ゼノンコミックス コアミックス アニメーションディレクター三浦大輔 美術監督岩井未来 色彩設計岩井未来 撮影監督伊藤小夜子 演出編集長谷卓磨 齋藤佑馬 音楽三浦誠司 アニメーション制作動楽 キャスト ノブ下野紘 ザク拝真之介 バーズ矢野正明 ナレーション高橋伸也 Im a Loser The Canbellz 白い蝶が飛んだら イツカ feat Dr Washington Special Guest GuitarTsuyoshi Ujiki SNS 公式サイトhttpszakobancom 公式X httpsxcomhokutozakoban 放送配信概要 2026年7月6日 より 放送開始 AT-X毎週月曜20時00分 リピート放送 毎週水曜8時00分 毎週金曜14時00分 TOKYO MX毎週月曜21時54分 アニメタイムズにて最速配信中 番組コピーライト 武論尊原哲夫 コアミックス 1983 ザコたちの挽歌製作委員会 ざこばん zakoban 北斗の拳 hokutoanime,2,第2クール,op,OP,0,https://yt3.ggpht.com/ytc/AIdro_mJBRqmlT-6xWgKDNB--uD6qvUl34icR3yqXMCKGE2xcto=s800-c-k-c0x00ffffff-no-rj,172000
x2k_iYCGKvE,TVアニメ『幼女戦記Ⅱ』ノンクレジットED映像｜ターニャ・デグレチャフ(CV:悠木碧)「Weiter! Weiter!」,"TVアニメ「幼女戦記Ⅱ」毎週水曜日放送中！

■エンディングテーマ
ターニャ・デグレチャフ(CV:悠木碧)「Weiter! Weiter!」

配信　https://nex-tone.link/U4sZm3zRR

公式HP　https://youjo-senki.jp/
公式X　https://x.com/youjosenki

＜放送・配信情報＞
2026年7⽉8⽇（⽔）よりTVアニメ放送開始！

AT-X：7月8日（⽔）より 毎週⽔曜 21：30〜
TOKYO MX：7月8日（⽔）より 毎週⽔曜 23：30〜
サンテレビ：7月8日（⽔）より 毎週⽔曜 25：00〜
ＫＢＳ京都：7月8日（⽔）より 毎週⽔曜 25：30〜
ＢＳ11：7月8日（⽔）より 毎週⽔曜 25：30〜
テレビ愛知：7月8日（⽔）より 毎週⽔曜 25：30〜

ABEMA・dアニメストアにて地上波先⾏・最速配信！
ABEMA：7⽉8⽇（⽔）より 毎週⽔曜 23：00〜
dアニメストア：7⽉8⽇（⽔）より 毎週⽔曜 23：00〜
7月11日（土）より毎週土曜 23：00～各配信サイトにて順次配信開始！

＜スタッフ＞
原作：カルロ・ゼン(「幼女戦記」／KADOKAWA刊) 
キャラクター原案：篠月しのぶ 
監督：山本貴之 
シリーズ構成・脚本：猪原健太 
キャラクターデザイン・総作画監督：細越裕治 
サブキャラクターデザイン：谷口宏美・牧孝雄・栗田新一 
服飾デザイン：谷口宏美 
魔導具デザイン：江畑諒真・月田文律 
銃器デザイン：秋篠Denforword日和・大津直・月田文律 
プロップデザイン：森山洋・秋篠Denforword日和 
設定考証：鈴木貴昭
メインアニメーター：ほりうちひろゆき・栗田新一 
美術監督：平栁 悟 (アートスタジオ・ザオ)
色彩設計：中村千穂 
撮影監督：木舩颯人 
3DCGIディレクター：高橋将人 
特技監督：シュウ浩嵩 
編集：神宮司由美 
音楽：片山修志 
音響監督：岩浪美和 
アニメーション制作：NUT 
製作：幼女戦記2製作委員会

＜キャスト＞
ターニャ：悠木碧 
ヴィーシャ：早見沙織 
レルゲン：三木眞一郎 
ルーデルドルフ：玄田哲章 
ゼートゥーア：大塚芳忠  
ヴァイス：濱野大輝 
グランツ：小林裕介 
ケーニッヒ：笠間淳 
ノイマン：林大地 
ミケル：杉田智和 
ウィリアム・ドレイク：森川智之 
リリーヤ：日笠陽子 
メアリー：戸松遥 
カランドロ：花輪英司
＜第2期イントロダクション＞
統一暦1926年、秋。

ターニャ・フォン・デグレチャフ中佐は、
新編されるサラマンダー戦闘団の指揮官に任じられ、
再び苛烈な戦線へと身を投じる。

臨機応変に編成される戦闘団は見た目こそは精強だが、
その実は寄せ集めに過ぎなかった。

これで戦争を戦えるのか？
不条理な現実に吠えるターニャ。

追い打ちをかけたのは早すぎる連邦の冬だ。
帝国は出口のない泥沼でもがいていた。

各国が求めるのは、すべてを終わらせるための圧倒的勝利。
しかし、誰も知らない。
自分達が何を望んで、それが本当は何を意味するのかを。

抗いようもなく、ターニャは激動の最前線に立ち続ける――。

＜原作小説＞
1〜14巻好評発売中！B11:F12

著：カルロ・ゼン
イラスト：篠月しのぶ

＜コミカライズ＞
角川コミックス・エース
「幼女戦記」1〜34巻発売中！

漫画：東條チカ
原作：カルロ・ゼン
キャラクター原案：篠月しのぶ

©カルロ・ゼン・KADOKAWA刊／幼女戦記2製作委員会",2026-07-15T15:00:26Z,KADOKAWAanime,UCY5fcqgSrQItPAX_Z5Frmwg,159675,https://i.ytimg.com/vi/x2k_iYCGKvE/hqdefault.jpg,幼女戦記 ノンクレジットED映像 ターニャデグレチャフ Weiter Weiter 幼女戦記 毎週水曜日放送中 エンディングテーマ ターニャデグレチャフ Weiter Weiter 配信 httpsnex-tonelinkU4sZm3zRR 公式HP httpsyoujo-senkijp 公式X httpsxcomyoujosenki 放送配信情報 2026年78よりTVアニメ放送開始 AT-X7月8日より 毎週曜 2130〜 TOKYO MX7月8日より 毎週曜 2330〜 サンテレビ7月8日より 毎週曜 2500〜 京都7月8日より 毎週曜 2530〜 117月8日より 毎週曜 2530〜 テレビ愛知7月8日より 毎週曜 2530〜 ABEMAdアニメストアにて地上波先最速配信 ABEMA78より 毎週曜 2300〜 dアニメストア78より 毎週曜 2300〜 7月11日土より毎週土曜 2300各配信サイトにて順次配信開始 スタッフ 原作カルロゼン キャラクター原案篠月しのぶ 監督山本貴之 シリーズ構成脚本猪原健太 キャラクターデザイン総作画監督細越裕治 サブキャラクターデザイン谷口宏美牧孝雄栗田新一 服飾デザイン谷口宏美 魔導具デザイン江畑諒真月田文律 銃器デザイン秋篠Denforword日和大津直月田文律 プロップデザイン森山洋秋篠Denforword日和 設定考証鈴木貴昭 メインアニメーターほりうちひろゆき栗田新一 美術監督平栁 悟 色彩設計中村千穂 撮影監督木舩颯人 3DCGIディレクター高橋将人 特技監督シュウ浩嵩 編集神宮司由美 音楽片山修志 音響監督岩浪美和 アニメーション制作NUT 製作幼女戦記2製作委員会 キャスト ターニャ悠木碧 ィーシャ早見沙織 レルゲン三木眞一郎 ルーデルドルフ玄田哲章 ゼートゥーア大塚芳忠 ァイス濱野大輝 グランツ小林裕介 ケーニッヒ笠間淳 ノイマン林大地 ミケル杉田智和 ウィリアムドレイク森川智之 リリーヤ日笠陽子 メアリー戸松遥 カランドロ花輪英司 イントロダクション 統一暦1926年秋 ターニャフォンデグレチャフ中佐は 新編されるサラマンダー戦闘団の指揮官に任じられ 再び苛烈な戦線へと身を投じる 臨機応変に編成される戦闘団は見た目こそは精強だが その実は寄せ集めに過ぎなかった これで戦争を戦えるのか 不条理な現実に吠えるターニャ 追い打ちをかけたのは早すぎる連邦の冬だ 帝国は出口のない泥沼でもがいていた 各国が求めるのはすべてを終わらせるための圧倒的勝利 しかし誰も知らない 自分達が何を望んでそれが本当は何を意味するのかを 抗いようもなくターニャは激動の最前線に立ち続ける 原作小説 1〜14巻好評発売中B11F12 著カルロゼン イラスト篠月しのぶ コミカライズ 角川コミックスエース 幼女戦記 1〜34巻発売中 漫画東條チカ 原作カルロゼン キャラクター原案篠月しのぶ カルロゼンKADOKAWA刊 幼女戦記2製作委員会,幼女戦記 ノンクレジットED映像 ターニャデグレチャフ Weiter Weiter 幼女戦記 毎週水曜日放送中 エンディングテーマ ターニャデグレチャフ Weiter Weiter 配信 httpsnex-tonelinkU4sZm3zRR 公式HP httpsyoujo-senkijp 公式X httpsxcomyoujosenki 放送配信情報 2026年78よりTVアニメ放送開始 AT-X7月8日より 毎週曜 2130〜 TOKYO MX7月8日より 毎週曜 2330〜 サンテレビ7月8日より 毎週曜 2500〜 京都7月8日より 毎週曜 2530〜 117月8日より 毎週曜 2530〜 テレビ愛知7月8日より 毎週曜 2530〜 ABEMAdアニメストアにて地上波先最速配信 ABEMA78より 毎週曜 2300〜 dアニメストア78より 毎週曜 2300〜 7月11日土より毎週土曜 2300各配信サイトにて順次配信開始 スタッフ 原作カルロゼン キャラクター原案篠月しのぶ 監督山本貴之 シリーズ構成脚本猪原健太 キャラクターデザイン総作画監督細越裕治 サブキャラクターデザイン谷口宏美牧孝雄栗田新一 服飾デザイン谷口宏美 魔導具デザイン江畑諒真月田文律 銃器デザイン秋篠Denforword日和大津直月田文律 プロップデザイン森山洋秋篠Denforword日和 設定考証鈴木貴昭 メインアニメーターほりうちひろゆき栗田新一 美術監督平栁 悟 色彩設計中村千穂 撮影監督木舩颯人 3DCGIディレクター高橋将人 特技監督シュウ浩嵩 編集神宮司由美 音楽片山修志 音響監督岩浪美和 アニメーション制作NUT 製作幼女戦記2製作委員会 キャスト ターニャ悠木碧 ィーシャ早見沙織 レルゲン三木眞一郎 ルーデルドルフ玄田哲章 ゼートゥーア大塚芳忠 ァイス濱野大輝 グランツ小林裕介 ケーニッヒ笠間淳 ノイマン林大地 ミケル杉田智和 ウィリアムドレイク森川智之 リリーヤ日笠陽子 メアリー戸松遥 カランドロ花輪英司 イントロダクション 統一暦1926年秋 ターニャフォンデグレチャフ中佐は 新編されるサラマンダー戦闘団の指揮官に任じられ 再び苛烈な戦線へと身を投じる 臨機応変に編成される戦闘団は見た目こそは精強だが その実は寄せ集めに過ぎなかった これで戦争を戦えるのか 不条理な現実に吠えるターニャ 追い打ちをかけたのは早すぎる連邦の冬だ 帝国は出口のない泥沼でもがいていた 各国が求めるのはすべてを終わらせるための圧倒的勝利 しかし誰も知らない 自分達が何を望んでそれが本当は何を意味するのかを 抗いようもなくターニャは激動の最前線に立ち続ける 原作小説 1〜14巻好評発売中B11F12 著カルロゼン イラスト篠月しのぶ コミカライズ 角川コミックスエース 幼女戦記 1〜34巻発売中 漫画東條チカ 原作カルロゼン キャラクター原案篠月しのぶ カルロゼンKADOKAWA刊 幼女戦記2製作委員会,幼女戦記 ノンクレジットED映像 ターニャデグレチャフ Weiter Weiter 幼女戦記 毎週水曜日放送中 エンディングテーマ ターニャデグレチャフ Weiter Weiter 配信 httpsnex-tonelinkU4sZm3zRR 公式HP httpsyoujo-senkijp 公式X httpsxcomyoujosenki 放送配信情報 2026年78よりTVアニメ放送開始 AT-X7月8日より 毎週曜 2130〜 TOKYO MX7月8日より 毎週曜 2330〜 サンテレビ7月8日より 毎週曜 2500〜 京都7月8日より 毎週曜 2530〜 117月8日より 毎週曜 2530〜 テレビ愛知7月8日より 毎週曜 2530〜 ABEMAdアニメストアにて地上波先最速配信 ABEMA78より 毎週曜 2300〜 dアニメストア78より 毎週曜 2300〜 7月11日土より毎週土曜 2300各配信サイトにて順次配信開始 スタッフ 原作カルロゼン キャラクター原案篠月しのぶ 監督山本貴之 シリーズ構成脚本猪原健太 キャラクターデザイン総作画監督細越裕治 サブキャラクターデザイン谷口宏美牧孝雄栗田新一 服飾デザイン谷口宏美 魔導具デザイン江畑諒真月田文律 銃器デザイン秋篠Denforword日和大津直月田文律 プロップデザイン森山洋秋篠Denforword日和 設定考証鈴木貴昭 メインアニメーターほりうちひろゆき栗田新一 美術監督平栁 悟 色彩設計中村千穂 撮影監督木舩颯人 3DCGIディレクター高橋将人 特技監督シュウ浩嵩 編集神宮司由美 音楽片山修志 音響監督岩浪美和 アニメーション制作NUT 製作幼女戦記2製作委員会 キャスト ターニャ悠木碧 ィーシャ早見沙織 レルゲン三木眞一郎 ルーデルドルフ玄田哲章 ゼートゥーア大塚芳忠 ァイス濱野大輝 グランツ小林裕介 ケーニッヒ笠間淳 ノイマン林大地 ミケル杉田智和 ウィリアムドレイク森川智之 リリーヤ日笠陽子 メアリー戸松遥 カランドロ花輪英司 イントロダクション 統一暦1926年秋 ターニャフォンデグレチャフ中佐は 新編されるサラマンダー戦闘団の指揮官に任じられ 再び苛烈な戦線へと身を投じる 臨機応変に編成される戦闘団は見た目こそは精強だが その実は寄せ集めに過ぎなかった これで戦争を戦えるのか 不条理な現実に吠えるターニャ 追い打ちをかけたのは早すぎる連邦の冬だ 帝国は出口のない泥沼でもがいていた 各国が求めるのはすべてを終わらせるための圧倒的勝利 しかし誰も知らない 自分達が何を望んでそれが本当は何を意味するのかを 抗いようもなくターニャは激動の最前線に立ち続ける 原作小説 1〜14巻好評発売中B11F12 著カルロゼン イラスト篠月しのぶ コミカライズ 角川コミックスエース 幼女戦記 1〜34巻発売中 漫画東條チカ 原作カルロゼン キャラクター原案篠月しのぶ カルロゼンKADOKAWA刊 幼女戦記2製作委員会,2,第2クール,ed,ED,1,https://yt3.ggpht.com/ytc/AIdro_kBexGPE4xdlwIRGuLFEcoqtNFCi_8bWioG0HyHx7cSbvI=s800-c-k-c0x00ffffff-no-rj,3080000
9TTfyS5r3Ps,TVアニメ「バンドリ！ ゆめ∞みた」ノンクレジットオープニング映像第2弾,"「BanG Dream!」プロジェクトのTVアニメ新シリーズ
TVアニメ「バンドリ！ ゆめ∞みた」のノンクレジットオープニング映像第2弾を公開！📢

オープニングテーマ 
「これはぼくたちの生存のあらすじ」
作詞 田淵智也　https://twitter.com/tomoyatabuchiBa
作曲 田淵智也
編曲 堀江晶太　https://twitter.com/kemu8888

♪Streaming/Download
https://bmu.lnk.to/yumemita_OurSurvivalid

🛸🛸🛸🛸🛸🛸🛸🛸🛸🛸🛸🛸🛸

毎週木曜23:00~ TOKYO MXほかにて放送中
ABEMA/Prime Video/dアニメストア/Hulu/U-NEXTほかにて地上波同時配信

TVアニメ「バンドリ！ ゆめ∞みた」公式HP：https://anime.bang-dream.com/yumemita
夢限大みゅーたいぷ公式HP：https://bang-dream.com/yumemita
夢限大みゅーたいぷ公式X：https://x.com/BDP_yumemita
夢限大みゅーたいぷ公式YouTubeチャンネル：https://www.youtube.com/@BDP_yumemita

🛸🛸🛸🛸🛸🛸🛸🛸🛸🛸🛸🛸🛸

#バンドリ #ゆめみた #アニメゆめみた",2026-08-01T11:00:06Z,バンドリちゃんねる☆,UCN-bFIdJM0gQlgX7h6LKcZA,170861,https://i.ytimg.com/vi/9TTfyS5r3Ps/hqdefault.jpg,バンドリ ゆめみた ノンクレジットオープニング映像第2弾 BanG Dream プロジェクトのTVアニメ新シリーズ バンドリ ゆめみた のノンクレジットオープニング映像第2弾を公開 オープニングテーマ これはぼくたちの生存のあらすじ 作詞 田淵智也 httpstwittercomtomoyatabuchiBa 作曲 田淵智也 編曲 堀江晶太 httpstwittercomkemu8888 StreamingDownload httpsbmulnktoyumemitaOurSurvivalid 毎週木曜2300 TOKYO MXほかにて放送中 ABEMAPrime VideodアニメストアHuluU-NEXTほかにて地上波同時配信 バンドリ ゆめみた 公式HPhttps bang-dreamcomyumemita 夢限大みゅーたいぷ公式HPhttpsbang-dreamcomyumemita 夢限大みゅーたいぷ公式XhttpsxcomBDPyumemita 夢限大みゅーたいぷ公式YouTubeチャンネルhttpswwwyoutubecomBDPyumemita バンドリ ゆめみた アニメゆめみた,バンドリ ゆめみた ノンクレジットオープニング映像第2弾 BanG Dream プロジェクトのTVアニメ新シリーズ バンドリ ゆめみた のノンクレジットオープニング映像第2弾を公開 オープニングテーマ これはぼくたちの生存のあらすじ 作詞 田淵智也 httpstwittercomtomoyatabuchiBa 作曲 田淵智也 編曲 堀江晶太 httpstwittercomkemu8888 StreamingDownload httpsbmulnktoyumemitaOurSurvivalid 毎週木曜2300 TOKYO MXほかにて放送中 ABEMAPrime VideodアニメストアHuluU-NEXTほかにて地上波同時配信 バンドリ ゆめみた 公式HPhttps bang-dreamcomyumemita 夢限大みゅーたいぷ公式HPhttpsbang-dreamcomyumemita 夢限大みゅーたいぷ公式XhttpsxcomBDPyumemita 夢限大みゅーたいぷ公式YouTubeチャンネルhttpswwwyoutubecomBDPyumemita バンドリ ゆめみた アニメゆめみた,バンドリ ゆめみた ノンクレジットオープニング映像第2弾 BanG Dream プロジェクトのTVアニメ新シリーズ バンドリ ゆめみた のノンクレジットオープニング映像第2弾を公開 オープニングテーマ これはぼくたちの生存のあらすじ 作詞 田淵智也 httpstwittercomtomoyatabuchiBa 作曲 田淵智也 編曲 堀江晶太 httpstwittercomkemu8888 StreamingDownload httpsbmulnktoyumemitaOurSurvivalid 毎週木曜2300 TOKYO MXほかにて放送中 ABEMAPrime VideodアニメストアHuluU-NEXTほかにて地上波同時配信 バンドリ ゆめみた 公式HPhttps bang-dreamcomyumemita 夢限大みゅーたいぷ公式HPhttpsbang-dreamcomyumemita 夢限大みゅーたいぷ公式XhttpsxcomBDPyumemita 夢限大みゅーたいぷ公式YouTubeチャンネルhttpswwwyoutubecomBDPyumemita バンドリ ゆめみた アニメゆめみた,99,未分類,op,OP,0,https://yt3.ggpht.com/8-ZDsgf-6XXttZNvUfnfnU34iSNJv84_nQK-p76MPaALDN8vx2sfVVeir2UgtI1sxoRxMs83wQk=s800-c-k-c0x00ffffff-no-rj,891000
hHBu5YXhiXQ,青木陽菜「Ephemeral」|魔法少女リリカルなのは EXCEEDS Gun Blaze Vengeance | ノンクレジットED,"【毎週土曜日25時よりTOKYO MX,BS11にて放送中！】
「魔法少女リリカルなのは」シリーズ完全新作TVアニメーション「魔法少女リリカルなのは EXCEEDS Gun Blaze Vengeance」青木陽菜が歌うエンディングテーマ「Ephemeral」のノンクレジット映像を公開！

✦official HP：https://www.nanoha.com/EXGV/
✦official X：https://x.com/exgv_official

✦特報映像  ：https://www.youtube.com/watch?v=N-ra-1vbWwo
✦特報PV 　：https://www.youtube.com/watch?v=TzvGIjaMbYE
✦CM集　　：https://www.youtube.com/watch?v=i2jGPCNFN0g 
✦PV第1弾：https://www.youtube.com/watch?v=0kgUsF8R7JM
✦PV第2弾：https://youtu.be/4IcEbMCW-FU?si=_oGQeTtwGYyRMl4s

✦INTRODUCTION✦
30年前に現れた未知の「侵略性外来生物」によって、世界は一度滅びかけた。

人類とその生物「侵略種」は互いに生活圏を争い、
現在はかろうじて人類の安全が確保されているものの、世界はいつ滅びてもおかしくない。
人々は死と滅びを恐れながら、危険や災害から目を逸らすように日常を生きている。

そんな世界の中、国連危険生物調査機関「EXCEEDS」は、侵略種による危機と災害を退けるために活動を開始した。

物語のはじまりは極東の島国「瑞穂」。
離島で暮らす、侵略種駆除ハンターの少女・久瀬シイナ。
たったひとりの家族である妹セツナと静かに暮らすことを望むシイナに訪れる事件とは――？

✦MAIN CAST✦
久瀬シイナ：橘 杏咲
久瀬セツナ：日高里菜

高町なのは：田村ゆかり
フェイト・T・ハラオウン：水樹奈々
八神はやて：植田佳奈
八神リイン：ゆかな

夜海トワ：結川あさき
相沢シオリ：千春
喜多森ユーナ：小林愛香
新名アオイ：伊藤彩沙
古寺ユズ：青木陽菜

篠宮マナ：上坂すみれ
ほか

✦MAIN STAFF✦
原作・脚本：都築真紀 
監督：浜名孝行 
副監督：佐藤博暉 
キャラクターデザイン・総作画監督：新垣一成 
サブキャラクターデザイン：平原みなみ、井戸田あかね、牧 孝雄 
キャラクター・デバイス・バリアジャケット原案：川上修一 
デバイスデザイン：大河広行 
武器デザイン：村松尚雄 
クリーチャーデザイン：森木靖泰 
プロップデザイン：鈴木典孝、岩畑剛一 
色彩設計：吉田小百合 
美術設定：妹脊百合子（キューン・プラント） 
美術監督：中尾陽子（キューン・プラント）3DCG：グラフィニカ　　3DCG監督：五来聖文 
撮影監督：二村文章 
編集：関 一彦 
音響監督：ハマノカズゾウ
音楽：塩野 海 
アニメーション制作：Seven Arcs 

✦MUSIC✦
オープニングテーマ：水樹奈々「CRIMSON BULLET」
エンディングテーマ：青木陽菜「Ephemeral」

✦INFORMATION✦
＜連載・コミックス情報＞
講談社「水曜日のシリウス」等にて毎月第１・第３水曜日連載中！
コミックス1～2巻発売中！
https://nanoha.com/EXGV/#top 

©NANOHA EXCEEDS PROJECT
＃なのはEXGV",2026-07-11T16:30:12Z,魔法少女リリカルなのは YouTube OFFICIAL CHANNEL,UCryNrgY4lfJgYkhMNgwHPMg,121617,https://i.ytimg.com/vi/hHBu5YXhiXQ/hqdefault.jpg,青木陽菜 Ephemeral 魔法少女リリカルなのは EXCEEDS Gun Blaze Vengeance ノンクレジットED 毎週土曜日25時よりTOKYO MXBS11にて放送中 魔法少女リリカルなのは シリーズ完全新作TVアニメーション 魔法少女リリカルなのは EXCEEDS Gun Blaze Vengeance 青木陽菜が歌うエンディングテーマ Ephemeral のノンクレジット映像を公開 HPhttpswwwnanohacomEXGV Xhttpsxcomexgvofficial 特報映像 httpswwwyoutubecomwatchvN-ra-1vbWwo 特報PV httpswwwyoutubecomwatchvTzvGIjaMbYE CM集 httpswwwyoutubecomwatchvi2jGPCNFN0g PV第1弾httpswwwyoutubecomwatchv0kgUsF8R7JM PV第2弾httpsyoutube4IcEbMCW-FUsioGQeTtwGYyRMl4s INTRODUCTION 30年前に現れた未知の 侵略性外来生物 によって世界は一度滅びかけた 人類とその生物 侵略種 は互いに生活圏を争い 現在はかろうじて人類の安全が確保されているものの世界はいつ滅びてもおかしくない 人は死と滅びを恐れながら危険や災害から目を逸らすように日常を生きている そんな世界の中国連危険生物調査機関 EXCEEDS は侵略種による危機と災害を退けるために活動を開始した 物語のはじまりは極東の島国 瑞穂 離島で暮らす侵略種駆除ハンターの少女久瀬シイナ たったひとりの家族である妹セツナと静かに暮らすことを望むシイナに訪れる事件とは MAIN CAST 久瀬シイナ橘 杏咲 久瀬セツナ日高里菜 高町なのは田村ゆかり フェイトTハラオウン水樹奈 八神はやて植田佳奈 八神リインゆかな 夜海トワ結川あさき 相沢シオリ千春 喜多森ユーナ小林愛香 新名アオイ伊藤彩沙 古寺ユズ青木陽菜 篠宮マナ上坂すみれ ほか MAIN STAFF 原作脚本都築真紀 監督浜名孝行 副監督佐藤博暉 キャラクターデザイン総作画監督新垣一成 サブキャラクターデザイン平原みなみ井戸田あかね牧 孝雄 キャラクターデバイスバリアジャケット原案川上修一 デバイスデザイン大河広行 武器デザイン村松尚雄 クリーチャーデザイン森木靖泰 プロップデザイン鈴木典孝岩畑剛一 色彩設計吉田小百合 美術設定妹脊百合子キューンプラント 美術監督中尾陽子キューンプラント3DCGグラフィニカ 3DCG監督五来聖文 撮影監督二村文章 編集関 一彦 音響監督ハマノカズゾウ 音楽塩野 海 アニメーション制作Seven Arcs MUSIC オープニングテーマ水樹奈 CRIMSON BULLET エンディングテーマ青木陽菜 Ephemeral INFORMATION 連載コミックス情報 講談社 水曜日のシリウス 等にて毎月第第水曜日連載中 コミックス12巻発売中 httpsnanohacomEXGVtop NANOHA EXCEEDS PROJECT なのはEXGV,青木陽菜 Ephemeral 魔法少女リリカルなのは EXCEEDS Gun Blaze Vengeance ノンクレジットED 毎週土曜日25時よりTOKYO MXBS11にて放送中 魔法少女リリカルなのは シリーズ完全新作TVアニメーション 魔法少女リリカルなのは EXCEEDS Gun Blaze Vengeance 青木陽菜が歌うエンディングテーマ Ephemeral のノンクレジット映像を公開 HPhttpswwwnanohacomEXGV Xhttpsxcomexgvofficial 特報映像 httpswwwyoutubecomwatchvN-ra-1vbWwo 特報PV httpswwwyoutubecomwatchvTzvGIjaMbYE CM集 httpswwwyoutubecomwatchvi2jGPCNFN0g PV第1弾httpswwwyoutubecomwatchv0kgUsF8R7JM PV第2弾httpsyoutube4IcEbMCW-FUsioGQeTtwGYyRMl4s INTRODUCTION 30年前に現れた未知の 侵略性外来生物 によって世界は一度滅びかけた 人類とその生物 侵略種 は互いに生活圏を争い 現在はかろうじて人類の安全が確保されているものの世界はいつ滅びてもおかしくない 人は死と滅びを恐れながら危険や災害から目を逸らすように日常を生きている そんな世界の中国連危険生物調査機関 EXCEEDS は侵略種による危機と災害を退けるために活動を開始した 物語のはじまりは極東の島国 瑞穂 離島で暮らす侵略種駆除ハンターの少女久瀬シイナ たったひとりの家族である妹セツナと静かに暮らすことを望むシイナに訪れる事件とは MAIN CAST 久瀬シイナ橘 杏咲 久瀬セツナ日高里菜 高町なのは田村ゆかり フェイトTハラオウン水樹奈 八神はやて植田佳奈 八神リインゆかな 夜海トワ結川あさき 相沢シオリ千春 喜多森ユーナ小林愛香 新名アオイ伊藤彩沙 古寺ユズ青木陽菜 篠宮マナ上坂すみれ ほか MAIN STAFF 原作脚本都築真紀 監督浜名孝行 副監督佐藤博暉 キャラクターデザイン総作画監督新垣一成 サブキャラクターデザイン平原みなみ井戸田あかね牧 孝雄 キャラクターデバイスバリアジャケット原案川上修一 デバイスデザイン大河広行 武器デザイン村松尚雄 クリーチャーデザイン森木靖泰 プロップデザイン鈴木典孝岩畑剛一 色彩設計吉田小百合 美術設定妹脊百合子キューンプラント 美術監督中尾陽子キューンプラント3DCGグラフィニカ 3DCG監督五来聖文 撮影監督二村文章 編集関 一彦 音響監督ハマノカズゾウ 音楽塩野 海 アニメーション制作Seven Arcs MUSIC オープニングテーマ水樹奈 CRIMSON BULLET エンディングテーマ青木陽菜 Ephemeral INFORMATION 連載コミックス情報 講談社 水曜日のシリウス 等にて毎月第第水曜日連載中 コミックス12巻発売中 httpsnanohacomEXGVtop NANOHA EXCEEDS PROJECT なのはEXGV,青木陽菜 Ephemeral 魔法少女リリカルなのは EXCEEDS Gun Blaze Vengeance ノンクレジットED 毎週土曜日25時よりTOKYO MXBS11にて放送中 魔法少女リリカルなのは シリーズ完全新作TVアニメーション 魔法少女リリカルなのは EXCEEDS Gun Blaze Vengeance 青木陽菜が歌うエンディングテーマ Ephemeral のノンクレジット映像を公開 HPhttpswwwnanohacomEXGV Xhttpsxcomexgvofficial 特報映像 httpswwwyoutubecomwatchvN-ra-1vbWwo 特報PV httpswwwyoutubecomwatchvTzvGIjaMbYE CM集 httpswwwyoutubecomwatchvi2jGPCNFN0g PV第1弾httpswwwyoutubecomwatchv0kgUsF8R7JM PV第2弾httpsyoutube4IcEbMCW-FUsioGQeTtwGYyRMl4s INTRODUCTION 30年前に現れた未知の 侵略性外来生物 によって世界は一度滅びかけた 人類とその生物 侵略種 は互いに生活圏を争い 現在はかろうじて人類の安全が確保されているものの世界はいつ滅びてもおかしくない 人は死と滅びを恐れながら危険や災害から目を逸らすように日常を生きている そんな世界の中国連危険生物調査機関 EXCEEDS は侵略種による危機と災害を退けるために活動を開始した 物語のはじまりは極東の島国 瑞穂 離島で暮らす侵略種駆除ハンターの少女久瀬シイナ たったひとりの家族である妹セツナと静かに暮らすことを望むシイナに訪れる事件とは MAIN CAST 久瀬シイナ橘 杏咲 久瀬セツナ日高里菜 高町なのは田村ゆかり フェイトTハラオウン水樹奈 八神はやて植田佳奈 八神リインゆかな 夜海トワ結川あさき 相沢シオリ千春 喜多森ユーナ小林愛香 新名アオイ伊藤彩沙 古寺ユズ青木陽菜 篠宮マナ上坂すみれ ほか MAIN STAFF 原作脚本都築真紀 監督浜名孝行 副監督佐藤博暉 キャラクターデザイン総作画監督新垣一成 サブキャラクターデザイン平原みなみ井戸田あかね牧 孝雄 キャラクターデバイスバリアジャケット原案川上修一 デバイスデザイン大河広行 武器デザイン村松尚雄 クリーチャーデザイン森木靖泰 プロップデザイン鈴木典孝岩畑剛一 色彩設計吉田小百合 美術設定妹脊百合子キューンプラント 美術監督中尾陽子キューンプラント3DCGグラフィニカ 3DCG監督五来聖文 撮影監督二村文章 編集関 一彦 音響監督ハマノカズゾウ 音楽塩野 海 アニメーション制作Seven Arcs MUSIC オープニングテーマ水樹奈 CRIMSON BULLET エンディングテーマ青木陽菜 Ephemeral INFORMATION 連載コミックス情報 講談社 水曜日のシリウス 等にて毎月第第水曜日連載中 コミックス12巻発売中 httpsnanohacomEXGVtop NANOHA EXCEEDS PROJECT なのはEXGV,99,未分類,op,OP,0,https://yt3.ggpht.com/pJQtN708-HL5_ulw00DtEvslVYzvqMSkfE-IGVzkz3Fc7x_OM3TgJ1B6uzGe4RxrHj6aiXxG=s800-c-k-c0x00ffffff-no-rj,71700
hFldDZZcrQo,【オープニング】TVアニメ『乙女怪獣キャラメリゼ』｜METANICK「乙女怪獣」,"女子高生×怪獣？常識を覆す、史上最大ラブコメ漫画
蒼木スピカ先生、初TVアニメ化作品『乙女怪獣キャラメリゼ』
 TBS、BS11、AT-Xにて好評放送中！

■あらすじ
恋か、破壊か――。
原因不明の病に悩まされている女子高生・赤石黒絵（クロエ）。
不器用で人との交流を避けて生きてきた彼女は、とある出会いでクラスのモテ男子・南新汰に恋をする。
少女が恋心に気づいたとき、眠っていた力が解放される...。
争う恋と理性――。
少女漫画の常識を覆す、衝撃の展開が日本を襲う!!

■オープニングテーマ
METANICK「乙女怪獣」
作詞：結城アイラ　作曲・編曲：本多友紀

■エンディングテーマ
HoneyWorks feat.ハコニワリリィ「オトメノホンキ」
作詞・作曲・編曲：HoneyWorks, MARUMOCHI

■キャスト
赤石黒絵：千賀光莉
南新汰 　：梶田大嗣
友里真夏：関根明良
河野来夢：白石晴香
赤石凛子：三石琴乃
響野光太郎：小西克幸
ジャンボキング：松井恵理子

■スタッフ
原作：蒼木スピカ『乙女怪獣キャラメリゼ』(KADOKAWA「月刊コミックアライブ」連載)
監督：大峰輝之
シリーズ構成：綾奈ゆにこ
キャラクターデザイン：中山見都美(NUT)
プロップデザイン：鯉沼菜奈
怪獣デザイン：大河広行
美術監督：桒嶋壮志
色彩設計：大西峰代
2Dデザイン：吉垣誠
CG監督：裾分雅明
撮影監督：西﨑由佳
編集：長谷川舞
音響監督：八巻大樹
音楽：古橋勇紀、ShinnosukeNakasone
音楽制作：PONY CANYON
プロデュース：グッドスマイルフィルム
アニメーション制作：ライデンフィルム

■原作
 『乙女怪獣キャラメリゼ』(KADOKAWA「月刊コミックアライブ」連載) 
著者：蒼木スピカ 単行本：1～9巻まで好評発売中

■アニメ公式HP＆SNS
公式HP https://otomekaiju.com
公式X　 https://x.com/Otome_Kaiju

©蒼木スピカ/KADOKAWA/乙女怪獣キャラメリゼ製作委員会",2026-07-09T17:45:26Z,GOOD SMILE CHANNEL,UCt_XdtyWNVenULI5DylX8-A,116969,https://i.ytimg.com/vi/hFldDZZcrQo/hqdefault.jpg,乙女怪獣キャラメリゼ METANICK 乙女怪獣 女子高生怪獣常識を覆す史上最大ラブコメ漫画 蒼木スピカ先生初TVアニメ化作品 乙女怪獣キャラメリゼ TBSBS11AT-Xにて好評放送中 あらすじ 恋か破壊か 原因不明の病に悩まされている女子高生赤石黒絵クロエ 不器用で人との交流を避けて生きてきた彼女はとある出会いでクラスのモテ男子南新汰に恋をする 少女が恋心に気づいたとき眠っていた力が解放される 争う恋と理性 少女漫画の常識を覆す衝撃の展開が日本を襲う オープニングテーマ METANICK 乙女怪獣 作詞結城アイラ 作曲編曲本多友紀 エンディングテーマ HoneyWorks featハコニワリリィ オトメノホンキ 作詞作曲編曲HoneyWorks MARUMOCHI キャスト 赤石黒絵千賀光莉 南新汰 梶田大嗣 友里真夏関根明良 河野来夢白石晴香 赤石凛子三石琴乃 響野光太郎小西克幸 ジャンボキング松井恵理子 スタッフ 原作蒼木スピカ 乙女怪獣キャラメリゼ 監督大峰輝之 シリーズ構成綾奈ゆにこ キャラクターデザイン中山見都美 プロップデザイン鯉沼菜奈 怪獣デザイン大河広行 美術監督桒嶋壮志 色彩設計大西峰代 2Dデザイン吉垣誠 CG監督裾分雅明 撮影監督西由佳 編集長谷川舞 音響監督八巻大樹 音楽古橋勇紀ShinnosukeNakasone 音楽制作PONY CANYON プロデュースグッドスマイルフィルム アニメーション制作ライデンフィルム 原作 乙女怪獣キャラメリゼ 著者蒼木スピカ 単行本19巻まで好評発売中 アニメ公式HPSNS 公式HP httpsotomekaijucom 公式X httpsxcomOtomeKaiju 蒼木スピカKADOKAWA乙女怪獣キャラメリゼ製作委員会,乙女怪獣キャラメリゼ METANICK 乙女怪獣 女子高生怪獣常識を覆す史上最大ラブコメ漫画 蒼木スピカ先生初TVアニメ化作品 乙女怪獣キャラメリゼ TBSBS11AT-Xにて好評放送中 あらすじ 恋か破壊か 原因不明の病に悩まされている女子高生赤石黒絵クロエ 不器用で人との交流を避けて生きてきた彼女はとある出会いでクラスのモテ男子南新汰に恋をする 少女が恋心に気づいたとき眠っていた力が解放される 争う恋と理性 少女漫画の常識を覆す衝撃の展開が日本を襲う オープニングテーマ METANICK 乙女怪獣 作詞結城アイラ 作曲編曲本多友紀 エンディングテーマ HoneyWorks featハコニワリリィ オトメノホンキ 作詞作曲編曲HoneyWorks MARUMOCHI キャスト 赤石黒絵千賀光莉 南新汰 梶田大嗣 友里真夏関根明良 河野来夢白石晴香 赤石凛子三石琴乃 響野光太郎小西克幸 ジャンボキング松井恵理子 スタッフ 原作蒼木スピカ 乙女怪獣キャラメリゼ 監督大峰輝之 シリーズ構成綾奈ゆにこ キャラクターデザイン中山見都美 プロップデザイン鯉沼菜奈 怪獣デザイン大河広行 美術監督桒嶋壮志 色彩設計大西峰代 2Dデザイン吉垣誠 CG監督裾分雅明 撮影監督西由佳 編集長谷川舞 音響監督八巻大樹 音楽古橋勇紀ShinnosukeNakasone 音楽制作PONY CANYON プロデュースグッドスマイルフィルム アニメーション制作ライデンフィルム 原作 乙女怪獣キャラメリゼ 著者蒼木スピカ 単行本19巻まで好評発売中 アニメ公式HPSNS 公式HP httpsotomekaijucom 公式X httpsxcomOtomeKaiju 蒼木スピカKADOKAWA乙女怪獣キャラメリゼ製作委員会,乙女怪獣キャラメリゼ METANICK 乙女怪獣 女子高生怪獣常識を覆す史上最大ラブコメ漫画 蒼木スピカ先生初TVアニメ化作品 乙女怪獣キャラメリゼ TBSBS11AT-Xにて好評放送中 あらすじ 恋か破壊か 原因不明の病に悩まされている女子高生赤石黒絵クロエ 不器用で人との交流を避けて生きてきた彼女はとある出会いでクラスのモテ男子南新汰に恋をする 少女が恋心に気づいたとき眠っていた力が解放される 争う恋と理性 少女漫画の常識を覆す衝撃の展開が日本を襲う オープニングテーマ METANICK 乙女怪獣 作詞結城アイラ 作曲編曲本多友紀 エンディングテーマ HoneyWorks featハコニワリリィ オトメノホンキ 作詞作曲編曲HoneyWorks MARUMOCHI キャスト 赤石黒絵千賀光莉 南新汰 梶田大嗣 友里真夏関根明良 河野来夢白石晴香 赤石凛子三石琴乃 響野光太郎小西克幸 ジャンボキング松井恵理子 スタッフ 原作蒼木スピカ 乙女怪獣キャラメリゼ 監督大峰輝之 シリーズ構成綾奈ゆにこ キャラクターデザイン中山見都美 プロップデザイン鯉沼菜奈 怪獣デザイン大河広行 美術監督桒嶋壮志 色彩設計大西峰代 2Dデザイン吉垣誠 CG監督裾分雅明 撮影監督西由佳 編集長谷川舞 音響監督八巻大樹 音楽古橋勇紀ShinnosukeNakasone 音楽制作PONY CANYON プロデュースグッドスマイルフィルム アニメーション制作ライデンフィルム 原作 乙女怪獣キャラメリゼ 著者蒼木スピカ 単行本19巻まで好評発売中 アニメ公式HPSNS 公式HP httpsotomekaijucom 公式X httpsxcomOtomeKaiju 蒼木スピカKADOKAWA乙女怪獣キャラメリゼ製作委員会,99,未分類,op,OP,0,https://yt3.ggpht.com/ytc/AIdro_mybQtOHblclu1oFSLe6HwlqDDh8Y0qA3JQbEDBBU8V7w=s800-c-k-c0x00ffffff-no-rj,156000
-UMzc7BI6y4,第貳話「目録の謎」　ノンクレジットOP｜ TVアニメ『二十世紀電氣目録-ユーレカ・エヴリカ-』,"毎週日曜日23:00よりABCテレビ、TOKYO MX、テレビ愛知、BS11にて放送中！
Netflixにて世界独占配信中！

▼公式サイト
https://denkimokuroku.jp

＜放送情報＞
TOKYO MX　毎週日曜 23:00〜
BS11　毎週日曜 23:30〜
ABCテレビ　毎週日曜 24:40〜
テレビ愛知　毎週日曜 25:20～

＜配信情報＞
Netflixにて世界独占配信
毎週日曜23:00最新エピソード配信

＜ストーリー＞
“電氣の時代”を夢見る少年たちがいた。
「二十世紀電氣目録」に、思い描く電氣の発明を書き込む主人公・坂本喜八。
憧れの兄・坂本清六と共に夢の実現を誓う喜八だったが、
清六は「二十世紀電氣目録」を持って戦争に行き、帰らぬ人となる。

月日は流れ、酒造の娘・百川稲子との出会いによって、
失われたはずの「二十世紀電氣目録」が喜八の前に現れる。
それを狙うのは、稲子との政略結婚を進める蒸気の財閥御曹司・三添洋輔。
洋輔に対抗する喜八と稲子の、夢をかけた電氣の挑戦が始まる―!!

なぜ洋輔は「二十世紀電氣目録」を追い求めるのか。
そして、洋輔と清六だけが知る「二十世紀電氣目録」の“秘密”とは。

「二十世紀電氣目録」を巡り、少年少女の夢が再び動き出す―
これは＜再生＞の物語。

＜スタッフ＞
原作：「二十世紀電氣目録」結城 弘（KAエスマ文庫／京都アニメーション）
監督：太田 稔
シリーズ構成：浦畑達彦
キャラクターデザイン・総作画監督：岡村公平
世界観設定：鈴木貴昭
美術監督：高山真緒
色彩設計：大塚芙由紀
小物設定：疋田 彩
撮影監督：植田弘貴
3D監督：髙木美槻
音響監督：鶴岡陽太
音楽：湖東ひとみ
音楽制作：ランティス ハートカンパニー
アニメーション制作：京都アニメーション
製作：明滋電氣商工会

＜主題歌＞
オープニング主題歌：五阿弥ルナ『ユーレカ・エヴリカ』
エンディング主題歌：Ginger Root『Soarin’』

＜キャスト＞
坂本喜八：内田雄馬
百川稲子：雨宮 天
三添洋輔：内山昂輝
坂本清六：小野大輔
陸 健吾：武内駿輔
百川規子：寿 美菜子
原島すず：大地 葉
大倉ケイト：川井田夏海
矢倉弥治郎：浦 和希
鱒淵伊蔵：平川大輔
百川甚右衛門：家中 宏
百川苗子：浅野まゆみ
矢倉文七：遠藤大智
とめ / イナリ：高垣彩陽

■information
公式サイト：https://denkimokuroku.jp
公式X：https://x.com/denkimokuroku
公式Instagram：https://www.instagram.com/denkimokuroku
公式Threads：https://www.threads.com/@denkimokuroku
公式TikTok：https://www.tiktok.com/@denkimokuroku
(English)
公式X：https://x.com/Sparks_of_Tmr
公式Bluesky：https://bsky.app/profile/sparks-of-tmr.bsky.social

(C)結城弘・京都アニメーション／明滋電氣商工会

#二十世紀電氣目録 ＃ユーレカエヴリカ",2026-07-13T03:05:18Z,京アニチャンネル,UCpGY2vcoKXf7K6tFzsbSv7w,112194,https://i.ytimg.com/vi/-UMzc7BI6y4/hqdefault.jpg,第貳話 目録の謎 ノンクレジットOP 二十世紀電氣目録-ユーレカエリカ- 毎週日曜日2300よりABCテレビTOKYO MXテレビ愛知BS11にて放送中 Netflixにて世界独占配信中 公式サイト httpsdenkimokurokujp 放送情報 TOKYO MX 毎週日曜 2300〜 BS11 毎週日曜 2330〜 ABCテレビ 毎週日曜 2440〜 テレビ愛知 毎週日曜 2520 配信情報 Netflixにて世界独占配信 毎週日曜2300最新エピソード配信 ストーリー 電氣の時代を夢見る少年たちがいた 二十世紀電氣目録 に思い描く電氣の発明を書き込む主人公坂本喜八 憧れの兄坂本清六と共に夢の実現を誓う喜八だったが 清六は 二十世紀電氣目録 を持って戦争に行き帰らぬ人となる 月日は流れ酒造の娘百川稲子との出会いによって 失われたはずの 二十世紀電氣目録 が喜八の前に現れる それを狙うのは稲子との政略結婚を進める蒸気の財閥御曹司三添洋輔 洋輔に対抗する喜八と稲子の夢をかけた電氣の挑戦が始まる なぜ洋輔は 二十世紀電氣目録 を追い求めるのか そして洋輔と清六だけが知る 二十世紀電氣目録 の秘密とは 二十世紀電氣目録 を巡り少年少女の夢が再び動き出す これは再生の物語 スタッフ 原作 二十世紀電氣目録 結城 弘KAエスマ文庫 京都アニメーション 監督太田 稔 シリーズ構成浦畑達彦 キャラクターデザイン総作画監督岡村公平 世界観設定鈴木貴昭 美術監督高山真緒 色彩設計大塚芙由紀 小物設定疋田 彩 撮影監督植田弘貴 3D監督髙木美槻 音響監督鶴岡陽太 音楽湖東ひとみ 音楽制作ランティス ハートカンパニー アニメーション制作京都アニメーション 製作明滋電氣商工会 オープニング主題歌五阿弥ルナ ユーレカエリカ エンディング主題歌Ginger Root Soarin キャスト 坂本喜八内田雄馬 百川稲子雨宮 天 三添洋輔内山昂輝 坂本清六小野大輔 陸 健吾武内駿輔 百川規子寿 美菜子 原島すず大地 葉 大倉ケイト川井田夏海 矢倉弥治郎浦 和希 鱒淵伊蔵平川大輔 百川甚右衛門家中 宏 百川苗子浅野まゆみ 矢倉文七遠藤大智 とめ イナリ高垣彩陽 information 公式サイトhttpsdenkimokurokujp 公式Xhttpsxcomdenkimokuroku 公式Instagramhttpswwwinstagramcomdenkimokuroku 公式Threadshttpswwwthreadscomdenkimokuroku 公式TikTokhttpswwwtiktokcomdenkimokuroku 公式XhttpsxcomSparksofTmr 公式Blueskyhttpsbskyappprofilesparks-of-tmrbskysocial 結城弘京都アニメーション 明滋電氣商工会 二十世紀電氣目録 ユーレカエリカ,第貳話 目録の謎 ノンクレジットOP 二十世紀電氣目録-ユーレカエリカ- 毎週日曜日2300よりABCテレビTOKYO MXテレビ愛知BS11にて放送中 Netflixにて世界独占配信中 公式サイト httpsdenkimokurokujp 放送情報 TOKYO MX 毎週日曜 2300〜 BS11 毎週日曜 2330〜 ABCテレビ 毎週日曜 2440〜 テレビ愛知 毎週日曜 2520 配信情報 Netflixにて世界独占配信 毎週日曜2300最新エピソード配信 ストーリー 電氣の時代を夢見る少年たちがいた 二十世紀電氣目録 に思い描く電氣の発明を書き込む主人公坂本喜八 憧れの兄坂本清六と共に夢の実現を誓う喜八だったが 清六は 二十世紀電氣目録 を持って戦争に行き帰らぬ人となる 月日は流れ酒造の娘百川稲子との出会いによって 失われたはずの 二十世紀電氣目録 が喜八の前に現れる それを狙うのは稲子との政略結婚を進める蒸気の財閥御曹司三添洋輔 洋輔に対抗する喜八と稲子の夢をかけた電氣の挑戦が始まる なぜ洋輔は 二十世紀電氣目録 を追い求めるのか そして洋輔と清六だけが知る 二十世紀電氣目録 の秘密とは 二十世紀電氣目録 を巡り少年少女の夢が再び動き出す これは再生の物語 スタッフ 原作 二十世紀電氣目録 結城 弘KAエスマ文庫 京都アニメーション 監督太田 稔 シリーズ構成浦畑達彦 キャラクターデザイン総作画監督岡村公平 世界観設定鈴木貴昭 美術監督高山真緒 色彩設計大塚芙由紀 小物設定疋田 彩 撮影監督植田弘貴 3D監督髙木美槻 音響監督鶴岡陽太 音楽湖東ひとみ 音楽制作ランティス ハートカンパニー アニメーション制作京都アニメーション 製作明滋電氣商工会 オープニング主題歌五阿弥ルナ ユーレカエリカ エンディング主題歌Ginger Root Soarin キャスト 坂本喜八内田雄馬 百川稲子雨宮 天 三添洋輔内山昂輝 坂本清六小野大輔 陸 健吾武内駿輔 百川規子寿 美菜子 原島すず大地 葉 大倉ケイト川井田夏海 矢倉弥治郎浦 和希 鱒淵伊蔵平川大輔 百川甚右衛門家中 宏 百川苗子浅野まゆみ 矢倉文七遠藤大智 とめ イナリ高垣彩陽 information 公式サイトhttpsdenkimokurokujp 公式Xhttpsxcomdenkimokuroku 公式Instagramhttpswwwinstagramcomdenkimokuroku 公式Threadshttpswwwthreadscomdenkimokuroku 公式TikTokhttpswwwtiktokcomdenkimokuroku 公式XhttpsxcomSparksofTmr 公式Blueskyhttpsbskyappprofilesparks-of-tmrbskysocial 結城弘京都アニメーション 明滋電氣商工会 二十世紀電氣目録 ユーレカエリカ,第貳話 目録の謎 ノンクレジットOP 二十世紀電氣目録-ユーレカエリカ- 毎週日曜日2300よりABCテレビTOKYO MXテレビ愛知BS11にて放送中 Netflixにて世界独占配信中 公式サイト httpsdenkimokurokujp 放送情報 TOKYO MX 毎週日曜 2300〜 BS11 毎週日曜 2330〜 ABCテレビ 毎週日曜 2440〜 テレビ愛知 毎週日曜 2520 配信情報 Netflixにて世界独占配信 毎週日曜2300最新エピソード配信 ストーリー 電氣の時代を夢見る少年たちがいた 二十世紀電氣目録 に思い描く電氣の発明を書き込む主人公坂本喜八 憧れの兄坂本清六と共に夢の実現を誓う喜八だったが 清六は 二十世紀電氣目録 を持って戦争に行き帰らぬ人となる 月日は流れ酒造の娘百川稲子との出会いによって 失われたはずの 二十世紀電氣目録 が喜八の前に現れる それを狙うのは稲子との政略結婚を進める蒸気の財閥御曹司三添洋輔 洋輔に対抗する喜八と稲子の夢をかけた電氣の挑戦が始まる なぜ洋輔は 二十世紀電氣目録 を追い求めるのか そして洋輔と清六だけが知る 二十世紀電氣目録 の秘密とは 二十世紀電氣目録 を巡り少年少女の夢が再び動き出す これは再生の物語 スタッフ 原作 二十世紀電氣目録 結城 弘KAエスマ文庫 京都アニメーション 監督太田 稔 シリーズ構成浦畑達彦 キャラクターデザイン総作画監督岡村公平 世界観設定鈴木貴昭 美術監督高山真緒 色彩設計大塚芙由紀 小物設定疋田 彩 撮影監督植田弘貴 3D監督髙木美槻 音響監督鶴岡陽太 音楽湖東ひとみ 音楽制作ランティス ハートカンパニー アニメーション制作京都アニメーション 製作明滋電氣商工会 オープニング主題歌五阿弥ルナ ユーレカエリカ エンディング主題歌Ginger Root Soarin キャスト 坂本喜八内田雄馬 百川稲子雨宮 天 三添洋輔内山昂輝 坂本清六小野大輔 陸 健吾武内駿輔 百川規子寿 美菜子 原島すず大地 葉 大倉ケイト川井田夏海 矢倉弥治郎浦 和希 鱒淵伊蔵平川大輔 百川甚右衛門家中 宏 百川苗子浅野まゆみ 矢倉文七遠藤大智 とめ イナリ高垣彩陽 information 公式サイトhttpsdenkimokurokujp 公式Xhttpsxcomdenkimokuroku 公式Instagramhttpswwwinstagramcomdenkimokuroku 公式Threadshttpswwwthreadscomdenkimokuroku 公式TikTokhttpswwwtiktokcomdenkimokuroku 公式XhttpsxcomSparksofTmr 公式Blueskyhttpsbskyappprofilesparks-of-tmrbskysocial 結城弘京都アニメーション 明滋電氣商工会 二十世紀電氣目録 ユーレカエリカ,99,未分類,op,OP,0,https://yt3.ggpht.com/QwSNIxqlBPg3q8URSe616n_qFbS2OCXx4_nUUJc7MvmSBrYKuxvIyXABm5lfJz2UY6nLggnl=s800-c-k-c0x00ffffff-no-rj,788000
rn0QtVBIo2o,TVアニメ「スーパーの裏でヤニ吸うふたり」TV放送版ノンクレジットED映像 ｜imase「Fiction」,"TVアニメ「スーパーの裏でヤニ吸うふたり」
毎週木曜よる11時56分からTBS系28局にて全国放送中／ABEMA・Netflixにて最速配信、他配信サイトにて順次配信予定
（※放送日時は予告なく変更となる場合がございます）

TV放送版エンディングテーマ：imase「Fiction」

＜TVアニメ作品情報＞
タイトル：「スーパーの裏でヤニ吸うふたり」
キャスト：佐々木役：佐藤拓也　
山田/田山役：星希成奏
後藤役：行成とあ
大野役：豊口めぐみ
小畑役：安田陸矢
前澤役：日笠陽子
鈴木役：高橋伸也

監督：鈴木理人　森あおい
シリーズ構成：井上美緒
キャラクターデザイン：大滝那佳
プロップデザイン：新谷真昼
美術監督：外谷 勝
色彩設計：上村修司
撮影監督：鯨井 亮
CG監督：藤谷秀法
編集：石井亜美
音響監督：吉田光平
音楽：河野 伸　青木沙也果
音楽プロデューサー：久世 烈
音楽制作：日音
アニメーションプロデューサー：渡部雅悠
アニメーション制作：旭プロダクション

TV放送版オープニングテーマ：ずっと真夜中でいいのに。　「イチジク煙」
TV放送版エンディングテーマ：imase「Fiction」

ABEMA限定先行配信版オープニングテーマ：ずっと真夜中でいいのに。　「クズリ念」
ABEMA限定先行配信版エンディングテーマ：imase「NIGHT DANCER」

公式サイト：https://yanisuu.com
公式X：https://x.com/yanisuu_anime

©地主／SQUARE ENIX・「ヤニすう」製作委員会

#スーパーの裏でヤニ吸うふたり #ヤニすう #佐藤拓也 #星希成奏 #imase #Fiction",2026-07-10T00:00:29Z,Asmik Ace,UCBuAshczy8ouqLU_H381row,123575,https://i.ytimg.com/vi/rn0QtVBIo2o/hqdefault.jpg,スーパーの裏でヤニ吸うふたり TV放送版ノンクレジットED映像 imase Fiction スーパーの裏でヤニ吸うふたり 毎週木曜よる11時56分からTBS系28局にて全国放送中 ABEMANetflixにて最速配信他配信サイトにて順次配信予定 放送日時は予告なく変更となる場合がございます TV放送版エンディングテーマimase Fiction TVアニメ作品情報 タイトル スーパーの裏でヤニ吸うふたり キャスト佐木役佐藤拓也 山田田山役星希成奏 後藤役行成とあ 大野役豊口めぐみ 小畑役安田陸矢 前澤役日笠陽子 鈴木役高橋伸也 監督鈴木理人 森あおい シリーズ構成井上美緒 キャラクターデザイン大滝那佳 プロップデザイン新谷真昼 美術監督外谷 勝 色彩設計上村修司 撮影監督鯨井 亮 CG監督藤谷秀法 編集石井亜美 音響監督吉田光平 音楽河野 伸 青木沙也果 音楽プロデューサー久世 烈 音楽制作日音 アニメーションプロデューサー渡部雅悠 アニメーション制作旭プロダクション TV放送版オープニングテーマずっと真夜中でいいのに イチジク煙 TV放送版エンディングテーマimase Fiction ABEMA限定先行配信版オープニングテーマずっと真夜中でいいのに クズリ念 ABEMA限定先行配信版エンディングテーマimase NIGHT DANCER 公式サイトhttpsyanisuucom 公式Xhttpsxcomyanisuuanime 地主 SQUARE ENIX ヤニすう 製作委員会 スーパーの裏でヤニ吸うふたり ヤニすう 佐藤拓也 星希成奏 imase Fiction,スーパーの裏でヤニ吸うふたり TV放送版ノンクレジットED映像 imase Fiction スーパーの裏でヤニ吸うふたり 毎週木曜よる11時56分からTBS系28局にて全国放送中 ABEMANetflixにて最速配信他配信サイトにて順次配信予定 放送日時は予告なく変更となる場合がございます TV放送版エンディングテーマimase Fiction TVアニメ作品情報 タイトル スーパーの裏でヤニ吸うふたり キャスト佐木役佐藤拓也 山田田山役星希成奏 後藤役行成とあ 大野役豊口めぐみ 小畑役安田陸矢 前澤役日笠陽子 鈴木役高橋伸也 監督鈴木理人 森あおい シリーズ構成井上美緒 キャラクターデザイン大滝那佳 プロップデザイン新谷真昼 美術監督外谷 勝 色彩設計上村修司 撮影監督鯨井 亮 CG監督藤谷秀法 編集石井亜美 音響監督吉田光平 音楽河野 伸 青木沙也果 音楽プロデューサー久世 烈 音楽制作日音 アニメーションプロデューサー渡部雅悠 アニメーション制作旭プロダクション TV放送版オープニングテーマずっと真夜中でいいのに イチジク煙 TV放送版エンディングテーマimase Fiction ABEMA限定先行配信版オープニングテーマずっと真夜中でいいのに クズリ念 ABEMA限定先行配信版エンディングテーマimase NIGHT DANCER 公式サイトhttpsyanisuucom 公式Xhttpsxcomyanisuuanime 地主 SQUARE ENIX ヤニすう 製作委員会 スーパーの裏でヤニ吸うふたり ヤニすう 佐藤拓也 星希成奏 imase Fiction,スーパーの裏でヤニ吸うふたり TV放送版ノンクレジットED映像 imase Fiction スーパーの裏でヤニ吸うふたり 毎週木曜よる11時56分からTBS系28局にて全国放送中 ABEMANetflixにて最速配信他配信サイトにて順次配信予定 放送日時は予告なく変更となる場合がございます TV放送版エンディングテーマimase Fiction TVアニメ作品情報 タイトル スーパーの裏でヤニ吸うふたり キャスト佐木役佐藤拓也 山田田山役星希成奏 後藤役行成とあ 大野役豊口めぐみ 小畑役安田陸矢 前澤役日笠陽子 鈴木役高橋伸也 監督鈴木理人 森あおい シリーズ構成井上美緒 キャラクターデザイン大滝那佳 プロップデザイン新谷真昼 美術監督外谷 勝 色彩設計上村修司 撮影監督鯨井 亮 CG監督藤谷秀法 編集石井亜美 音響監督吉田光平 音楽河野 伸 青木沙也果 音楽プロデューサー久世 烈 音楽制作日音 アニメーションプロデューサー渡部雅悠 アニメーション制作旭プロダクション TV放送版オープニングテーマずっと真夜中でいいのに イチジク煙 TV放送版エンディングテーマimase Fiction ABEMA限定先行配信版オープニングテーマずっと真夜中でいいのに クズリ念 ABEMA限定先行配信版エンディングテーマimase NIGHT DANCER 公式サイトhttpsyanisuucom 公式Xhttpsxcomyanisuuanime 地主 SQUARE ENIX ヤニすう 製作委員会 スーパーの裏でヤニ吸うふたり ヤニすう 佐藤拓也 星希成奏 imase Fiction,99,未分類,op,OP,0,https://yt3.ggpht.com/ytc/AIdro_lKfQknyVnbz-FmD4KUIUa80Ne8E0Rf61z8iExU3o6Veg=s800-c-k-c0x00ffffff-no-rj,295000
SiTi3WCmzfc,「クレバテスⅡ-魔獣の王と偽りの勇者伝承-」ノンクレジットオープニング映像「Foreshadow」｜ClevatessⅡ,"「クレバテスⅡ-魔獣の王と偽りの勇者伝承-」
ノンクレジットオープニング映像　「Foreshadow」前島麻由
Download・Streaming▶︎https://nex-tone.link/GLUmFE7QW

＜オープニング主題歌＞
Foreshadow
前島麻由
作詞・作曲・編曲：R・O・N 
2026年7月9日（木）配信開始

2026年7月8日（水）より
TOKYO MX、サンテレビ、KBS京都、ＢＳ日テレ ほか
全27局にて放送＆配信中！

＜スタッフ＞
原作：岩原裕二（「LINEマンガ」連載）
監督：田口清隆
シリーズ構成：小柳啓伍
キャラクターデザイン・総作画監督：佐古宗一郎
サブキャラクターデザイン・総作画監督：近藤奈都子
アニメーションディレクター：塚田拓郎
動画検査チーフ：余島郁枝
美術監督：森川篤
色彩設計：岩沢れい子
撮影監督：浅川茂輝
CGディレクター：辻直希
編集：定松剛 
音楽：信澤宣明
音響監督：田口清隆
音響効果：古谷友二
録音調整：佐竹徹也
アニメーションプロデューサー：栗山政一郎
アニメーション制作：Lay-duce

＜オープニングアニメーション＞
絵コンテ ：相澤伽月　 Kagetsu Aizawa
演出　　 ：塚田拓郎 　Takuro Tsukada
作画監督 ：佐古宗一郎 Soichiro Sako
原画：
吉岡アンジェロ　Anjelo Yoshioka
小澤和則　　　　Kazunori Ozawa
永井達郎　　　　Tatsurou Nagai
岡本ルーク飛鳥　Luke Asuka Okamoto
荒川奈津　　　　Natsu Arakawa
石井かおり　　　Kaori Ishii
寺尾憲治 　　　   Kenji Terao
神田川太郎 　　   Taro Kandagawa
能海知佳 　　       Chika Noumi
芳山 優　　　　   Yuu Yoshiyama
月山贅道                Zeimichi Tsukiyama
阿部慎吾                Shingo Abe
田中宏紀                Hironori Tanaka
高山朋浩                Tomohiro Takayama
中山岳洋                Takehiro Nakayama
三宮哲太                Tetsuta Sannomiya

TRIGGER 　　　   TRIGGER
雨宮哲　　　　    Akira Amemiya
 
Debris札幌　        Debris Sapporo
鷲田敏弥　           Toshiya Washida
和田可蓮　           Karen Wada
 
Lay-duce 作画ルーム    Lay-duce 2DAnimation team
松本アマンダ　             Amanda Matsumoto
リウ ウィンチャン　    LIU WINGCHUN

第二原画：
Lay-duce 作画ルーム　Lay-duce 2DAnimation team
松本アマンダ　             Amanda Matsumoto
 
荒川奈津                         Natsu Arakawa
神崎裕                             Yu Kanzaki
永田彩                             Aya Nagata
鈴木水彩                         Misa Suzuki
大野奈々子                     Nanako Ohno
板橋美沙                         Misa Itabashi

動画検査：余島郁枝 　Ikue Yoshima

動画：
Lay-duce 作画ルーム　Lay-duce 2DAnimation team
余島郁枝　                     Ikue Yoshima
西戸悠紗　                     Yusa Nishido
鈴木佳歩　                     Kaho Suzuki
萩尾紡 　                        Tsumugi Hagio
伊藤なつみ                     Natsumi Itou
加藤梓衣                         Shii Kato
 
杭州神在动画　                  Kamiiru Studio 
FAIインターナショナル　F.A.I.international
リブート　                          reboot

色指定検査：中川昭洋　 Akihiro Nakagawa

仕上げ： 
スタジオエル　                  Studio L
杭州神在动画　                  Kamiiru Studio 
FAIインターナショナル　F.A.I.international
リブート　                          reboot

背景：
森川篤 　    Atushi Morikawa
東大地 　    Daichi Azuma
  
じゃっく　 STUDIO JACK
金川 倫也    Kanagawa Tomoe

撮影：
レアトリック　Raretrick
浅川茂輝　        Shigeki Asakawa
菅生侑美　        Yumi Sugo
  
ラインテスト：
アスラフィルム　asurafilm
西本健人　            Kento Nishimoto
  
3DCGアニメーター：小林大介　Daisuke Kobayashi
  
制作担当：栗山政一郎　Seiichiro Kuriyama

＜キャスト＞
アリシア：白石晴香　
クレン：田村睦心
クレバテス：中村悠一
ヴォーデイン：黒田崇矢
ザフティエ：潘めぐみ
ラスウェル：杉田智和
ルナ：会沢紗弥
ナイエ：黒沢ともよ
ロッド：関智一
レイ：梅田修一朗
メリーメリー：菊池ゆりな
アンドリュー：橘 龍丸
ティゲル：鈴木崚汰
リオン：峯田大夢
サラサ：久野美咲
エディソン：西山宏太朗
ミレア：関根明良
ローメイン：佐野史郎

アニメ公式サイト　https://clevatess.com　　　
アニメ公式X　＠clevatess_anime

原作サイト（LINEマンガ連載・電子）
https://manga.line.me/product/periodic?id=Z0000841",2026-07-15T14:00:20Z,KADOKAWAanime,UCY5fcqgSrQItPAX_Z5Frmwg,117445,https://i.ytimg.com/vi/SiTi3WCmzfc/hqdefault.jpg,クレバテス-魔獣の王と偽りの勇者伝承- ノンクレジットオープニング映像 Foreshadow Clevatess クレバテス-魔獣の王と偽りの勇者伝承- ノンクレジットオープニング映像 Foreshadow 前島麻由 DownloadStreaminghttpsnex-tonelinkGLUmFE7QW オープニング主題歌 Foreshadow 前島麻由 作詞作曲編曲RON 2026年7月9日木配信開始 2026年7月8日水より TOKYO MXサンテレビKBS京都日テレ ほか 全27局にて放送配信中 スタッフ 原作岩原裕二 LINEマンガ 連載 監督田口清隆 シリーズ構成小柳啓伍 キャラクターデザイン総作画監督佐古宗一郎 サブキャラクターデザイン総作画監督近藤奈都子 アニメーションディレクター塚田拓郎 動画検査チーフ余島郁枝 美術監督森川篤 色彩設計岩沢れい子 撮影監督浅川茂輝 CGディレクター辻直希 編集定松剛 音楽信澤宣明 音響監督田口清隆 音響効果古谷友二 録音調整佐竹徹也 アニメーションプロデューサー栗山政一郎 アニメーション制作Lay-duce オープニングアニメーション 絵コンテ 相澤伽月 Kagetsu Aizawa 演出 塚田拓郎 Takuro Tsukada 作画監督 佐古宗一郎 Soichiro Sako 原画 吉岡アンジェロ Anjelo Yoshioka 小澤和則 Kazunori Ozawa 永井達郎 Tatsurou Nagai 岡本ルーク飛鳥 Luke Asuka Okamoto 荒川奈津 Natsu Arakawa 石井かおり Kaori Ishii 寺尾憲治 Kenji Terao 神田川太郎 Taro Kandagawa 能海知佳 Chika Noumi 芳山 優 Yuu Yoshiyama 月山贅道 Zeimichi Tsukiyama 阿部慎吾 Shingo Abe 田中宏紀 Hironori Tanaka 高山朋浩 Tomohiro Takayama 中山岳洋 Takehiro Nakayama 三宮哲太 Tetsuta Sannomiya TRIGGER TRIGGER 雨宮哲 Akira Amemiya Debris札幌 Debris Sapporo 鷲田敏弥 Toshiya Washida 和田可蓮 Karen Wada Lay-duce 作画ルーム Lay-duce 2DAnimation team 松本アマンダ Amanda Matsumoto リウ ウィンチャン LIU WINGCHUN 第二原画 Lay-duce 作画ルーム Lay-duce 2DAnimation team 松本アマンダ Amanda Matsumoto 荒川奈津 Natsu Arakawa 神崎裕 Yu Kanzaki 永田彩 Aya Nagata 鈴木水彩 Misa Suzuki 大野奈子 Nanako Ohno 板橋美沙 Misa Itabashi 動画検査余島郁枝 Ikue Yoshima 動画 Lay-duce 作画ルーム Lay-duce 2DAnimation team 余島郁枝 Ikue Yoshima 西戸悠紗 Yusa Nishido 鈴木佳歩 Kaho Suzuki 萩尾紡 Tsumugi Hagio 伊藤なつみ Natsumi Itou 加藤梓衣 Shii Kato 杭州神在动画 Kamiiru Studio FAIインターナショナル FAIinternational リブート reboot 色指定検査中川昭洋 Akihiro Nakagawa 仕上げ スタジオエル Studio L 杭州神在动画 Kamiiru Studio FAIインターナショナル FAIinternational リブート reboot 背景 森川篤 Atushi Morikawa 東大地 Daichi Azuma じゃっく STUDIO JACK 金川 倫也 Kanagawa Tomoe 撮影 レアトリック Raretrick 浅川茂輝 Shigeki Asakawa 菅生侑美 Yumi Sugo ラインテスト アスラフィルム asurafilm 西本健人 Kento Nishimoto 3DCGアニメーター小林大介 Daisuke Kobayashi 制作担当栗山政一郎 Seiichiro Kuriyama キャスト アリシア白石晴香 クレン田村睦心 クレバテス中村悠一 ォーデイン黒田崇矢 ザフティエ潘めぐみ ラスウェル杉田智和 ルナ会沢紗弥 ナイエ黒沢ともよ ロッド関智一 レイ梅田修一朗 メリーメリー菊池ゆりな アンドリュー橘 龍丸 ティゲル鈴木崚汰 リオン峯田大夢 サラサ久野美咲 エディソン西山宏太朗 ミレア関根明良 ローメイン佐野史郎 アニメ公式サイト httpsclevatesscom アニメ公式X clevatessanime 原作サイトLINEマンガ連載電子 httpsmangalinemeproductperiodicidZ0000841,クレバテス-魔獣の王と偽りの勇者伝承- ノンクレジットオープニング映像 Foreshadow Clevatess クレバテス-魔獣の王と偽りの勇者伝承- ノンクレジットオープニング映像 Foreshadow 前島麻由 DownloadStreaminghttpsnex-tonelinkGLUmFE7QW オープニング主題歌 Foreshadow 前島麻由 作詞作曲編曲RON 2026年7月9日木配信開始 2026年7月8日水より TOKYO MXサンテレビKBS京都日テレ ほか 全27局にて放送配信中 スタッフ 原作岩原裕二 LINEマンガ 連載 監督田口清隆 シリーズ構成小柳啓伍 キャラクターデザイン総作画監督佐古宗一郎 サブキャラクターデザイン総作画監督近藤奈都子 アニメーションディレクター塚田拓郎 動画検査チーフ余島郁枝 美術監督森川篤 色彩設計岩沢れい子 撮影監督浅川茂輝 CGディレクター辻直希 編集定松剛 音楽信澤宣明 音響監督田口清隆 音響効果古谷友二 録音調整佐竹徹也 アニメーションプロデューサー栗山政一郎 アニメーション制作Lay-duce オープニングアニメーション 絵コンテ 相澤伽月 Kagetsu Aizawa 演出 塚田拓郎 Takuro Tsukada 作画監督 佐古宗一郎 Soichiro Sako 原画 吉岡アンジェロ Anjelo Yoshioka 小澤和則 Kazunori Ozawa 永井達郎 Tatsurou Nagai 岡本ルーク飛鳥 Luke Asuka Okamoto 荒川奈津 Natsu Arakawa 石井かおり Kaori Ishii 寺尾憲治 Kenji Terao 神田川太郎 Taro Kandagawa 能海知佳 Chika Noumi 芳山 優 Yuu Yoshiyama 月山贅道 Zeimichi Tsukiyama 阿部慎吾 Shingo Abe 田中宏紀 Hironori Tanaka 高山朋浩 Tomohiro Takayama 中山岳洋 Takehiro Nakayama 三宮哲太 Tetsuta Sannomiya TRIGGER TRIGGER 雨宮哲 Akira Amemiya Debris札幌 Debris Sapporo 鷲田敏弥 Toshiya Washida 和田可蓮 Karen Wada Lay-duce 作画ルーム Lay-duce 2DAnimation team 松本アマンダ Amanda Matsumoto リウ ウィンチャン LIU WINGCHUN 第二原画 Lay-duce 作画ルーム Lay-duce 2DAnimation team 松本アマンダ Amanda Matsumoto 荒川奈津 Natsu Arakawa 神崎裕 Yu Kanzaki 永田彩 Aya Nagata 鈴木水彩 Misa Suzuki 大野奈子 Nanako Ohno 板橋美沙 Misa Itabashi 動画検査余島郁枝 Ikue Yoshima 動画 Lay-duce 作画ルーム Lay-duce 2DAnimation team 余島郁枝 Ikue Yoshima 西戸悠紗 Yusa Nishido 鈴木佳歩 Kaho Suzuki 萩尾紡 Tsumugi Hagio 伊藤なつみ Natsumi Itou 加藤梓衣 Shii Kato 杭州神在动画 Kamiiru Studio FAIインターナショナル FAIinternational リブート reboot 色指定検査中川昭洋 Akihiro Nakagawa 仕上げ スタジオエル Studio L 杭州神在动画 Kamiiru Studio FAIインターナショナル FAIinternational リブート reboot 背景 森川篤 Atushi Morikawa 東大地 Daichi Azuma じゃっく STUDIO JACK 金川 倫也 Kanagawa Tomoe 撮影 レアトリック Raretrick 浅川茂輝 Shigeki Asakawa 菅生侑美 Yumi Sugo ラインテスト アスラフィルム asurafilm 西本健人 Kento Nishimoto 3DCGアニメーター小林大介 Daisuke Kobayashi 制作担当栗山政一郎 Seiichiro Kuriyama キャスト アリシア白石晴香 クレン田村睦心 クレバテス中村悠一 ォーデイン黒田崇矢 ザフティエ潘めぐみ ラスウェル杉田智和 ルナ会沢紗弥 ナイエ黒沢ともよ ロッド関智一 レイ梅田修一朗 メリーメリー菊池ゆりな アンドリュー橘 龍丸 ティゲル鈴木崚汰 リオン峯田大夢 サラサ久野美咲 エディソン西山宏太朗 ミレア関根明良 ローメイン佐野史郎 アニメ公式サイト httpsclevatesscom アニメ公式X clevatessanime 原作サイトLINEマンガ連載電子 httpsmangalinemeproductperiodicidZ0000841,クレバテス-魔獣の王と偽りの勇者伝承- ノンクレジットオープニング映像 Foreshadow Clevatess クレバテス-魔獣の王と偽りの勇者伝承- ノンクレジットオープニング映像 Foreshadow 前島麻由 DownloadStreaminghttpsnex-tonelinkGLUmFE7QW オープニング主題歌 Foreshadow 前島麻由 作詞作曲編曲RON 2026年7月9日木配信開始 2026年7月8日水より TOKYO MXサンテレビKBS京都日テレ ほか 全27局にて放送配信中 スタッフ 原作岩原裕二 LINEマンガ 連載 監督田口清隆 シリーズ構成小柳啓伍 キャラクターデザイン総作画監督佐古宗一郎 サブキャラクターデザイン総作画監督近藤奈都子 アニメーションディレクター塚田拓郎 動画検査チーフ余島郁枝 美術監督森川篤 色彩設計岩沢れい子 撮影監督浅川茂輝 CGディレクター辻直希 編集定松剛 音楽信澤宣明 音響監督田口清隆 音響効果古谷友二 録音調整佐竹徹也 アニメーションプロデューサー栗山政一郎 アニメーション制作Lay-duce オープニングアニメーション 絵コンテ 相澤伽月 Kagetsu Aizawa 演出 塚田拓郎 Takuro Tsukada 作画監督 佐古宗一郎 Soichiro Sako 原画 吉岡アンジェロ Anjelo Yoshioka 小澤和則 Kazunori Ozawa 永井達郎 Tatsurou Nagai 岡本ルーク飛鳥 Luke Asuka Okamoto 荒川奈津 Natsu Arakawa 石井かおり Kaori Ishii 寺尾憲治 Kenji Terao 神田川太郎 Taro Kandagawa 能海知佳 Chika Noumi 芳山 優 Yuu Yoshiyama 月山贅道 Zeimichi Tsukiyama 阿部慎吾 Shingo Abe 田中宏紀 Hironori Tanaka 高山朋浩 Tomohiro Takayama 中山岳洋 Takehiro Nakayama 三宮哲太 Tetsuta Sannomiya TRIGGER TRIGGER 雨宮哲 Akira Amemiya Debris札幌 Debris Sapporo 鷲田敏弥 Toshiya Washida 和田可蓮 Karen Wada Lay-duce 作画ルーム Lay-duce 2DAnimation team 松本アマンダ Amanda Matsumoto リウ ウィンチャン LIU WINGCHUN 第二原画 Lay-duce 作画ルーム Lay-duce 2DAnimation team 松本アマンダ Amanda Matsumoto 荒川奈津 Natsu Arakawa 神崎裕 Yu Kanzaki 永田彩 Aya Nagata 鈴木水彩 Misa Suzuki 大野奈子 Nanako Ohno 板橋美沙 Misa Itabashi 動画検査余島郁枝 Ikue Yoshima 動画 Lay-duce 作画ルーム Lay-duce 2DAnimation team 余島郁枝 Ikue Yoshima 西戸悠紗 Yusa Nishido 鈴木佳歩 Kaho Suzuki 萩尾紡 Tsumugi Hagio 伊藤なつみ Natsumi Itou 加藤梓衣 Shii Kato 杭州神在动画 Kamiiru Studio FAIインターナショナル FAIinternational リブート reboot 色指定検査中川昭洋 Akihiro Nakagawa 仕上げ スタジオエル Studio L 杭州神在动画 Kamiiru Studio FAIインターナショナル FAIinternational リブート reboot 背景 森川篤 Atushi Morikawa 東大地 Daichi Azuma じゃっく STUDIO JACK 金川 倫也 Kanagawa Tomoe 撮影 レアトリック Raretrick 浅川茂輝 Shigeki Asakawa 菅生侑美 Yumi Sugo ラインテスト アスラフィルム asurafilm 西本健人 Kento Nishimoto 3DCGアニメーター小林大介 Daisuke Kobayashi 制作担当栗山政一郎 Seiichiro Kuriyama キャスト アリシア白石晴香 クレン田村睦心 クレバテス中村悠一 ォーデイン黒田崇矢 ザフティエ潘めぐみ ラスウェル杉田智和 ルナ会沢紗弥 ナイエ黒沢ともよ ロッド関智一 レイ梅田修一朗 メリーメリー菊池ゆりな アンドリュー橘 龍丸 ティゲル鈴木崚汰 リオン峯田大夢 サラサ久野美咲 エディソン西山宏太朗 ミレア関根明良 ローメイン佐野史郎 アニメ公式サイト httpsclevatesscom アニメ公式X clevatessanime 原作サイトLINEマンガ連載電子 httpsmangalinemeproductperiodicidZ0000841,99,未分類,op,OP,0,https://yt3.ggpht.com/ytc/AIdro_kBexGPE4xdlwIRGuLFEcoqtNFCi_8bWioG0HyHx7cSbvI=s800-c-k-c0x00ffffff-no-rj,3080000
k2Gfd254sMg,TVアニメ『いびってこない義母と義姉』ノンクレジットOPムービー｜Lia「雨宿りの憧憬」,"TVアニメ『いびってこない義母と義姉』
ノンクレジットオープニングムービー公開！

♫オープニングテーマ：Lia「雨宿りの憧憬」

🪭7月8日(水)よりTVアニメ放送中！
・毎週水曜23:30～　tvkテレビ神奈川・テレ玉・チバテレ
・毎週金曜26:23～　MBS
・毎週日曜10:30～　TOKYO MX
・毎週日曜25:00～　BS朝日

🪭7/8より毎週水曜23:30～先行配信中
U-NEXT、アニメ放題、アニメタイムズ

🪭7月15日(水)23:30以降～順次配信開始
Amazon Prime Video、ABEMA、Hulu、Lemino、ｄアニメストア、
dアニメストア ニコニコ支店、dアニメストア for Prime Video、
DMM TV、バンダイチャンネル、J:COM STREAM、TELASA、milplus、ニコニコ動画

🪭最新話期間限定 無料配信
7月15日(水)23:30～順次配信開始
TVer 

◆キャスト
中村美冶：鈴木日菜
鴻蔵てる：くじら
鴻蔵まりか：芹澤優
鴻蔵ありさ：貫井柚佳
グングニル：麦穂あんな
鴻蔵弥栄子：根本京里
名護：内山夕実
三ツ矢：M・A・O

◆スタッフ
原作：おつじ（comic POOL／一迅社刊）
監督：井上圭介
シリーズ構成：星野七海　
キャラクターデザイン／総作画監督：佐々木睦美
サブキャラクターデザイン：三好裕理(チップチューン)
プロップデザイン：レコメンデーション
美術監督：中原英統
色彩設計：重冨英里
撮影監督：新谷優子
3Dクリエイター：栗林裕紀 土田駿 江田恵一
2DCGデザイン：新谷優子 柏原進
編集：近藤勇二(REAL-T)
音響監督：亀山俊樹
音楽：田山里奈
アニメーション制作：NEWON

♪オープニングテーマ：Lia「雨宿りの憧憬」
　Lia（リア）YouTube：https://www.youtube.com/@LiaOfficialYouTube

　配信：TV-SIZE配信中！
　▷https://nex-tone.link/A00221700

　CD：9月9日（水）発売
　予約受付中
　・アニメイト通販：https://www.animate-onlineshop.jp/pn/pd/3522202/
　・ムービック通販：https://www.movic.jp/shop/g/g4550621724763-ol/
　・Amazon：https://www.amazon.co.jp/s?k=B0H6WJ2BF8%7C+B0H7BQM6CB
　・タワーレコード：https://tower.jp/search/advanced/item/search?jan=4550621724763

♪エンディングテーマ：AVAM「クレール」
AVAM（アベアム）YouTube：https://www.youtube.com/@AVAM_official

❀アニメ公式サイト:https://ibikona-anime.com/
❀アニメ公式X ＠ibikona_anime (https://x.com/ibikona_anime)

©おつじ・一迅社／「いびってこない義母と義姉」製作委員会

#いびってこない義母と義姉 #いびこなアニメ",2026-07-13T09:00:03Z,NBCUniversal Anime/Music,UCeOMz8AiNhsDhEovu5_3ujQ,115047,https://i.ytimg.com/vi/k2Gfd254sMg/hqdefault.jpg,いびってこない義母と義姉 ノンクレジットOPムービー Lia 雨宿りの憧憬 いびってこない義母と義姉 ノンクレジットオープニングムービー公開 オープニングテーマLia 雨宿りの憧憬 7月8日 よりTVアニメ放送中 毎週水曜2330 tvkテレビ神奈川テレ玉チバテレ 毎週金曜2623 MBS 毎週日曜1030 TOKYO MX 毎週日曜2500 BS朝日 78より毎週水曜2330先行配信中 U-NEXTアニメ放題アニメタイムズ 7月15日 2330以降順次配信開始 Amazon Prime VideoABEMAHuluLeminoアニメストア dアニメストア ニコニコ支店dアニメストア for Prime Video DMM TVバンダイチャンネルJCOM STREAMTELASAmilplusニコニコ動画 最新話期間限定 無料配信 7月15日 2330順次配信開始 TVer キャスト 中村美冶鈴木日菜 鴻蔵てるくじら 鴻蔵まりか芹澤優 鴻蔵ありさ貫井柚佳 グングニル麦穂あんな 鴻蔵弥栄子根本京里 名護内山夕実 三ツ矢MAO スタッフ 原作おつじcomic POOL 一迅社刊 監督井上圭介 シリーズ構成星野七海 キャラクターデザイン 総作画監督佐木睦美 サブキャラクターデザイン三好裕理 プロップデザインレコメンデーション 美術監督中原英統 色彩設計重冨英里 撮影監督新谷優子 3Dクリエイター栗林裕紀 土田駿 江田恵一 2DCGデザイン新谷優子 柏原進 編集近藤勇二 音響監督亀山俊樹 音楽田山里奈 アニメーション制作NEWON オープニングテーマLia 雨宿りの憧憬 LiaリアYouTubehttpswwwyoutubecomLiaOfficialYouTube 配信TV-SIZE配信中 httpsnex-tonelinkA00221700 CD9月9日水発売 予約受付中 アニメイト通販httpswwwanimate-onlineshopjppnpd3522202 ムービック通販httpswwwmovicjpshopgg4550621724763-ol AmazonhttpswwwamazoncojpskB0H6WJ2BF87CB0H7BQM6CB タワーレコードhttpstowerjpsearchadvanceditemsearchjan4550621724763 エンディングテーマAVAM クレール AVAMアベアムYouTubehttpswwwyoutubecomAVAMofficial アニメ公式サイトhttpsibikona- com アニメ公式X ibikonaanime おつじ一迅社 いびってこない義母と義姉 製作委員会 いびってこない義母と義姉 いびこなアニメ,いびってこない義母と義姉 ノンクレジットOPムービー Lia 雨宿りの憧憬 いびってこない義母と義姉 ノンクレジットオープニングムービー公開 オープニングテーマLia 雨宿りの憧憬 7月8日 よりTVアニメ放送中 毎週水曜2330 tvkテレビ神奈川テレ玉チバテレ 毎週金曜2623 MBS 毎週日曜1030 TOKYO MX 毎週日曜2500 BS朝日 78より毎週水曜2330先行配信中 U-NEXTアニメ放題アニメタイムズ 7月15日 2330以降順次配信開始 Amazon Prime VideoABEMAHuluLeminoアニメストア dアニメストア ニコニコ支店dアニメストア for Prime Video DMM TVバンダイチャンネルJCOM STREAMTELASAmilplusニコニコ動画 最新話期間限定 無料配信 7月15日 2330順次配信開始 TVer キャスト 中村美冶鈴木日菜 鴻蔵てるくじら 鴻蔵まりか芹澤優 鴻蔵ありさ貫井柚佳 グングニル麦穂あんな 鴻蔵弥栄子根本京里 名護内山夕実 三ツ矢MAO スタッフ 原作おつじcomic POOL 一迅社刊 監督井上圭介 シリーズ構成星野七海 キャラクターデザイン 総作画監督佐木睦美 サブキャラクターデザイン三好裕理 プロップデザインレコメンデーション 美術監督中原英統 色彩設計重冨英里 撮影監督新谷優子 3Dクリエイター栗林裕紀 土田駿 江田恵一 2DCGデザイン新谷優子 柏原進 編集近藤勇二 音響監督亀山俊樹 音楽田山里奈 アニメーション制作NEWON オープニングテーマLia 雨宿りの憧憬 LiaリアYouTubehttpswwwyoutubecomLiaOfficialYouTube 配信TV-SIZE配信中 httpsnex-tonelinkA00221700 CD9月9日水発売 予約受付中 アニメイト通販httpswwwanimate-onlineshopjppnpd3522202 ムービック通販httpswwwmovicjpshopgg4550621724763-ol AmazonhttpswwwamazoncojpskB0H6WJ2BF87CB0H7BQM6CB タワーレコードhttpstowerjpsearchadvanceditemsearchjan4550621724763 エンディングテーマAVAM クレール AVAMアベアムYouTubehttpswwwyoutubecomAVAMofficial アニメ公式サイトhttpsibikona- com アニメ公式X ibikonaanime おつじ一迅社 いびってこない義母と義姉 製作委員会 いびってこない義母と義姉 いびこなアニメ,いびってこない義母と義姉 ノンクレジットOPムービー Lia 雨宿りの憧憬 いびってこない義母と義姉 ノンクレジットオープニングムービー公開 オープニングテーマLia 雨宿りの憧憬 7月8日 よりTVアニメ放送中 毎週水曜2330 tvkテレビ神奈川テレ玉チバテレ 毎週金曜2623 MBS 毎週日曜1030 TOKYO MX 毎週日曜2500 BS朝日 78より毎週水曜2330先行配信中 U-NEXTアニメ放題アニメタイムズ 7月15日 2330以降順次配信開始 Amazon Prime VideoABEMAHuluLeminoアニメストア dアニメストア ニコニコ支店dアニメストア for Prime Video DMM TVバンダイチャンネルJCOM STREAMTELASAmilplusニコニコ動画 最新話期間限定 無料配信 7月15日 2330順次配信開始 TVer キャスト 中村美冶鈴木日菜 鴻蔵てるくじら 鴻蔵まりか芹澤優 鴻蔵ありさ貫井柚佳 グングニル麦穂あんな 鴻蔵弥栄子根本京里 名護内山夕実 三ツ矢MAO スタッフ 原作おつじcomic POOL 一迅社刊 監督井上圭介 シリーズ構成星野七海 キャラクターデザイン 総作画監督佐木睦美 サブキャラクターデザイン三好裕理 プロップデザインレコメンデーション 美術監督中原英統 色彩設計重冨英里 撮影監督新谷優子 3Dクリエイター栗林裕紀 土田駿 江田恵一 2DCGデザイン新谷優子 柏原進 編集近藤勇二 音響監督亀山俊樹 音楽田山里奈 アニメーション制作NEWON オープニングテーマLia 雨宿りの憧憬 LiaリアYouTubehttpswwwyoutubecomLiaOfficialYouTube 配信TV-SIZE配信中 httpsnex-tonelinkA00221700 CD9月9日水発売 予約受付中 アニメイト通販httpswwwanimate-onlineshopjppnpd3522202 ムービック通販httpswwwmovicjpshopgg4550621724763-ol AmazonhttpswwwamazoncojpskB0H6WJ2BF87CB0H7BQM6CB タワーレコードhttpstowerjpsearchadvanceditemsearchjan4550621724763 エンディングテーマAVAM クレール AVAMアベアムYouTubehttpswwwyoutubecomAVAMofficial アニメ公式サイトhttpsibikona- com アニメ公式X ibikonaanime おつじ一迅社 いびってこない義母と義姉 製作委員会 いびってこない義母と義姉 いびこなアニメ,99,未分類,op,OP,0,https://yt3.ggpht.com/DpIpvILSTQVJn40L0KZwJOL_j_2fv2i_cZpvuzn7ISw0h6mZajbfJZZPCrcn68RuiaKidABC1wQ=s800-c-k-c0x00ffffff-no-rj,511000
cpytH8hQ5BE,TVアニメ「天は赤い河のほとり」ノンクレジットOP｜OPテーマ：七海ひろき「暁の空」【日本テレビ・ＢＳ日テレにて放送中】,"累計発行部数 2,000万部超！少女漫画の金字塔！
画業45周年を迎える少女漫画界の巨匠・篠原千絵の作品が、待望の初テレビアニメ化！

日本テレビ｜毎週火曜25:29 AnichU枠にて放送中
ＢＳ日テレ｜毎週水曜24:00放送中
※放送時間は変更となる可能性がございます
＜公式サイト＞https://www.vap.co.jp/sorahaakaikawanohotori/

---------------------------------
TVアニメ「天は赤い河のほとり」作品情報

■イントロダクション
数々の名作を世に送り出してきた
少女漫画界の巨匠・篠原千絵の作品が、待望の初テレビアニメ化！
1995年「少女コミック」（小学館）での連載開始から約30年――
累計発行部数2,000万部超 ！（2026年1月時点、電子版含む）
今もなお世界で愛される少女漫画の金字塔が、
アニメとなって再び動き出す！

現代日本で暮らす普通の女の子・夕梨（ユーリ）。
しかしある日、ボーイフレンドとのデート中に
突如水たまりから現れた“手”によって捕らえられ、水中に引きずりこまれてしまう――

目が覚めるとそこは、紀元前14世紀のヒッタイト帝国。
自らの息子の皇位継承のため、他の皇子たちを亡き者にしようとする皇妃・ナキアの謀略により、
時空を超えて、いけにえとして召喚されたのだった。
そんなユーリが出会ったのは、皇位継承最有力候補と目される皇子・カイル。
側室として彼にかくまわれることになったユーリは、やがて民衆の心を掴み
戦いの女神・イシュタルとして名を馳せるようになる。

現代日本への帰還のタイムリミットが迫る中、皇妃の陰謀や周辺国との対立に巻き込まれ、
そしていつしか想いを寄せるようになっていたカイルへの恋心に揺れる、
ユーリの選ぶ道とは……？

数千年の時を超え、突如古代オリエント世界に召喚された少女が
自らの手で運命を切り開く、本格大河ロマン！

■キャスト
ユーリ（鈴木夕梨）：橘 美來
カイル・ムルシリ：加藤 渉
ナキア：内田 彩
ザナンザ・ハットゥシリ：千葉翔也
イル・バーニ：前野智昭
ウルヒ：遊佐浩二

キックリ：大野智敬
ハディ：青木志貴
リュイ：川井田夏海
シャラ：松岡美里
カッシュ：石谷春貴
ルサファ：榎木淳弥
ミッタンナムワ：神尾晋一郎

マッティワザ（黒太子）：鳥海浩輔

ナレーション／氷室：七海ひろき

■スタッフ
監督：小林浩輔
シリーズ構成：冨田頼子
キャラクターデザイン：藤﨑賢二
美術監督：猿谷勝己
色彩設計：ツジサチコ
撮影監督：神木正士
編集：上野義博
音響監督：森下広人
音楽：平野義久
音響制作：チームカワドン
歴史考証：松村公仁　吉田大輔（(公財)中近東文化センター附属アナトリア考古学研究所）
アニメーション制作：タツノコプロ

■主題歌
オープニングテーマ
七海ひろき「暁の空」（キングレコード）
作詞：七海ひろき
作曲・編曲：YASUHIRO(康寛)

エンディングテーマ
清水美依紗「Reunion」（ユニバーサル ミュージック）
作詞作編曲：Taisei Toda

■原作
篠原千絵「天は赤い河のほとり」（小学館刊）

 © 篠原千絵／小学館／アニメ「天は赤い河のほとり」製作委員会 

#天は赤い河のほとり #アニメ天河",2026-07-10T03:00:17Z,VAP Official,UCazjJ6udlwl6cP_om1zqTQQ,100630,https://i.ytimg.com/vi/cpytH8hQ5BE/hqdefault.jpg,天は赤い河のほとり ノンクレジットOP OPテーマ七海ひろき 暁の空 日本テレビ日テレにて放送中 累計発行部数 2000万部超少女漫画の金字塔 画業45周年を迎える少女漫画界の巨匠篠原千絵の作品が待望の初テレビアニメ化 日本テレビ 毎週火曜2529 AnichU枠にて放送中 日テレ 毎週水曜2400放送中 放送時間は変更となる可能性がございます 公式サイトhttpswwwvapcojpsorahaakaikawanohotori --------------------------------- 天は赤い河のほとり 作品情報 イントロダクション 数の名作を世に送り出してきた 少女漫画界の巨匠篠原千絵の作品が待望の初テレビアニメ化 1995年 少女コミック 小学館での連載開始から約30年 累計発行部数2000万部超 2026年1月時点電子版含む 今もなお世界で愛される少女漫画の金字塔が アニメとなって再び動き出す 現代日本で暮らす普通の女の子夕梨ユーリ しかしある日ボーイフレンドとのデート中に 突如水たまりから現れた手によって捕らえられ水中に引きずりこまれてしまう 目が覚めるとそこは紀元前14世紀のヒッタイト帝国 自らの息子の皇位継承のため他の皇子たちを亡き者にしようとする皇妃ナキアの謀略により 時空を超えていけにえとして召喚されたのだった そんなユーリが出会ったのは皇位継承最有力候補と目される皇子カイル 側室として彼にかくまわれることになったユーリはやがて民衆の心を掴み 戦いの女神イシュタルとして名を馳せるようになる 現代日本への帰還のタイムリミットが迫る中皇妃の陰謀や周辺国との対立に巻き込まれ そしていつしか想いを寄せるようになっていたカイルへの恋心に揺れる ユーリの選ぶ道とは 数千年の時を超え突如古代オリエント世界に召喚された少女が 自らの手で運命を切り開く本格大河ロマン キャスト ユーリ鈴木夕梨橘 美來 カイルムルシリ加藤 渉 ナキア内田 彩 ザナンザハットゥシリ千葉翔也 イルバーニ前野智昭 ウルヒ遊佐浩二 キックリ大野智敬 ハディ青木志貴 リュイ川井田夏海 シャラ松岡美里 カッシュ石谷春貴 ルサファ榎木淳弥 ミッタンナムワ神尾晋一郎 マッティワザ黒太子鳥海浩輔 ナレーション 氷室七海ひろき スタッフ 監督小林浩輔 シリーズ構成冨田頼子 キャラクターデザイン藤賢二 美術監督猿谷勝己 色彩設計ツジサチコ 撮影監督神木正士 編集上野義博 音響監督森下広人 音楽平野義久 音響制作チームカワドン 歴史考証松村公仁 吉田大輔 中近東文化センター附属アナトリア考古学研究所 アニメーション制作タツノコプロ オープニングテーマ 七海ひろき 暁の空 キングレコード 作詞七海ひろき 作曲編曲YASUHIRO エンディングテーマ 清水美依紗 Reunion ユニバーサル ミュージック 作詞作編曲Taisei Toda 原作 篠原千絵 天は赤い河のほとり 小学館刊 篠原千絵 小学館 天は赤い河のほとり 製作委員会 天は赤い河のほとり アニメ天河,天は赤い河のほとり ノンクレジットOP OPテーマ七海ひろき 暁の空 日本テレビ日テレにて放送中 累計発行部数 2000万部超少女漫画の金字塔 画業45周年を迎える少女漫画界の巨匠篠原千絵の作品が待望の初テレビアニメ化 日本テレビ 毎週火曜2529 AnichU枠にて放送中 日テレ 毎週水曜2400放送中 放送時間は変更となる可能性がございます 公式サイトhttpswwwvapcojpsorahaakaikawanohotori --------------------------------- 天は赤い河のほとり 作品情報 イントロダクション 数の名作を世に送り出してきた 少女漫画界の巨匠篠原千絵の作品が待望の初テレビアニメ化 1995年 少女コミック 小学館での連載開始から約30年 累計発行部数2000万部超 2026年1月時点電子版含む 今もなお世界で愛される少女漫画の金字塔が アニメとなって再び動き出す 現代日本で暮らす普通の女の子夕梨ユーリ しかしある日ボーイフレンドとのデート中に 突如水たまりから現れた手によって捕らえられ水中に引きずりこまれてしまう 目が覚めるとそこは紀元前14世紀のヒッタイト帝国 自らの息子の皇位継承のため他の皇子たちを亡き者にしようとする皇妃ナキアの謀略により 時空を超えていけにえとして召喚されたのだった そんなユーリが出会ったのは皇位継承最有力候補と目される皇子カイル 側室として彼にかくまわれることになったユーリはやがて民衆の心を掴み 戦いの女神イシュタルとして名を馳せるようになる 現代日本への帰還のタイムリミットが迫る中皇妃の陰謀や周辺国との対立に巻き込まれ そしていつしか想いを寄せるようになっていたカイルへの恋心に揺れる ユーリの選ぶ道とは 数千年の時を超え突如古代オリエント世界に召喚された少女が 自らの手で運命を切り開く本格大河ロマン キャスト ユーリ鈴木夕梨橘 美來 カイルムルシリ加藤 渉 ナキア内田 彩 ザナンザハットゥシリ千葉翔也 イルバーニ前野智昭 ウルヒ遊佐浩二 キックリ大野智敬 ハディ青木志貴 リュイ川井田夏海 シャラ松岡美里 カッシュ石谷春貴 ルサファ榎木淳弥 ミッタンナムワ神尾晋一郎 マッティワザ黒太子鳥海浩輔 ナレーション 氷室七海ひろき スタッフ 監督小林浩輔 シリーズ構成冨田頼子 キャラクターデザイン藤賢二 美術監督猿谷勝己 色彩設計ツジサチコ 撮影監督神木正士 編集上野義博 音響監督森下広人 音楽平野義久 音響制作チームカワドン 歴史考証松村公仁 吉田大輔 中近東文化センター附属アナトリア考古学研究所 アニメーション制作タツノコプロ オープニングテーマ 七海ひろき 暁の空 キングレコード 作詞七海ひろき 作曲編曲YASUHIRO エンディングテーマ 清水美依紗 Reunion ユニバーサル ミュージック 作詞作編曲Taisei Toda 原作 篠原千絵 天は赤い河のほとり 小学館刊 篠原千絵 小学館 天は赤い河のほとり 製作委員会 天は赤い河のほとり アニメ天河,天は赤い河のほとり ノンクレジットOP OPテーマ七海ひろき 暁の空 日本テレビ日テレにて放送中 累計発行部数 2000万部超少女漫画の金字塔 画業45周年を迎える少女漫画界の巨匠篠原千絵の作品が待望の初テレビアニメ化 日本テレビ 毎週火曜2529 AnichU枠にて放送中 日テレ 毎週水曜2400放送中 放送時間は変更となる可能性がございます 公式サイトhttpswwwvapcojpsorahaakaikawanohotori --------------------------------- 天は赤い河のほとり 作品情報 イントロダクション 数の名作を世に送り出してきた 少女漫画界の巨匠篠原千絵の作品が待望の初テレビアニメ化 1995年 少女コミック 小学館での連載開始から約30年 累計発行部数2000万部超 2026年1月時点電子版含む 今もなお世界で愛される少女漫画の金字塔が アニメとなって再び動き出す 現代日本で暮らす普通の女の子夕梨ユーリ しかしある日ボーイフレンドとのデート中に 突如水たまりから現れた手によって捕らえられ水中に引きずりこまれてしまう 目が覚めるとそこは紀元前14世紀のヒッタイト帝国 自らの息子の皇位継承のため他の皇子たちを亡き者にしようとする皇妃ナキアの謀略により 時空を超えていけにえとして召喚されたのだった そんなユーリが出会ったのは皇位継承最有力候補と目される皇子カイル 側室として彼にかくまわれることになったユーリはやがて民衆の心を掴み 戦いの女神イシュタルとして名を馳せるようになる 現代日本への帰還のタイムリミットが迫る中皇妃の陰謀や周辺国との対立に巻き込まれ そしていつしか想いを寄せるようになっていたカイルへの恋心に揺れる ユーリの選ぶ道とは 数千年の時を超え突如古代オリエント世界に召喚された少女が 自らの手で運命を切り開く本格大河ロマン キャスト ユーリ鈴木夕梨橘 美來 カイルムルシリ加藤 渉 ナキア内田 彩 ザナンザハットゥシリ千葉翔也 イルバーニ前野智昭 ウルヒ遊佐浩二 キックリ大野智敬 ハディ青木志貴 リュイ川井田夏海 シャラ松岡美里 カッシュ石谷春貴 ルサファ榎木淳弥 ミッタンナムワ神尾晋一郎 マッティワザ黒太子鳥海浩輔 ナレーション 氷室七海ひろき スタッフ 監督小林浩輔 シリーズ構成冨田頼子 キャラクターデザイン藤賢二 美術監督猿谷勝己 色彩設計ツジサチコ 撮影監督神木正士 編集上野義博 音響監督森下広人 音楽平野義久 音響制作チームカワドン 歴史考証松村公仁 吉田大輔 中近東文化センター附属アナトリア考古学研究所 アニメーション制作タツノコプロ オープニングテーマ 七海ひろき 暁の空 キングレコード 作詞七海ひろき 作曲編曲YASUHIRO エンディングテーマ 清水美依紗 Reunion ユニバーサル ミュージック 作詞作編曲Taisei Toda 原作 篠原千絵 天は赤い河のほとり 小学館刊 篠原千絵 小学館 天は赤い河のほとり 製作委員会 天は赤い河のほとり アニメ天河,99,未分類,op,OP,0,https://yt3.ggpht.com/mpoUy3YTeFEirb9EZnvLirewO1tEe6R4hTEXKYYZqRDN1lbsY2A0UuCio8nu7KIMQpTW6nLB9Eo=s800-c-k-c0x00ffffff-no-rj,344000
7ClAoZKbuhA,『無職転生Ⅲ』第5話ノンクレジットOPムービー／OPテーマ：「芽吹の唄」大原ゆい子,"TVアニメ第3期
『無職転生Ⅲ ～異世界行ったら本気だす～』
7月26日(日)放送 第5話「お祝い」ノンクレジットOP

「芽吹の唄」#大原ゆい子 
楽曲配信▶https://nex-tone.link/9cfVwZ92i

毎週日曜 放送中
24:00 TOKYO MX／25:30 サンテレビ／24:45 KBS京都
ABEMA・dアニメストア地上波同時・最速先行配信
他配信サービス 毎週水曜24:00順次配信

原作：理不尽な孫の手（MFブックス／KADOKAWA刊）
キャラクター原案：シロタカ　　原作企画：フロンティアワークス
監督：渋谷亮介　シリーズ構成：渋谷亮介・谷内直人
キャラクターデザイン：嶋田真恵・古川良太
総作画監督：中野圭哉・嶋田聡史　美術監督：三宅昌和
色彩設計：土居真紀子　　撮影監督：頓所信二
編集：三嶋章紀　　音響監督：明田川仁　　音響効果：上野 励
音響制作：マジックカプセル　　音楽：藤澤慶昌
オープニングテーマ：「決意の唄」大原ゆい子
エンディングテーマ：「祈り、終われば」中島美嘉
プロデュース：EGG FIRM　　制作：スタジオバインド

【キャスト】
ルーデウス・グレイラット：内山夕実
前世の男：杉田智和
シルフィエット・グレイラット：茅野愛衣
ロキシー・ミグルディア・グレイラット：小原好美
ゼニス・グレイラット：金元寿子
リーリャ・グレイラット：Lynn
ノルン・グレイラット：会沢紗弥
アイシャ・グレイラット：高田憂希
エリナリーゼ・ドラゴンロード：田中理恵
ザノバ・シーローン：鶴岡 聡
クリフ・グリモル：逢坂良太
アリエル・アネモイ・アスラ：上田麗奈
ルーク・ノトス・グレイラット：興津和幸
リニアーナ・デドルディア：ファイルーズあい
プルセナ・アドルディア：田中美海
ジュリエット：諸星すみれ
ナナホシ・シズカ：若山詩音

公式サイト：https://mushokutensei.jp
公式X：https://x.com/mushokutensei_A
公式TikTok：http://tiktok.com/@mushokutensei_a

©理不尽な孫の手/MFブックス/「無職転生Ⅲ」製作委員会

#無職転生 #無職転生3期 #アニメ
-----------------------------------------------
TOHO animation
Portal Site：https://tohoanimation.jp/portal/
Official X(JP)：https://x.com/TOHOanimation
Official X(EN)：https://x.com/tohoanimationen
Official TikTok(JP)：https://www.tiktok.com/@tohoanimationch
Official TikTok(EN)：https://www.tiktok.com/@tohoanimationen
Official Instagram(JP)：https://www.instagram.com/tohoanimation_info/
Official Threads(JP)：https://www.threads.com/@tohoanimation_info/
-----------------------------------------------
TOHO animation STORE
Online Store：https://tohoanimationstore.com/shop/
Official X：https://x.com/TOHOanimeSTORE
-----------------------------------------------",2026-07-27T10:44:56Z,TOHO animation チャンネル,UC14Yc2Qv92DMuyNRlHvpo2Q,94389,https://i.ytimg.com/vi/7ClAoZKbuhA/hqdefault.jpg,無職転生 第5話ノンクレジットOPムービー OPテーマ 芽吹の唄 大原ゆい子 TVアニメ 無職転生 異世界行ったら本気だす 7月26日 放送 第5話 お祝い ノンクレジットOP 芽吹の唄 大原ゆい子 楽曲配信httpsnex-tonelink9cfVwZ92i 毎週日曜 放送中 2400 TOKYO MX 2530 サンテレビ 2445 KBS京都 ABEMAdアニメストア地上波同時最速先行配信 他配信サービス 毎週水曜2400順次配信 原作理不尽な孫の手MFブックス KADOKAWA刊 キャラクター原案シロタカ 原作企画フロンティアワークス 監督渋谷亮介 シリーズ構成渋谷亮介谷内直人 キャラクターデザイン嶋田真恵古川良太 総作画監督中野圭哉嶋田聡史 美術監督三宅昌和 色彩設計土居真紀子 撮影監督頓所信二 編集三嶋章紀 音響監督明田川仁 音響効果上野 励 音響制作マジックカプセル 音楽藤澤慶昌 オープニングテーマ 決意の唄 大原ゆい子 エンディングテーマ 祈り終われば 中島美嘉 プロデュースEGG FIRM 制作スタジオバインド キャスト ルーデウスグレイラット内山夕実 前世の男杉田智和 シルフィエットグレイラット茅野愛衣 ロキシーミグルディアグレイラット小原好美 ゼニスグレイラット金元寿子 リーリャグレイラットLynn ノルングレイラット会沢紗弥 アイシャグレイラット高田憂希 エリナリーゼドラゴンロード田中理恵 ザノバシーローン鶴岡 聡 クリフグリモル逢坂良太 アリエルアネモイアスラ上田麗奈 ルークノトスグレイラット興津和幸 リニアーナデドルディアファイルーズあい プルセナアドルディア田中美海 ジュリエット諸星すみれ ナナホシシズカ若山詩音 公式サイトhttpsmushokutenseijp 公式XhttpsxcommushokutenseiA 公式TikTokhttptiktokcommushokutenseia 理不尽な孫の手MFブックス 無職転生 製作委員会 無職転生 無職転生3期 ----------------------------------------------- TOHO animation Portal Sitehttpstohoanimationjpportal X httpsxcomTOHOanimation X httpsxcomtohoanimationen TikTok httpswwwtiktokcomtohoanimationch TikTok httpswwwtiktokcomtohoanimationen Instagram httpswwwinstagramcomtohoanimationinfo Threads httpswwwthreadscomtohoanimationinfo ----------------------------------------------- TOHO animation STORE Online Storehttpstohoanimationstorecomshop XhttpsxcomTOHOanimeSTORE,無職転生 第5話ノンクレジットOPムービー OPテーマ 芽吹の唄 大原ゆい子 TVアニメ 無職転生 異世界行ったら本気だす 7月26日 放送 第5話 お祝い ノンクレジットOP 芽吹の唄 大原ゆい子 楽曲配信httpsnex-tonelink9cfVwZ92i 毎週日曜 放送中 2400 TOKYO MX 2530 サンテレビ 2445 KBS京都 ABEMAdアニメストア地上波同時最速先行配信 他配信サービス 毎週水曜2400順次配信 原作理不尽な孫の手MFブックス KADOKAWA刊 キャラクター原案シロタカ 原作企画フロンティアワークス 監督渋谷亮介 シリーズ構成渋谷亮介谷内直人 キャラクターデザイン嶋田真恵古川良太 総作画監督中野圭哉嶋田聡史 美術監督三宅昌和 色彩設計土居真紀子 撮影監督頓所信二 編集三嶋章紀 音響監督明田川仁 音響効果上野 励 音響制作マジックカプセル 音楽藤澤慶昌 オープニングテーマ 決意の唄 大原ゆい子 エンディングテーマ 祈り終われば 中島美嘉 プロデュースEGG FIRM 制作スタジオバインド キャスト ルーデウスグレイラット内山夕実 前世の男杉田智和 シルフィエットグレイラット茅野愛衣 ロキシーミグルディアグレイラット小原好美 ゼニスグレイラット金元寿子 リーリャグレイラットLynn ノルングレイラット会沢紗弥 アイシャグレイラット高田憂希 エリナリーゼドラゴンロード田中理恵 ザノバシーローン鶴岡 聡 クリフグリモル逢坂良太 アリエルアネモイアスラ上田麗奈 ルークノトスグレイラット興津和幸 リニアーナデドルディアファイルーズあい プルセナアドルディア田中美海 ジュリエット諸星すみれ ナナホシシズカ若山詩音 公式サイトhttpsmushokutenseijp 公式XhttpsxcommushokutenseiA 公式TikTokhttptiktokcommushokutenseia 理不尽な孫の手MFブックス 無職転生 製作委員会 無職転生 無職転生3期 ----------------------------------------------- TOHO animation Portal Sitehttpstohoanimationjpportal X httpsxcomTOHOanimation X httpsxcomtohoanimationen TikTok httpswwwtiktokcomtohoanimationch TikTok httpswwwtiktokcomtohoanimationen Instagram httpswwwinstagramcomtohoanimationinfo Threads httpswwwthreadscomtohoanimationinfo ----------------------------------------------- TOHO animation STORE Online Storehttpstohoanimationstorecomshop XhttpsxcomTOHOanimeSTORE,無職転生 第5話ノンクレジットOPムービー OPテーマ 芽吹の唄 大原ゆい子 TVアニメ 無職転生 異世界行ったら本気だす 7月26日 放送 第5話 お祝い ノンクレジットOP 芽吹の唄 大原ゆい子 楽曲配信httpsnex-tonelink9cfVwZ92i 毎週日曜 放送中 2400 TOKYO MX 2530 サンテレビ 2445 KBS京都 ABEMAdアニメストア地上波同時最速先行配信 他配信サービス 毎週水曜2400順次配信 原作理不尽な孫の手MFブックス KADOKAWA刊 キャラクター原案シロタカ 原作企画フロンティアワークス 監督渋谷亮介 シリーズ構成渋谷亮介谷内直人 キャラクターデザイン嶋田真恵古川良太 総作画監督中野圭哉嶋田聡史 美術監督三宅昌和 色彩設計土居真紀子 撮影監督頓所信二 編集三嶋章紀 音響監督明田川仁 音響効果上野 励 音響制作マジックカプセル 音楽藤澤慶昌 オープニングテーマ 決意の唄 大原ゆい子 エンディングテーマ 祈り終われば 中島美嘉 プロデュースEGG FIRM 制作スタジオバインド キャスト ルーデウスグレイラット内山夕実 前世の男杉田智和 シルフィエットグレイラット茅野愛衣 ロキシーミグルディアグレイラット小原好美 ゼニスグレイラット金元寿子 リーリャグレイラットLynn ノルングレイラット会沢紗弥 アイシャグレイラット高田憂希 エリナリーゼドラゴンロード田中理恵 ザノバシーローン鶴岡 聡 クリフグリモル逢坂良太 アリエルアネモイアスラ上田麗奈 ルークノトスグレイラット興津和幸 リニアーナデドルディアファイルーズあい プルセナアドルディア田中美海 ジュリエット諸星すみれ ナナホシシズカ若山詩音 公式サイトhttpsmushokutenseijp 公式XhttpsxcommushokutenseiA 公式TikTokhttptiktokcommushokutenseia 理不尽な孫の手MFブックス 無職転生 製作委員会 無職転生 無職転生3期 ----------------------------------------------- TOHO animation Portal Sitehttpstohoanimationjpportal X httpsxcomTOHOanimation X httpsxcomtohoanimationen TikTok httpswwwtiktokcomtohoanimationch TikTok httpswwwtiktokcomtohoanimationen Instagram httpswwwinstagramcomtohoanimationinfo Threads httpswwwthreadscomtohoanimationinfo ----------------------------------------------- TOHO animation STORE Online Storehttpstohoanimationstorecomshop XhttpsxcomTOHOanimeSTORE,3,第3クール,op,OP,0,https://yt3.ggpht.com/eWI91qDASaVas8dGoEkvje7u30u0Wo8buZBhtX9xsMnzGsgzJWiY4WLUzoDXimWFJBbNlc_OXA=s800-c-k-c0x00ffffff-no-rj,4440000
mGmKY-PB82o,TVアニメ『花織さんは転生しても喧嘩がしたい』ノンクレジットED｜内田真礼「ベリーグッド・エンカウント」,"TVアニメ『花織さんは転生しても喧嘩がしたい』放送スタート！
ノンクレジットED｜内田真礼 「ベリーグッド・エンカウント」 を特別公開！

『ぱにぽに』などの人気作を世に送り出してきた氷川へきるの最新作、TVアニメ『花織さんは転生しても喧嘩がしたい』
ABCテレビ・テレビ朝日系列全国24局ネット『ANiMAZiNG!!!』枠、BS日テレ、AT-Xにて 7月11日（土）より放送スタート！ｄアニメストア、ABEMAでも先行配信中！

■スタッフ
原作：氷川へきる（講談社「モーニング・ツー」連載）
監督：山本秀世
シリーズ構成：菅原雪絵
キャラクターデザイン：奥田陽介
美術監督：綾田如香
色彩設計：大西峰代
撮影監督：中野公滉
撮影：旭プロダクション
編集：長谷川舞（editz）
音響監督：納谷僚介
音響効果：小林亜依里、野崎博樹
音響制作：スタジオマウス
音楽：橋本由香利、R・O・N
音楽制作：ポニーキャニオン
アニメーション制作：ライデンフィルム

■主題歌情報
〇オープニング主題歌
オーイシマサヨシ 「ハイメンテナンスガール」 
作詞・作曲・編曲：大石昌良
好評配信中

〇エンディング主題歌
内田真礼 「ベリーグッド・エンカウント」
作詞：前田甘露　作曲・編曲：増田武史
好評配信中

■キャスト
鳴神流星：福山 潤
花織ミーティア：関根明良
皐月まこ：星希成奏
永守茉莉花：上田 瞳
倉石摩那：徳井青空
多岐川眠兎：稗田寧々
小鳥遊綾姫：高橋李依
朝比奈絵理子：五十嵐裕美
鳴神 萌：伊藤彩沙
六道さくら：日笠陽子
紬奈愛琉：内田真礼

■イントロダクション
鳴神流星、職業ニート。
ひきこもってゲーム三昧の日々を送るが、実はここではない世界では魔王をやっていた！

そこにかつて流星を倒した勇者であり、
現在は女子高生の花織ミーティアが押しかけてきて…。

ミーティアとの再会を経て、ニートから御剣女子高等学校の高校教師として社会復帰を果たす流星。だが、そこはミーティアが通う学校だった！

平和な世界に転生し、 再び巡り合った 二人の恋が はじまった！？

■原作情報
「花織さんは転生しても喧嘩がしたい」氷川へきる（講談社モーニングKC）
コミックス最新9巻発売中！

■information
モーニングtwo公式HP：https://morningtwo.com/
TVアニメ公式HP：https://hanaorisan-anime.com/
TVアニメ公式X：@hanaori_anime
推奨ハッシュタグ：#アニメ花織さん",2026-07-12T03:00:26Z,ぽにきゃん-Anime PONY CANYON,UCb-ekPowbBlQhyt7ZXPiu5Q,101755,https://i.ytimg.com/vi/mGmKY-PB82o/hqdefault.jpg,花織さんは転生しても喧嘩がしたい ノンクレジットED 内田真礼 ベリーグッドエンカウント 花織さんは転生しても喧嘩がしたい 放送スタート ノンクレジットED 内田真礼 ベリーグッドエンカウント を特別公開 ぱにぽに などの人気作を世に送り出してきた氷川へきるの最新作 花織さんは転生しても喧嘩がしたい ABCテレビテレビ朝日系列全国24局ネット ANiMAZiNG 枠BS日テレAT-Xにて 7月11日土より放送スタートアニメストアABEMAでも先行配信中 スタッフ 原作氷川へきる講談社 モーニングツー 連載 監督山本秀世 シリーズ構成菅原雪絵 キャラクターデザイン奥田陽介 美術監督綾田如香 色彩設計大西峰代 撮影監督中野公滉 撮影旭プロダクション 編集長谷川舞editz 音響監督納谷僚介 音響効果小林亜依里野崎博樹 音響制作スタジオマウス 音楽橋本由香利RON 音楽制作ポニーキャニオン アニメーション制作ライデンフィルム 主題歌情報 オープニング主題歌 オーイシマサヨシ ハイメンテナンスガール 作詞作曲編曲大石昌良 好評配信中 エンディング主題歌 内田真礼 ベリーグッドエンカウント 作詞前田甘露 作曲編曲増田武史 好評配信中 キャスト 鳴神流星福山 潤 花織ミーティア関根明良 皐月まこ星希成奏 永守茉莉花上田 瞳 倉石摩那徳井青空 多岐川眠兎稗田寧 小鳥遊綾姫高橋李依 朝比奈絵理子五十嵐裕美 鳴神 萌伊藤彩沙 六道さくら日笠陽子 紬奈愛琉内田真礼 イントロダクション 鳴神流星職業ニート ひきこもってゲーム三昧の日を送るが実はここではない世界では魔王をやっていた そこにかつて流星を倒した勇者であり 現在は女子高生の花織ミーティアが押しかけてきて ミーティアとの再会を経てニートから御剣女子高等学校の高校教師として社会復帰を果たす流星だがそこはミーティアが通う学校だった 平和な世界に転生し 再び巡り合った 二人の恋が はじまった 原作情報 花織さんは転生しても喧嘩がしたい 氷川へきる講談社モーニングKC コミックス最新9巻発売中 information モーニングtwo公式HPhttpsmorningtwocom TVアニメ公式HPhttpshanaorisan- com TVアニメ公式Xhanaorianime 推奨ハッシュタグアニメ花織さん,花織さんは転生しても喧嘩がしたい ノンクレジットED 内田真礼 ベリーグッドエンカウント 花織さんは転生しても喧嘩がしたい 放送スタート ノンクレジットED 内田真礼 ベリーグッドエンカウント を特別公開 ぱにぽに などの人気作を世に送り出してきた氷川へきるの最新作 花織さんは転生しても喧嘩がしたい ABCテレビテレビ朝日系列全国24局ネット ANiMAZiNG 枠BS日テレAT-Xにて 7月11日土より放送スタートアニメストアABEMAでも先行配信中 スタッフ 原作氷川へきる講談社 モーニングツー 連載 監督山本秀世 シリーズ構成菅原雪絵 キャラクターデザイン奥田陽介 美術監督綾田如香 色彩設計大西峰代 撮影監督中野公滉 撮影旭プロダクション 編集長谷川舞editz 音響監督納谷僚介 音響効果小林亜依里野崎博樹 音響制作スタジオマウス 音楽橋本由香利RON 音楽制作ポニーキャニオン アニメーション制作ライデンフィルム 主題歌情報 オープニング主題歌 オーイシマサヨシ ハイメンテナンスガール 作詞作曲編曲大石昌良 好評配信中 エンディング主題歌 内田真礼 ベリーグッドエンカウント 作詞前田甘露 作曲編曲増田武史 好評配信中 キャスト 鳴神流星福山 潤 花織ミーティア関根明良 皐月まこ星希成奏 永守茉莉花上田 瞳 倉石摩那徳井青空 多岐川眠兎稗田寧 小鳥遊綾姫高橋李依 朝比奈絵理子五十嵐裕美 鳴神 萌伊藤彩沙 六道さくら日笠陽子 紬奈愛琉内田真礼 イントロダクション 鳴神流星職業ニート ひきこもってゲーム三昧の日を送るが実はここではない世界では魔王をやっていた そこにかつて流星を倒した勇者であり 現在は女子高生の花織ミーティアが押しかけてきて ミーティアとの再会を経てニートから御剣女子高等学校の高校教師として社会復帰を果たす流星だがそこはミーティアが通う学校だった 平和な世界に転生し 再び巡り合った 二人の恋が はじまった 原作情報 花織さんは転生しても喧嘩がしたい 氷川へきる講談社モーニングKC コミックス最新9巻発売中 information モーニングtwo公式HPhttpsmorningtwocom TVアニメ公式HPhttpshanaorisan- com TVアニメ公式Xhanaorianime 推奨ハッシュタグアニメ花織さん,花織さんは転生しても喧嘩がしたい ノンクレジットED 内田真礼 ベリーグッドエンカウント 花織さんは転生しても喧嘩がしたい 放送スタート ノンクレジットED 内田真礼 ベリーグッドエンカウント を特別公開 ぱにぽに などの人気作を世に送り出してきた氷川へきるの最新作 花織さんは転生しても喧嘩がしたい ABCテレビテレビ朝日系列全国24局ネット ANiMAZiNG 枠BS日テレAT-Xにて 7月11日土より放送スタートアニメストアABEMAでも先行配信中 スタッフ 原作氷川へきる講談社 モーニングツー 連載 監督山本秀世 シリーズ構成菅原雪絵 キャラクターデザイン奥田陽介 美術監督綾田如香 色彩設計大西峰代 撮影監督中野公滉 撮影旭プロダクション 編集長谷川舞editz 音響監督納谷僚介 音響効果小林亜依里野崎博樹 音響制作スタジオマウス 音楽橋本由香利RON 音楽制作ポニーキャニオン アニメーション制作ライデンフィルム 主題歌情報 オープニング主題歌 オーイシマサヨシ ハイメンテナンスガール 作詞作曲編曲大石昌良 好評配信中 エンディング主題歌 内田真礼 ベリーグッドエンカウント 作詞前田甘露 作曲編曲増田武史 好評配信中 キャスト 鳴神流星福山 潤 花織ミーティア関根明良 皐月まこ星希成奏 永守茉莉花上田 瞳 倉石摩那徳井青空 多岐川眠兎稗田寧 小鳥遊綾姫高橋李依 朝比奈絵理子五十嵐裕美 鳴神 萌伊藤彩沙 六道さくら日笠陽子 紬奈愛琉内田真礼 イントロダクション 鳴神流星職業ニート ひきこもってゲーム三昧の日を送るが実はここではない世界では魔王をやっていた そこにかつて流星を倒した勇者であり 現在は女子高生の花織ミーティアが押しかけてきて ミーティアとの再会を経てニートから御剣女子高等学校の高校教師として社会復帰を果たす流星だがそこはミーティアが通う学校だった 平和な世界に転生し 再び巡り合った 二人の恋が はじまった 原作情報 花織さんは転生しても喧嘩がしたい 氷川へきる講談社モーニングKC コミックス最新9巻発売中 information モーニングtwo公式HPhttpsmorningtwocom TVアニメ公式HPhttpshanaorisan- com TVアニメ公式Xhanaorianime 推奨ハッシュタグアニメ花織さん,99,未分類,op,OP,0,https://yt3.ggpht.com/xf6r6k8A4f-34kU7MpjbqeaZo_zyDUznWlnrNqF0EAb08FscfBAbsXr7B_OM_GTmWXRdsPxmFw=s800-c-k-c0x00ffffff-no-rj,1070000
3BlCT0_r6RQ,アニメ『本好きの下剋上 領主の養女』第2クールOPノンクレジット映像「Power of Love」西野カナ/毎週土曜夕方5時半～放送中！,"TVアニメ『本好きの下剋上　領主の養女』
読売テレビ・日本テレビ系全国ネット
毎週土曜夕方5時30分～放送中！（※一部地域を除く）

TOKYO MX：毎週月曜よる9時25分～
AT-X：毎週火曜よる9時～

第2クールオープニングテーマ：「Power of Love」西野カナ（Sony Music Labels Inc.）

【INTRODUCTION】
「本がなければ作ればいい！」
ひとりの少女の情熱が世界を動かす――

魔力を持つ貴族が支配する＜エーレンフェスト＞
書物なき世界で本作りに奮闘するマインだったが、
その身に秘めた強大な魔力が陰謀を招く。

下町の家族や仲間を守るため、彼女は領主の養女・ローゼマインとして生きる道を選ぶ。
大切な家族と別れ、自分の名前さえ捨てて――

常識の通じない貴族社会で、本への情熱と家族への想いを胸に、
ローゼマインの闘いが始まる！

【CAST】
ローゼマイン：井口裕香
フェルディナンド：速水 奨

【STAFF】
原作：香月美夜『本好きの下剋上～司書になるためには手段を選んでいられません～』（TOブックス刊）
原作イラスト：椎名 優
漫画：波野 涼

監督：岩崎良明
シリーズ構成：國澤真理子
キャラクターデザイン：簑輪愛子
色彩設計：近藤牧穂
美術設定：田村せいき 日高綾美 田峰育子 呂逸飛
美術監督：田村せいき
撮影監督：小池真由子
編集：増永純一
音響監督：渡辺 淳
音響効果：倉橋裕宗
アニメーションプロデューサー：吉信慶太
音楽：未知瑠
アニメーション制作：WIT STUDIO

【公式サイト・SNS】
公式サイト：https://booklove-anime.jp/
公式X：https://x.com/anime_booklove

© 香月美夜・TOブックス／本好きの下剋上製作委員会２０２６
#本好きの下剋上　#WITSTUDIO　#西野カナ",2026-07-11T09:00:27Z,【ytv animation】読売テレビ アニメ公式,UCi3c8HJxjiidVUYn4L4zQJw,97824,https://i.ytimg.com/vi/3BlCT0_r6RQ/hqdefault.jpg,本好きの下剋上 領主の養女 OPノンクレジット映像 Power of Love 西野カナ毎週土曜夕方5時半放送中 本好きの下剋上 領主の養女 読売テレビ日本テレビ系全国ネット 毎週土曜夕方5時30分放送中一部地域を除く TOKYO MX毎週月曜よる9時25分 AT-X毎週火曜よる9時 オープニングテーマ Power of Love 西野カナSony Music Labels Inc INTRODUCTION 本がなければ作ればいい ひとりの少女の情熱が世界を動かす 魔力を持つ貴族が支配するエーレンフェスト 書物なき世界で本作りに奮闘するマインだったが その身に秘めた強大な魔力が陰謀を招く 下町の家族や仲間を守るため彼女は領主の養女ローゼマインとして生きる道を選ぶ 大切な家族と別れ自分の名前さえ捨てて 常識の通じない貴族社会で本への情熱と家族への想いを胸に ローゼマインの闘いが始まる CAST ローゼマイン井口裕香 フェルディナンド速水 奨 STAFF 原作香月美夜 本好きの下剋上司書になるためには手段を選んでいられません TOブックス刊 原作イラスト椎名 優 漫画波野 涼 監督岩崎良明 シリーズ構成國澤真理子 キャラクターデザイン簑輪愛子 色彩設計近藤牧穂 美術設定田村せいき 日高綾美 田峰育子 呂逸飛 美術監督田村せいき 撮影監督小池真由子 編集増永純一 音響監督渡辺 淳 音響効果倉橋裕宗 アニメーションプロデューサー吉信慶太 音楽未知瑠 アニメーション制作WIT STUDIO 公式サイトSNS 公式サイトhttpsbooklove- jp 公式Xhttpsxcomanimebooklove 香月美夜TOブックス 本好きの下剋上製作委員会 本好きの下剋上 WITSTUDIO 西野カナ,本好きの下剋上 領主の養女 OPノンクレジット映像 Power of Love 西野カナ毎週土曜夕方5時半放送中 本好きの下剋上 領主の養女 読売テレビ日本テレビ系全国ネット 毎週土曜夕方5時30分放送中一部地域を除く TOKYO MX毎週月曜よる9時25分 AT-X毎週火曜よる9時 オープニングテーマ Power of Love 西野カナSony Music Labels Inc INTRODUCTION 本がなければ作ればいい ひとりの少女の情熱が世界を動かす 魔力を持つ貴族が支配するエーレンフェスト 書物なき世界で本作りに奮闘するマインだったが その身に秘めた強大な魔力が陰謀を招く 下町の家族や仲間を守るため彼女は領主の養女ローゼマインとして生きる道を選ぶ 大切な家族と別れ自分の名前さえ捨てて 常識の通じない貴族社会で本への情熱と家族への想いを胸に ローゼマインの闘いが始まる CAST ローゼマイン井口裕香 フェルディナンド速水 奨 STAFF 原作香月美夜 本好きの下剋上司書になるためには手段を選んでいられません TOブックス刊 原作イラスト椎名 優 漫画波野 涼 監督岩崎良明 シリーズ構成國澤真理子 キャラクターデザイン簑輪愛子 色彩設計近藤牧穂 美術設定田村せいき 日高綾美 田峰育子 呂逸飛 美術監督田村せいき 撮影監督小池真由子 編集増永純一 音響監督渡辺 淳 音響効果倉橋裕宗 アニメーションプロデューサー吉信慶太 音楽未知瑠 アニメーション制作WIT STUDIO 公式サイトSNS 公式サイトhttpsbooklove- jp 公式Xhttpsxcomanimebooklove 香月美夜TOブックス 本好きの下剋上製作委員会 本好きの下剋上 WITSTUDIO 西野カナ,本好きの下剋上 領主の養女 OPノンクレジット映像 Power of Love 西野カナ毎週土曜夕方5時半放送中 本好きの下剋上 領主の養女 読売テレビ日本テレビ系全国ネット 毎週土曜夕方5時30分放送中一部地域を除く TOKYO MX毎週月曜よる9時25分 AT-X毎週火曜よる9時 オープニングテーマ Power of Love 西野カナSony Music Labels Inc INTRODUCTION 本がなければ作ればいい ひとりの少女の情熱が世界を動かす 魔力を持つ貴族が支配するエーレンフェスト 書物なき世界で本作りに奮闘するマインだったが その身に秘めた強大な魔力が陰謀を招く 下町の家族や仲間を守るため彼女は領主の養女ローゼマインとして生きる道を選ぶ 大切な家族と別れ自分の名前さえ捨てて 常識の通じない貴族社会で本への情熱と家族への想いを胸に ローゼマインの闘いが始まる CAST ローゼマイン井口裕香 フェルディナンド速水 奨 STAFF 原作香月美夜 本好きの下剋上司書になるためには手段を選んでいられません TOブックス刊 原作イラスト椎名 優 漫画波野 涼 監督岩崎良明 シリーズ構成國澤真理子 キャラクターデザイン簑輪愛子 色彩設計近藤牧穂 美術設定田村せいき 日高綾美 田峰育子 呂逸飛 美術監督田村せいき 撮影監督小池真由子 編集増永純一 音響監督渡辺 淳 音響効果倉橋裕宗 アニメーションプロデューサー吉信慶太 音楽未知瑠 アニメーション制作WIT STUDIO 公式サイトSNS 公式サイトhttpsbooklove- jp 公式Xhttpsxcomanimebooklove 香月美夜TOブックス 本好きの下剋上製作委員会 本好きの下剋上 WITSTUDIO 西野カナ,2,第2クール,op,OP,0,https://yt3.ggpht.com/m5P1xSOZJDVh04WITtI7QISEpEgR5gwO0lwL5M10ygjPs4sq-nBD0mu1yiXZcsr_1Sarbua-=s800-c-k-c0x00ffffff-no-rj,61400
miLM7VnR08o,i☆Ris「Welcome to あざとさワールド」| TVアニメ『炎の闘球女 ドッジ弾子』ノンクレジットエンディング,"伝説のドッジボール漫画「炎の闘球児 ドッジ弾平」正統続編「炎の闘球女 ドッジ弾子」2026年7月6日よりTOKYO MX、MBS、BS11、三重テレビにて放送開始！
エンディング主題歌はi☆Ris「Welcome to あざとさワールド」！
ノンクレジット映像も全力でお楽しみください！

【エンディング主題歌情報】
◆27th シングル「Welcome to あざとさワールド」」2026.7.15 on sale！
詳細&ご予約はこちら👉 https://iris.dive2ent.com/discography/
■CD+DVD　EYCA-15009/B  ¥2,750(税込)
■CD+Blu-ray Disc　EYCA-15010/B  ¥2,970(税込)  
■CDのみ　EYCA-15011  ¥1,870(税込)

11月3日(火祝)には、i☆Ris史上最大規模を更新する横浜アリーナで「i☆Ris 14th Anniversary Live」の開催決定！
絶賛チケット販売中✨ https://iris.dive2ent.com/news/detail.php?id=1134376 
「i☆Ris 14th Anniversary Live」
日時：2026年11月3日(火祝) 開場17:00/開演18:00
会場：神奈川]横浜アリーナ

【放送情報】
TOKYO MX：7月6日(月)より毎週月曜23時から放送
MBS：7月7日(火)より毎週火曜27時から放送
BS11：7月6日(月)より毎週月曜23時から放送
三重テレビ：7月8日(水)より毎週水曜24時20分から放送

【作品情報】
■原作
こしたてつひろ「炎の闘球女 ドッジ弾子」（小学館「週刊コロコロコミック」連載中）

■スタッフ
監督：博史池畠
シリーズ構成：兵頭一歩
キャラクターデザイン・総作画監督：関川成人
色彩設計：木村涼
美術監督：佐藤正浩、千葉薫
美術デザイン：佐藤正浩
CGディレクター：中島豊
撮影監督：野上大地
編集：本田優規
音楽：岩崎文紀、塚越廉
音響監督：今泉雄一
録音調整：椎葉ひかる
録音助手：宇都奈菜実
音響制作：濱亮平
音楽制作：エイベックス・ピクチャーズ
オープニング主題歌：ももいろクローバーZ　「会心の一劇」
エンディング主題歌：i☆Ris「Welcome to あざとさワールド」
アニメーション制作：CUE

■キャスト 
＜新球川闘球部＞
一撃弾子：中山まなか
小仏珍子：前田佳織里
江袋もち子：関根明良
スーザン・キャノン：大地葉
音花羽仁衣：篠原侑
三笠はこ：上坂すみれ
火浦颯美：中村カンナ

＜聖アローズ闘球部＞
二階堂平子：若井友希
五十嵐柔里：井口裕香
楠木萌愛：橘杏咲
東山朱莉：長谷川玲奈
榊原沙夜：仁見紗綾
小早川凛：伊藤彩沙
三田村麗：寺澤百花

＜土佐アタッカーズ＞
坂本龍華：明坂聡美
播磨美帆：弘松芹香
麻理奈：沖佳苗
桃花：花咲心優
凜香：大森日雅
桂木七海：朝日奈丸佳
四十間夏美：武田羅梨沙多胡

＜USバッファローズ＞
ゾーイ：ファイルーズあい
エルダ：三日尻望

＜ブラックアーマーズ＞
御堂蘭：伊瀬茉莉也
高山皐：井上麻里奈
緒方煌：小坂井祐莉絵
宇佐美月：井澤詩織
不破陽：はやしりか
結城彩：藤寺美徳
服部新：石井未紗

ナレーション・一撃弾平（幼少期）：日髙のり子
一撃弾平：小西克幸
小仏珍念：稲田徹

【関連サイト】
公式サイトURL：https://dodge-danko.com/
公式Xアカウント：https://x.com/dodge_danko

#ドッジ弾子 #iris #エンディングテーマ #中山まなか #前田佳織里 #関根明良 #大地葉 #篠原侑 #アニメ #主題歌 #ドッジボール #ドッジ弾平
©こしたてつひろ／小学館／ドッジ弾子製作委員会",2026-07-10T09:00:01Z,avex pictures,UCKlXiCjg_VI0eZ9kKBeNJgw,92452,https://i.ytimg.com/vi/miLM7VnR08o/hqdefault.jpg,iRis Welcome to あざとさワールド 炎の闘球女 ドッジ弾子 ノンクレジットエンディング 伝説のドッジボール漫画 炎の闘球児 ドッジ弾平 正統続編 炎の闘球女 ドッジ弾子 2026年7月6日よりTOKYO MXMBSBS11三重テレビにて放送開始 エンディング主題歌はiRis Welcome to あざとさワールド ノンクレジット映像も全力でお楽しみください エンディング主題歌情報 27th シングル Welcome to あざとさワールド 2026715 on sale 詳細ご予約はこちら httpsirisdive2entcomdiscography CDDVD EYCA-15009B 2750 CDBlu-ray Disc EYCA-15010B 2970 CDのみ EYCA-15011 1870 11月3日 にはiRis史上最大規模を更新する横浜アリーナで iRis 14th Anniversary Live の開催決定 絶賛チケット販売中 httpsirisdive2entcomnewsdetailphpid1134376 iRis 14th Anniversary Live 日時2026年11月3日 開場1700開演1800 会場神奈川横浜アリーナ 放送情報 TOKYO MX7月6日 より毎週月曜23時から放送 MBS7月7日 より毎週火曜27時から放送 BS117月6日 より毎週月曜23時から放送 三重テレビ7月8日 より毎週水曜24時20分から放送 作品情報 原作 こしたてつひろ 炎の闘球女 ドッジ弾子 小学館 週刊コロコロコミック 連載中 スタッフ 監督博史池畠 シリーズ構成兵頭一歩 キャラクターデザイン総作画監督関川成人 色彩設計木村涼 美術監督佐藤正浩千葉薫 美術デザイン佐藤正浩 CGディレクター中島豊 撮影監督野上大地 編集本田優規 音楽岩崎文紀塚越廉 音響監督今泉雄一 録音調整椎葉ひかる 録音助手宇都奈菜実 音響制作濱亮平 音楽制作エイベックスピクチャーズ オープニング主題歌ももいろクローバーZ 会心の一劇 エンディング主題歌iRis Welcome to あざとさワールド アニメーション制作CUE キャスト 新球川闘球部 一撃弾子中山まなか 小仏珍子前田佳織里 江袋もち子関根明良 スーザンキャノン大地葉 音花羽仁衣篠原侑 三笠はこ上坂すみれ 火浦颯美中村カンナ 聖アローズ闘球部 二階堂平子若井友希 五十嵐柔里井口裕香 楠木萌愛橘杏咲 東山朱莉長谷川玲奈 榊原沙夜仁見紗綾 小早川凛伊藤彩沙 三田村麗寺澤百花 土佐アタッカーズ 坂本龍華明坂聡美 播磨美帆弘松芹香 麻理奈沖佳苗 桃花花咲心優 凜香大森日雅 桂木七海朝日奈丸佳 四十間夏美武田羅梨沙多胡 USバッファローズ ゾーイファイルーズあい エルダ三日尻望 ブラックアーマーズ 御堂蘭伊瀬茉莉也 高山皐井上麻里奈 緒方煌小坂井祐莉絵 宇佐美月井澤詩織 不破陽はやしりか 結城彩藤寺美徳 服部新石井未紗 ナレーション一撃弾平幼少期日髙のり子 一撃弾平小西克幸 小仏珍念稲田徹 関連サイト 公式サイトURLhttpsdodge-dankocom 公式Xアカウントhttpsxcomdodgedanko ドッジ弾子 iris エンディングテーマ 中山まなか 前田佳織里 関根明良 大地葉 篠原侑 ドッジボール ドッジ弾平 こしたてつひろ 小学館 ドッジ弾子製作委員会,iRis Welcome to あざとさワールド 炎の闘球女 ドッジ弾子 ノンクレジットエンディング 伝説のドッジボール漫画 炎の闘球児 ドッジ弾平 正統続編 炎の闘球女 ドッジ弾子 2026年7月6日よりTOKYO MXMBSBS11三重テレビにて放送開始 エンディング主題歌はiRis Welcome to あざとさワールド ノンクレジット映像も全力でお楽しみください エンディング主題歌情報 27th シングル Welcome to あざとさワールド 2026715 on sale 詳細ご予約はこちら httpsirisdive2entcomdiscography CDDVD EYCA-15009B 2750 CDBlu-ray Disc EYCA-15010B 2970 CDのみ EYCA-15011 1870 11月3日 にはiRis史上最大規模を更新する横浜アリーナで iRis 14th Anniversary Live の開催決定 絶賛チケット販売中 httpsirisdive2entcomnewsdetailphpid1134376 iRis 14th Anniversary Live 日時2026年11月3日 開場1700開演1800 会場神奈川横浜アリーナ 放送情報 TOKYO MX7月6日 より毎週月曜23時から放送 MBS7月7日 より毎週火曜27時から放送 BS117月6日 より毎週月曜23時から放送 三重テレビ7月8日 より毎週水曜24時20分から放送 作品情報 原作 こしたてつひろ 炎の闘球女 ドッジ弾子 小学館 週刊コロコロコミック 連載中 スタッフ 監督博史池畠 シリーズ構成兵頭一歩 キャラクターデザイン総作画監督関川成人 色彩設計木村涼 美術監督佐藤正浩千葉薫 美術デザイン佐藤正浩 CGディレクター中島豊 撮影監督野上大地 編集本田優規 音楽岩崎文紀塚越廉 音響監督今泉雄一 録音調整椎葉ひかる 録音助手宇都奈菜実 音響制作濱亮平 音楽制作エイベックスピクチャーズ オープニング主題歌ももいろクローバーZ 会心の一劇 エンディング主題歌iRis Welcome to あざとさワールド アニメーション制作CUE キャスト 新球川闘球部 一撃弾子中山まなか 小仏珍子前田佳織里 江袋もち子関根明良 スーザンキャノン大地葉 音花羽仁衣篠原侑 三笠はこ上坂すみれ 火浦颯美中村カンナ 聖アローズ闘球部 二階堂平子若井友希 五十嵐柔里井口裕香 楠木萌愛橘杏咲 東山朱莉長谷川玲奈 榊原沙夜仁見紗綾 小早川凛伊藤彩沙 三田村麗寺澤百花 土佐アタッカーズ 坂本龍華明坂聡美 播磨美帆弘松芹香 麻理奈沖佳苗 桃花花咲心優 凜香大森日雅 桂木七海朝日奈丸佳 四十間夏美武田羅梨沙多胡 USバッファローズ ゾーイファイルーズあい エルダ三日尻望 ブラックアーマーズ 御堂蘭伊瀬茉莉也 高山皐井上麻里奈 緒方煌小坂井祐莉絵 宇佐美月井澤詩織 不破陽はやしりか 結城彩藤寺美徳 服部新石井未紗 ナレーション一撃弾平幼少期日髙のり子 一撃弾平小西克幸 小仏珍念稲田徹 関連サイト 公式サイトURLhttpsdodge-dankocom 公式Xアカウントhttpsxcomdodgedanko ドッジ弾子 iris エンディングテーマ 中山まなか 前田佳織里 関根明良 大地葉 篠原侑 ドッジボール ドッジ弾平 こしたてつひろ 小学館 ドッジ弾子製作委員会,iRis Welcome to あざとさワールド 炎の闘球女 ドッジ弾子 ノンクレジットエンディング 伝説のドッジボール漫画 炎の闘球児 ドッジ弾平 正統続編 炎の闘球女 ドッジ弾子 2026年7月6日よりTOKYO MXMBSBS11三重テレビにて放送開始 エンディング主題歌はiRis Welcome to あざとさワールド ノンクレジット映像も全力でお楽しみください エンディング主題歌情報 27th シングル Welcome to あざとさワールド 2026715 on sale 詳細ご予約はこちら httpsirisdive2entcomdiscography CDDVD EYCA-15009B 2750 CDBlu-ray Disc EYCA-15010B 2970 CDのみ EYCA-15011 1870 11月3日 にはiRis史上最大規模を更新する横浜アリーナで iRis 14th Anniversary Live の開催決定 絶賛チケット販売中 httpsirisdive2entcomnewsdetailphpid1134376 iRis 14th Anniversary Live 日時2026年11月3日 開場1700開演1800 会場神奈川横浜アリーナ 放送情報 TOKYO MX7月6日 より毎週月曜23時から放送 MBS7月7日 より毎週火曜27時から放送 BS117月6日 より毎週月曜23時から放送 三重テレビ7月8日 より毎週水曜24時20分から放送 作品情報 原作 こしたてつひろ 炎の闘球女 ドッジ弾子 小学館 週刊コロコロコミック 連載中 スタッフ 監督博史池畠 シリーズ構成兵頭一歩 キャラクターデザイン総作画監督関川成人 色彩設計木村涼 美術監督佐藤正浩千葉薫 美術デザイン佐藤正浩 CGディレクター中島豊 撮影監督野上大地 編集本田優規 音楽岩崎文紀塚越廉 音響監督今泉雄一 録音調整椎葉ひかる 録音助手宇都奈菜実 音響制作濱亮平 音楽制作エイベックスピクチャーズ オープニング主題歌ももいろクローバーZ 会心の一劇 エンディング主題歌iRis Welcome to あざとさワールド アニメーション制作CUE キャスト 新球川闘球部 一撃弾子中山まなか 小仏珍子前田佳織里 江袋もち子関根明良 スーザンキャノン大地葉 音花羽仁衣篠原侑 三笠はこ上坂すみれ 火浦颯美中村カンナ 聖アローズ闘球部 二階堂平子若井友希 五十嵐柔里井口裕香 楠木萌愛橘杏咲 東山朱莉長谷川玲奈 榊原沙夜仁見紗綾 小早川凛伊藤彩沙 三田村麗寺澤百花 土佐アタッカーズ 坂本龍華明坂聡美 播磨美帆弘松芹香 麻理奈沖佳苗 桃花花咲心優 凜香大森日雅 桂木七海朝日奈丸佳 四十間夏美武田羅梨沙多胡 USバッファローズ ゾーイファイルーズあい エルダ三日尻望 ブラックアーマーズ 御堂蘭伊瀬茉莉也 高山皐井上麻里奈 緒方煌小坂井祐莉絵 宇佐美月井澤詩織 不破陽はやしりか 結城彩藤寺美徳 服部新石井未紗 ナレーション一撃弾平幼少期日髙のり子 一撃弾平小西克幸 小仏珍念稲田徹 関連サイト 公式サイトURLhttpsdodge-dankocom 公式Xアカウントhttpsxcomdodgedanko ドッジ弾子 iris エンディングテーマ 中山まなか 前田佳織里 関根明良 大地葉 篠原侑 ドッジボール ドッジ弾平 こしたてつひろ 小学館 ドッジ弾子製作委員会,99,未分類,op,OP,0,https://yt3.ggpht.com/KLeAp_Ld3R_SPHCzNT0prmj4QDQLalKIW_P_HNnsN_e2mZPcHeu4QsnoWtaonoguDcdVJ_8svw=s800-c-k-c0x00ffffff-no-rj,487000
5d81RgISG5o,「サイボーグ009 ネメシス」ノンクレジットオープニング映像｜杏子「誰がために」,"アニメ「サイボーグ009 ネメシス」
Prime Video、dアニメストア、U-NEXTほか各プラットフォームにて配信中

■オープニングテーマ
「誰がために」杏子

作詞：石ノ森章太郎
作曲：平尾昌晃
編曲：佐藤洋介

7月19日シングルCDリリース
CD購入：https://bio.to/tagatameni_kyoko
配信サイト一覧：https://kyoko.lnk.to/tagatameni

-----------------------------------------------------------------------------------------------
公式サイト：　https://cyborg009.jp/
公式X：@009nemesis（https://x.com/009nemesis）
-----------------------------------------------------------------------------------------------

【配信プラットフォーム情報】
ABEMAプレミアム
dアニメストア
U-NEXT
アニメ放題
Prime Video
DMM TV
FOD
Hulu
バンダイチャンネル
J:COM STREAM
TELASA
milplus見放題プライム
ふらっと動画

【イントロダクション】
サイボーグ戦士たちは誕生以後、半世紀以上にわたり平和を脅かす様々な敵から人々を守ってきた。
しかし、なおも戦いは続いている――。
そして今。
009たちでは世界を安寧に導くことはできない、そう信じた9人のサイボーグ集団「ネメシス」が現れた。
重力を操るサイボーグ・グラビトンが率いる彼らの目指す理想とは？
私たちは世代交代を目撃するのか⁉ 
  
【キャスト】
009/島村ジョー：梶裕貴
001/イワン・ウイスキー：皆川純子
002/ジェット・リンク：宮野真守
003/フランソワーズ・アルヌール：早見沙織
004/アルベルト・ハインリヒ：杉田智和
005/ジェロニモ・ジュニア：安元洋貴
006/張々湖：かぬか光明
007/グレート・ブリテン：利根健太朗 
008/ピュンマ：林勇
ギルモア博士：山路和弘
 
N009/グラビトン：中村悠一
N001/ミュウ：日高里菜
N002/ブリザード：細谷佳正
N003/クラック：神谷浩史
N004/オプロ：井上喜久子
N005/アスピダ：稲田徹
N006/ブリッツ：若山詩音
N007/モーフィン：内田真礼
N008/デプス：佐倉綾音
ゴルバート博士：奈良徹
イスパノ：下野紘
 
【スタッフ】
原作：石ノ森章太郎
企画：山辺浩一
監督：安保英樹
脚本：冨岡淳広　キャラテックス
キャラクター設定：金子しん一　上水博貴
キャラクターデザイン：sanorin
色彩設計：いわみみか。
美術設定：久保久
撮影監督：石井健悟
編集：小野口洋
音楽：Kenji Katoh
音楽プロデューサー：菊地智敦
音楽制作：RightTracks
音響監督：八巻大樹
音響制作：dugout
オープニング主題歌：「誰がために」杏子（オフィスオーガスタ）
エンディング主題歌：「クライマル」スキマスイッチ（オフィスオーガスタ）
アニメーション制作：アレクト
製作：石森プロ

#サイボーグ009 #アニメ  

【サイボーグ009　スペシャルページ】https://ishimoripro.com/cyborg009/
【石森プロ　公式HP / Official site】https://ishimoripro.com/
【石森プロ　公式X / Official X】@ishimoripro（https://x.com/ishimoripro）

© ISHIMORI PRODUCTION INC.",2026-07-24T03:00:33Z,【公式】石森プロ,UC9g3YZoyMIExRp7UzZUaXoA,91713,https://i.ytimg.com/vi/5d81RgISG5o/hqdefault.jpg,サイボーグ009 ネメシス ノンクレジットオープニング映像 杏子 誰がために サイボーグ009 ネメシス Prime VideodアニメストアU-NEXTほか各プラットフォームにて配信中 オープニングテーマ 誰がために 杏子 作詞石ノ森章太郎 作曲平尾昌晃 編曲佐藤洋介 7月19日シングルCDリリース CD購入httpsbiototagatamenikyoko 配信サイト一覧httpskyokolnktotagatameni ----------------------------------------------------------------------------------------------- 公式サイト httpscyborg009jp 公式X009nemesishttpsxcom009nemesis ----------------------------------------------------------------------------------------------- 配信プラットフォーム情報 ABEMAプレミアム dアニメストア U-NEXT アニメ放題 Prime Video DMM TV FOD Hulu バンダイチャンネル JCOM STREAM TELASA milplus見放題プライム ふらっと動画 イントロダクション サイボーグ戦士たちは誕生以後半世紀以上にわたり平和を脅かす様な敵から人を守ってきた しかしなおも戦いは続いている そして今 009たちでは世界を安寧に導くことはできないそう信じた9人のサイボーグ集団 ネメシス が現れた 重力を操るサイボーググラビトンが率いる彼らの目指す理想とは 私たちは世代交代を目撃するのか キャスト 009島村ジョー梶裕貴 001イワンウイスキー皆川純子 002ジェットリンク宮野真守 003フランソワーズアルヌール早見沙織 004アルベルトハインリヒ杉田智和 005ジェロニモジュニア安元洋貴 006張湖かぬか光明 007グレートブリテン利根健太朗 008ピュンマ林勇 ギルモア博士山路和弘 N009グラビトン中村悠一 N001ミュウ日高里菜 N002ブリザード細谷佳正 N003クラック神谷浩史 N004オプロ井上喜久子 N005アスピダ稲田徹 N006ブリッツ若山詩音 N007モーフィン内田真礼 N008デプス佐倉綾音 ゴルバート博士奈良徹 イスパノ下野紘 スタッフ 原作石ノ森章太郎 企画山辺浩一 監督安保英樹 脚本冨岡淳広 キャラテックス キャラクター設定金子しん一 上水博貴 キャラクターデザインsanorin 色彩設計いわみみか 美術設定久保久 撮影監督石井健悟 編集小野口洋 音楽Kenji Katoh 音楽プロデューサー菊地智敦 音楽制作RightTracks 音響監督八巻大樹 音響制作dugout オープニング主題歌 誰がために 杏子オフィスオーガスタ エンディング主題歌 クライマル スキマスイッチオフィスオーガスタ アニメーション制作アレクト 製作石森プロ サイボーグ009 サイボーグ009 スペシャルページ httpsishimoriprocomcyborg009 石森プロ 公式HP site httpsishimoriprocom 石森プロ 公式X X ishimoriprohttpsxcomishimoripro ISHIMORI PRODUCTION INC,サイボーグ009 ネメシス ノンクレジットオープニング映像 杏子 誰がために サイボーグ009 ネメシス Prime VideodアニメストアU-NEXTほか各プラットフォームにて配信中 オープニングテーマ 誰がために 杏子 作詞石ノ森章太郎 作曲平尾昌晃 編曲佐藤洋介 7月19日シングルCDリリース CD購入httpsbiototagatamenikyoko 配信サイト一覧httpskyokolnktotagatameni ----------------------------------------------------------------------------------------------- 公式サイト httpscyborg009jp 公式X009nemesishttpsxcom009nemesis ----------------------------------------------------------------------------------------------- 配信プラットフォーム情報 ABEMAプレミアム dアニメストア U-NEXT アニメ放題 Prime Video DMM TV FOD Hulu バンダイチャンネル JCOM STREAM TELASA milplus見放題プライム ふらっと動画 イントロダクション サイボーグ戦士たちは誕生以後半世紀以上にわたり平和を脅かす様な敵から人を守ってきた しかしなおも戦いは続いている そして今 009たちでは世界を安寧に導くことはできないそう信じた9人のサイボーグ集団 ネメシス が現れた 重力を操るサイボーググラビトンが率いる彼らの目指す理想とは 私たちは世代交代を目撃するのか キャスト 009島村ジョー梶裕貴 001イワンウイスキー皆川純子 002ジェットリンク宮野真守 003フランソワーズアルヌール早見沙織 004アルベルトハインリヒ杉田智和 005ジェロニモジュニア安元洋貴 006張湖かぬか光明 007グレートブリテン利根健太朗 008ピュンマ林勇 ギルモア博士山路和弘 N009グラビトン中村悠一 N001ミュウ日高里菜 N002ブリザード細谷佳正 N003クラック神谷浩史 N004オプロ井上喜久子 N005アスピダ稲田徹 N006ブリッツ若山詩音 N007モーフィン内田真礼 N008デプス佐倉綾音 ゴルバート博士奈良徹 イスパノ下野紘 スタッフ 原作石ノ森章太郎 企画山辺浩一 監督安保英樹 脚本冨岡淳広 キャラテックス キャラクター設定金子しん一 上水博貴 キャラクターデザインsanorin 色彩設計いわみみか 美術設定久保久 撮影監督石井健悟 編集小野口洋 音楽Kenji Katoh 音楽プロデューサー菊地智敦 音楽制作RightTracks 音響監督八巻大樹 音響制作dugout オープニング主題歌 誰がために 杏子オフィスオーガスタ エンディング主題歌 クライマル スキマスイッチオフィスオーガスタ アニメーション制作アレクト 製作石森プロ サイボーグ009 サイボーグ009 スペシャルページ httpsishimoriprocomcyborg009 石森プロ 公式HP site httpsishimoriprocom 石森プロ 公式X X ishimoriprohttpsxcomishimoripro ISHIMORI PRODUCTION INC,サイボーグ009 ネメシス ノンクレジットオープニング映像 杏子 誰がために サイボーグ009 ネメシス Prime VideodアニメストアU-NEXTほか各プラットフォームにて配信中 オープニングテーマ 誰がために 杏子 作詞石ノ森章太郎 作曲平尾昌晃 編曲佐藤洋介 7月19日シングルCDリリース CD購入httpsbiototagatamenikyoko 配信サイト一覧httpskyokolnktotagatameni ----------------------------------------------------------------------------------------------- 公式サイト httpscyborg009jp 公式X009nemesishttpsxcom009nemesis ----------------------------------------------------------------------------------------------- 配信プラットフォーム情報 ABEMAプレミアム dアニメストア U-NEXT アニメ放題 Prime Video DMM TV FOD Hulu バンダイチャンネル JCOM STREAM TELASA milplus見放題プライム ふらっと動画 イントロダクション サイボーグ戦士たちは誕生以後半世紀以上にわたり平和を脅かす様な敵から人を守ってきた しかしなおも戦いは続いている そして今 009たちでは世界を安寧に導くことはできないそう信じた9人のサイボーグ集団 ネメシス が現れた 重力を操るサイボーググラビトンが率いる彼らの目指す理想とは 私たちは世代交代を目撃するのか キャスト 009島村ジョー梶裕貴 001イワンウイスキー皆川純子 002ジェットリンク宮野真守 003フランソワーズアルヌール早見沙織 004アルベルトハインリヒ杉田智和 005ジェロニモジュニア安元洋貴 006張湖かぬか光明 007グレートブリテン利根健太朗 008ピュンマ林勇 ギルモア博士山路和弘 N009グラビトン中村悠一 N001ミュウ日高里菜 N002ブリザード細谷佳正 N003クラック神谷浩史 N004オプロ井上喜久子 N005アスピダ稲田徹 N006ブリッツ若山詩音 N007モーフィン内田真礼 N008デプス佐倉綾音 ゴルバート博士奈良徹 イスパノ下野紘 スタッフ 原作石ノ森章太郎 企画山辺浩一 監督安保英樹 脚本冨岡淳広 キャラテックス キャラクター設定金子しん一 上水博貴 キャラクターデザインsanorin 色彩設計いわみみか 美術設定久保久 撮影監督石井健悟 編集小野口洋 音楽Kenji Katoh 音楽プロデューサー菊地智敦 音楽制作RightTracks 音響監督八巻大樹 音響制作dugout オープニング主題歌 誰がために 杏子オフィスオーガスタ エンディング主題歌 クライマル スキマスイッチオフィスオーガスタ アニメーション制作アレクト 製作石森プロ サイボーグ009 サイボーグ009 スペシャルページ httpsishimoriprocomcyborg009 石森プロ 公式HP site httpsishimoriprocom 石森プロ 公式X X ishimoriprohttpsxcomishimoripro ISHIMORI PRODUCTION INC,99,未分類,op,OP,0,https://yt3.ggpht.com/ytc/AIdro_kxLvUqn8POcCw61HL7dQzUQUALRKJ_Tju25CSaq2cn5w=s800-c-k-c0x00ffffff-no-rj,4170
24_Q2ND4vEo,『無職転生Ⅲ』第6話ノンクレジットOPムービー／OPテーマ：「芽吹の唄」大原ゆい子,"TVアニメ第3期
『無職転生Ⅲ ～異世界行ったら本気だす～』
8月2日(日)放送 第6話「修羅場再び？」ノンクレジットOP

「芽吹の唄」#大原ゆい子 
楽曲配信▶https://nex-tone.link/9cfVwZ92i

毎週日曜 放送中
24:00 TOKYO MX／25:30 サンテレビ／24:45 KBS京都
ABEMA・dアニメストア地上波同時・最速先行配信
他配信サービス 毎週水曜24:00順次配信

原作：理不尽な孫の手（MFブックス／KADOKAWA刊）
キャラクター原案：シロタカ　　原作企画：フロンティアワークス
監督：渋谷亮介　シリーズ構成：渋谷亮介・谷内直人
キャラクターデザイン：嶋田真恵・古川良太
総作画監督：中野圭哉・嶋田聡史　美術監督：三宅昌和
色彩設計：土居真紀子　　撮影監督：頓所信二
編集：三嶋章紀　　音響監督：明田川仁　　音響効果：上野 励
音響制作：マジックカプセル　　音楽：藤澤慶昌
オープニングテーマ：「決意の唄」大原ゆい子
エンディングテーマ：「祈り、終われば」中島美嘉
プロデュース：EGG FIRM　　制作：スタジオバインド

【キャスト】
ルーデウス・グレイラット：内山夕実
前世の男：杉田智和
シルフィエット・グレイラット：茅野愛衣
ロキシー・ミグルディア・グレイラット：小原好美
ゼニス・グレイラット：金元寿子
リーリャ・グレイラット：Lynn
ノルン・グレイラット：会沢紗弥
アイシャ・グレイラット：高田憂希
エリナリーゼ・ドラゴンロード：田中理恵
ザノバ・シーローン：鶴岡 聡
クリフ・グリモル：逢坂良太
アリエル・アネモイ・アスラ：上田麗奈
ルーク・ノトス・グレイラット：興津和幸
リニアーナ・デドルディア：ファイルーズあい
プルセナ・アドルディア：田中美海
ジュリエット：諸星すみれ
ナナホシ・シズカ：若山詩音

公式サイト：https://mushokutensei.jp
公式X：https://x.com/mushokutensei_A
公式TikTok：http://tiktok.com/@mushokutensei_a

©理不尽な孫の手/MFブックス/「無職転生Ⅲ」製作委員会

#無職転生 #無職転生3期 #アニメ
-----------------------------------------------
TOHO animation
Portal Site：https://tohoanimation.jp/portal/
Official X(JP)：https://x.com/TOHOanimation
Official X(EN)：https://x.com/tohoanimationen
Official TikTok(JP)：https://www.tiktok.com/@tohoanimationch
Official TikTok(EN)：https://www.tiktok.com/@tohoanimationen
Official Instagram(JP)：https://www.instagram.com/tohoanimation_info/
Official Threads(JP)：https://www.threads.com/@tohoanimation_info/
-----------------------------------------------
TOHO animation STORE
Online Store：https://tohoanimationstore.com/shop/
Official X：https://x.com/TOHOanimeSTORE
-----------------------------------------------",2026-08-03T10:00:19Z,TOHO animation チャンネル,UC14Yc2Qv92DMuyNRlHvpo2Q,85610,https://i.ytimg.com/vi/24_Q2ND4vEo/hqdefault.jpg,無職転生 第6話ノンクレジットOPムービー OPテーマ 芽吹の唄 大原ゆい子 TVアニメ 無職転生 異世界行ったら本気だす 8月2日 放送 第6話 修羅場再び ノンクレジットOP 芽吹の唄 大原ゆい子 楽曲配信httpsnex-tonelink9cfVwZ92i 毎週日曜 放送中 2400 TOKYO MX 2530 サンテレビ 2445 KBS京都 ABEMAdアニメストア地上波同時最速先行配信 他配信サービス 毎週水曜2400順次配信 原作理不尽な孫の手MFブックス KADOKAWA刊 キャラクター原案シロタカ 原作企画フロンティアワークス 監督渋谷亮介 シリーズ構成渋谷亮介谷内直人 キャラクターデザイン嶋田真恵古川良太 総作画監督中野圭哉嶋田聡史 美術監督三宅昌和 色彩設計土居真紀子 撮影監督頓所信二 編集三嶋章紀 音響監督明田川仁 音響効果上野 励 音響制作マジックカプセル 音楽藤澤慶昌 オープニングテーマ 決意の唄 大原ゆい子 エンディングテーマ 祈り終われば 中島美嘉 プロデュースEGG FIRM 制作スタジオバインド キャスト ルーデウスグレイラット内山夕実 前世の男杉田智和 シルフィエットグレイラット茅野愛衣 ロキシーミグルディアグレイラット小原好美 ゼニスグレイラット金元寿子 リーリャグレイラットLynn ノルングレイラット会沢紗弥 アイシャグレイラット高田憂希 エリナリーゼドラゴンロード田中理恵 ザノバシーローン鶴岡 聡 クリフグリモル逢坂良太 アリエルアネモイアスラ上田麗奈 ルークノトスグレイラット興津和幸 リニアーナデドルディアファイルーズあい プルセナアドルディア田中美海 ジュリエット諸星すみれ ナナホシシズカ若山詩音 公式サイトhttpsmushokutenseijp 公式XhttpsxcommushokutenseiA 公式TikTokhttptiktokcommushokutenseia 理不尽な孫の手MFブックス 無職転生 製作委員会 無職転生 無職転生3期 ----------------------------------------------- TOHO animation Portal Sitehttpstohoanimationjpportal X httpsxcomTOHOanimation X httpsxcomtohoanimationen TikTok httpswwwtiktokcomtohoanimationch TikTok httpswwwtiktokcomtohoanimationen Instagram httpswwwinstagramcomtohoanimationinfo Threads httpswwwthreadscomtohoanimationinfo ----------------------------------------------- TOHO animation STORE Online Storehttpstohoanimationstorecomshop XhttpsxcomTOHOanimeSTORE,無職転生 第6話ノンクレジットOPムービー OPテーマ 芽吹の唄 大原ゆい子 TVアニメ 無職転生 異世界行ったら本気だす 8月2日 放送 第6話 修羅場再び ノンクレジットOP 芽吹の唄 大原ゆい子 楽曲配信httpsnex-tonelink9cfVwZ92i 毎週日曜 放送中 2400 TOKYO MX 2530 サンテレビ 2445 KBS京都 ABEMAdアニメストア地上波同時最速先行配信 他配信サービス 毎週水曜2400順次配信 原作理不尽な孫の手MFブックス KADOKAWA刊 キャラクター原案シロタカ 原作企画フロンティアワークス 監督渋谷亮介 シリーズ構成渋谷亮介谷内直人 キャラクターデザイン嶋田真恵古川良太 総作画監督中野圭哉嶋田聡史 美術監督三宅昌和 色彩設計土居真紀子 撮影監督頓所信二 編集三嶋章紀 音響監督明田川仁 音響効果上野 励 音響制作マジックカプセル 音楽藤澤慶昌 オープニングテーマ 決意の唄 大原ゆい子 エンディングテーマ 祈り終われば 中島美嘉 プロデュースEGG FIRM 制作スタジオバインド キャスト ルーデウスグレイラット内山夕実 前世の男杉田智和 シルフィエットグレイラット茅野愛衣 ロキシーミグルディアグレイラット小原好美 ゼニスグレイラット金元寿子 リーリャグレイラットLynn ノルングレイラット会沢紗弥 アイシャグレイラット高田憂希 エリナリーゼドラゴンロード田中理恵 ザノバシーローン鶴岡 聡 クリフグリモル逢坂良太 アリエルアネモイアスラ上田麗奈 ルークノトスグレイラット興津和幸 リニアーナデドルディアファイルーズあい プルセナアドルディア田中美海 ジュリエット諸星すみれ ナナホシシズカ若山詩音 公式サイトhttpsmushokutenseijp 公式XhttpsxcommushokutenseiA 公式TikTokhttptiktokcommushokutenseia 理不尽な孫の手MFブックス 無職転生 製作委員会 無職転生 無職転生3期 ----------------------------------------------- TOHO animation Portal Sitehttpstohoanimationjpportal X httpsxcomTOHOanimation X httpsxcomtohoanimationen TikTok httpswwwtiktokcomtohoanimationch TikTok httpswwwtiktokcomtohoanimationen Instagram httpswwwinstagramcomtohoanimationinfo Threads httpswwwthreadscomtohoanimationinfo ----------------------------------------------- TOHO animation STORE Online Storehttpstohoanimationstorecomshop XhttpsxcomTOHOanimeSTORE,無職転生 第6話ノンクレジットOPムービー OPテーマ 芽吹の唄 大原ゆい子 TVアニメ 無職転生 異世界行ったら本気だす 8月2日 放送 第6話 修羅場再び ノンクレジットOP 芽吹の唄 大原ゆい子 楽曲配信httpsnex-tonelink9cfVwZ92i 毎週日曜 放送中 2400 TOKYO MX 2530 サンテレビ 2445 KBS京都 ABEMAdアニメストア地上波同時最速先行配信 他配信サービス 毎週水曜2400順次配信 原作理不尽な孫の手MFブックス KADOKAWA刊 キャラクター原案シロタカ 原作企画フロンティアワークス 監督渋谷亮介 シリーズ構成渋谷亮介谷内直人 キャラクターデザイン嶋田真恵古川良太 総作画監督中野圭哉嶋田聡史 美術監督三宅昌和 色彩設計土居真紀子 撮影監督頓所信二 編集三嶋章紀 音響監督明田川仁 音響効果上野 励 音響制作マジックカプセル 音楽藤澤慶昌 オープニングテーマ 決意の唄 大原ゆい子 エンディングテーマ 祈り終われば 中島美嘉 プロデュースEGG FIRM 制作スタジオバインド キャスト ルーデウスグレイラット内山夕実 前世の男杉田智和 シルフィエットグレイラット茅野愛衣 ロキシーミグルディアグレイラット小原好美 ゼニスグレイラット金元寿子 リーリャグレイラットLynn ノルングレイラット会沢紗弥 アイシャグレイラット高田憂希 エリナリーゼドラゴンロード田中理恵 ザノバシーローン鶴岡 聡 クリフグリモル逢坂良太 アリエルアネモイアスラ上田麗奈 ルークノトスグレイラット興津和幸 リニアーナデドルディアファイルーズあい プルセナアドルディア田中美海 ジュリエット諸星すみれ ナナホシシズカ若山詩音 公式サイトhttpsmushokutenseijp 公式XhttpsxcommushokutenseiA 公式TikTokhttptiktokcommushokutenseia 理不尽な孫の手MFブックス 無職転生 製作委員会 無職転生 無職転生3期 ----------------------------------------------- TOHO animation Portal Sitehttpstohoanimationjpportal X httpsxcomTOHOanimation X httpsxcomtohoanimationen TikTok httpswwwtiktokcomtohoanimationch TikTok httpswwwtiktokcomtohoanimationen Instagram httpswwwinstagramcomtohoanimationinfo Threads httpswwwthreadscomtohoanimationinfo ----------------------------------------------- TOHO animation STORE Online Storehttpstohoanimationstorecomshop XhttpsxcomTOHOanimeSTORE,3,第3クール,op,OP,0,https://yt3.ggpht.com/eWI91qDASaVas8dGoEkvje7u30u0Wo8buZBhtX9xsMnzGsgzJWiY4WLUzoDXimWFJBbNlc_OXA=s800-c-k-c0x00ffffff-no-rj,4440000
bszg61aM_7E,TVアニメ『きみが死ぬまで恋をしたい』ノンクレジットエンディング映像｜sajou no hana「エテルネル」,"TVアニメ「きみが死ぬまで恋をしたい」
エンディング主題歌「エテルネル」sajou no hana
作詞：sana　作曲：藤原彩豊　編曲：湯浅 篤

💐Animation Staff
絵コンテ・演出：榎本直央
作画監督：油布京子
原画：榎本莉緒、柏木さやか、中山奈々
第二原画：青山澪奈、河西健一郎、河合 駿、高木 傑、林 航汰、福島果林
色指定検査：ステラ 永井唯香
動画：青山澪奈、河西健一郎、河合 駿、後藤みなみ、高木 傑、林 航汰、福島果林
仕上：松浦友里枝、ステラ 小笠原栞、桂木今里
美術：草薙
背景美術：中田洵輝、相川 仁、後藤亮太、吉本悠華、清木亜夕、内谷祐太
背景協力：FSE DA THAO、VAN ANH
背景進行：平田浩章
背景進行補佐：前田紗希、竹村美音、THU YEN、TAN DAT
撮影：Cypic 入江 夏未 
制作進行：菅野里帆
——————————

「生きたい」なんて、知らなかった。
戦争用兵器として育てられる少女たちの生と死と恋の物語、
2026年7月7日より大好評放送中。

💐ON AIR
2026年7月7日(火)よりAT-X、TOKYO MX、WOWOWほかにて放送開始
AT-X
7月7日(火)より　毎週火曜日21：30～
≪リピート放送≫毎週木曜日9：30～／毎週月曜日15：30～
TOKYO MX、KBS京都、サンテレビ、BS11　
7月7日(火)より　毎週火曜日24：30～
WOWOW
7月14日(火)より　毎週火曜日24：00～＜全話無料放送＞

💐STREAMING 
dアニメストア・U-NEXT・アニメ放題にて地上波先行・最速配信決定
dアニメストア・U-NEXT・アニメ放題　7月7日（火）より毎週火曜 24：00～
その他サイト　7月10日（金）より毎週金曜 24：00～

💐Cast
トツキ・シーナ：#高橋李依
カガリ・ミミ：#日高里菜
リジィ・セイラン：#瀬戸麻沙美
モード・アリ：#石川由依
フラン：#内山夕実
オミ：#茅野愛衣

💐staff
原作：あおのなち（コミック百合姫／一迅社刊）
監督：友田 康
副監督：榎本直央
クリエイティブアドバイザー：かくちたくだい
シリーズ構成・脚本：花田十輝
キャラクターデザイン：油布京子
プロップデザイン：中山奈々
美術デザイン：綱頭瑛子(草薙)
美術監督：中田洵輝(草薙)
色彩設計：中野尚美(ステラ)、永井唯香(ステラ)
撮影監督：許庭禎（Cypic）
3Dディレクター：千野勝平(CHOTOTU)
編集：瀧川三智(REAL-T)
音楽：橋本由香利、未知瑠
音響監督：明田川仁
音響効果：安藤由衣
アニメーションプロデューサー：應地一晃
プロデュース：インフィニット
プロダクトサポート：EVOLROAR
アニメーション制作：ROLL2

💐Introduction
身寄りのない子供を戦争用の兵器として育てる学校に通う少女たち。
人を殺すための授業、誰が死んでも悲しむことさえままならない日常。
ここは不条理で、常に死と隣り合わせの日々が、「当たり前」な世界。
「どうしてみんな平気なの？」
自分の境遇を受け入れられずにいる14才のシーナはある夜、血まみれの小さな女の子・ミミと出会う――
どんな現実が訪れようとも、生きていく。
これはそんな少女たちが見つける、あどけない願いの物語。

💐MUSIC
OP主題歌「Amore」#ReoNa
　作詞・作曲・編曲：Pan（LIVE LAB.）
ED主題歌「エテルネル」sajou no hana
　作詞：sana
　作曲：藤原彩豊
    編曲：湯浅 篤

■TVアニメ公式サイト
https://kimishinu-anime.com/
■アニメ公式X
https://x.com/anime_kimishinu/
■原作公式X
https://x.com/kimishinu/

📖原作情報
「一迅プラス」にて大好評連載中！
『きみが死ぬまで恋をしたい』コミックス第1巻～第8巻
＆『きみが死ぬまで恋をしたい side stories』大好評発売中！

©あおのなち・一迅社／「きみ死ぬ」製作委員会
©Nachi Aono, Ichijinsha/KIMISHINU Partners

#きみが死ぬまで恋をしたい　#きみ死ぬアニメ",2026-07-14T16:00:31Z,KADOKAWAanime,UCY5fcqgSrQItPAX_Z5Frmwg,89478,https://i.ytimg.com/vi/bszg61aM_7E/hqdefault.jpg,きみが死ぬまで恋をしたい ノンクレジットエンディング映像 sajou no hana エテルネル きみが死ぬまで恋をしたい エンディング主題歌 エテルネル sajou no hana 作詞sana 作曲藤原彩豊 編曲湯浅 篤 Animation Staff 絵コンテ演出榎本直央 作画監督油布京子 原画榎本莉緒柏木さやか中山奈 第二原画青山澪奈河西健一郎河合 駿高木 傑林 航汰福島果林 色指定検査ステラ 永井唯香 動画青山澪奈河西健一郎河合 駿後藤みなみ高木 傑林 航汰福島果林 仕上松浦友里枝ステラ 小笠原栞桂木今里 美術草薙 背景美術中田洵輝相川 仁後藤亮太吉本悠華清木亜夕内谷祐太 背景協力FSE DA THAOVAN ANH 背景進行平田浩章 背景進行補佐前田紗希竹村美音THU YENTAN DAT 撮影Cypic 入江 夏未 制作進行菅野里帆 生きたい なんて知らなかった 戦争用兵器として育てられる少女たちの生と死と恋の物語 2026年7月7日より大好評放送中 ON AIR 2026年7月7日 よりAT-XTOKYO MXWOWOWほかにて放送開始 AT-X 7月7日 より 毎週火曜日2130 リピート放送毎週木曜日930 毎週月曜日1530 TOKYO MXKBS京都サンテレビBS11 7月7日 より 毎週火曜日2430 WOWOW 7月14日 より 毎週火曜日2400全話無料放送 STREAMING dアニメストアU-NEXTアニメ放題にて地上波先行最速配信決定 dアニメストアU-NEXTアニメ放題 7月7日火より毎週火曜 2400 その他サイト 7月10日金より毎週金曜 2400 Cast トツキシーナ高橋李依 カガリミミ日高里菜 リジィセイラン瀬戸麻沙美 モードアリ石川由依 フラン内山夕実 オミ茅野愛衣 staff 原作あおのなちコミック百合姫 一迅社刊 監督友田 康 副監督榎本直央 クリエイティブアドバイザーかくちたくだい シリーズ構成脚本花田十輝 キャラクターデザイン油布京子 プロップデザイン中山奈 美術デザイン綱頭瑛子 美術監督中田洵輝 色彩設計中野尚美 永井唯香 撮影監督許庭禎Cypic 3Dディレクター千野勝平 編集瀧川三智 音楽橋本由香利未知瑠 音響監督明田川仁 音響効果安藤由衣 アニメーションプロデューサー應地一晃 プロデュースインフィニット プロダクトサポートEVOLROAR アニメーション制作ROLL2 Introduction 身寄りのない子供を戦争用の兵器として育てる学校に通う少女たち 人を殺すための授業誰が死んでも悲しむことさえままならない日常 ここは不条理で常に死と隣り合わせの日が 当たり前 な世界 どうしてみんな平気なの 自分の境遇を受け入れられずにいる14才のシーナはある夜血まみれの小さな女の子ミミと出会う どんな現実が訪れようとも生きていく これはそんな少女たちが見つけるあどけない願いの物語 MUSIC OP主題歌 Amore ReoNa 作詞作曲編曲PanLIVE LAB ED主題歌 エテルネル sajou no hana 作詞sana 作曲藤原彩豊 編曲湯浅 篤 TVアニメ公式サイト httpskimishinu- com アニメ公式X httpsxcomanimekimishinu 原作公式X httpsxcomkimishinu 原作情報 一迅プラス にて大好評連載中 きみが死ぬまで恋をしたい コミックス第1巻第8巻 きみが死ぬまで恋をしたい side stories 大好評発売中 あおのなち一迅社 きみ死ぬ 製作委員会 Nachi Aono IchijinshaKIMISHINU Partners きみが死ぬまで恋をしたい きみ死ぬアニメ,きみが死ぬまで恋をしたい ノンクレジットエンディング映像 sajou no hana エテルネル きみが死ぬまで恋をしたい エンディング主題歌 エテルネル sajou no hana 作詞sana 作曲藤原彩豊 編曲湯浅 篤 Animation Staff 絵コンテ演出榎本直央 作画監督油布京子 原画榎本莉緒柏木さやか中山奈 第二原画青山澪奈河西健一郎河合 駿高木 傑林 航汰福島果林 色指定検査ステラ 永井唯香 動画青山澪奈河西健一郎河合 駿後藤みなみ高木 傑林 航汰福島果林 仕上松浦友里枝ステラ 小笠原栞桂木今里 美術草薙 背景美術中田洵輝相川 仁後藤亮太吉本悠華清木亜夕内谷祐太 背景協力FSE DA THAOVAN ANH 背景進行平田浩章 背景進行補佐前田紗希竹村美音THU YENTAN DAT 撮影Cypic 入江 夏未 制作進行菅野里帆 生きたい なんて知らなかった 戦争用兵器として育てられる少女たちの生と死と恋の物語 2026年7月7日より大好評放送中 ON AIR 2026年7月7日 よりAT-XTOKYO MXWOWOWほかにて放送開始 AT-X 7月7日 より 毎週火曜日2130 リピート放送毎週木曜日930 毎週月曜日1530 TOKYO MXKBS京都サンテレビBS11 7月7日 より 毎週火曜日2430 WOWOW 7月14日 より 毎週火曜日2400全話無料放送 STREAMING dアニメストアU-NEXTアニメ放題にて地上波先行最速配信決定 dアニメストアU-NEXTアニメ放題 7月7日火より毎週火曜 2400 その他サイト 7月10日金より毎週金曜 2400 Cast トツキシーナ高橋李依 カガリミミ日高里菜 リジィセイラン瀬戸麻沙美 モードアリ石川由依 フラン内山夕実 オミ茅野愛衣 staff 原作あおのなちコミック百合姫 一迅社刊 監督友田 康 副監督榎本直央 クリエイティブアドバイザーかくちたくだい シリーズ構成脚本花田十輝 キャラクターデザイン油布京子 プロップデザイン中山奈 美術デザイン綱頭瑛子 美術監督中田洵輝 色彩設計中野尚美 永井唯香 撮影監督許庭禎Cypic 3Dディレクター千野勝平 編集瀧川三智 音楽橋本由香利未知瑠 音響監督明田川仁 音響効果安藤由衣 アニメーションプロデューサー應地一晃 プロデュースインフィニット プロダクトサポートEVOLROAR アニメーション制作ROLL2 Introduction 身寄りのない子供を戦争用の兵器として育てる学校に通う少女たち 人を殺すための授業誰が死んでも悲しむことさえままならない日常 ここは不条理で常に死と隣り合わせの日が 当たり前 な世界 どうしてみんな平気なの 自分の境遇を受け入れられずにいる14才のシーナはある夜血まみれの小さな女の子ミミと出会う どんな現実が訪れようとも生きていく これはそんな少女たちが見つけるあどけない願いの物語 MUSIC OP主題歌 Amore ReoNa 作詞作曲編曲PanLIVE LAB ED主題歌 エテルネル sajou no hana 作詞sana 作曲藤原彩豊 編曲湯浅 篤 TVアニメ公式サイト httpskimishinu- com アニメ公式X httpsxcomanimekimishinu 原作公式X httpsxcomkimishinu 原作情報 一迅プラス にて大好評連載中 きみが死ぬまで恋をしたい コミックス第1巻第8巻 きみが死ぬまで恋をしたい side stories 大好評発売中 あおのなち一迅社 きみ死ぬ 製作委員会 Nachi Aono IchijinshaKIMISHINU Partners きみが死ぬまで恋をしたい きみ死ぬアニメ,きみが死ぬまで恋をしたい ノンクレジットエンディング映像 sajou no hana エテルネル きみが死ぬまで恋をしたい エンディング主題歌 エテルネル sajou no hana 作詞sana 作曲藤原彩豊 編曲湯浅 篤 Animation Staff 絵コンテ演出榎本直央 作画監督油布京子 原画榎本莉緒柏木さやか中山奈 第二原画青山澪奈河西健一郎河合 駿高木 傑林 航汰福島果林 色指定検査ステラ 永井唯香 動画青山澪奈河西健一郎河合 駿後藤みなみ高木 傑林 航汰福島果林 仕上松浦友里枝ステラ 小笠原栞桂木今里 美術草薙 背景美術中田洵輝相川 仁後藤亮太吉本悠華清木亜夕内谷祐太 背景協力FSE DA THAOVAN ANH 背景進行平田浩章 背景進行補佐前田紗希竹村美音THU YENTAN DAT 撮影Cypic 入江 夏未 制作進行菅野里帆 生きたい なんて知らなかった 戦争用兵器として育てられる少女たちの生と死と恋の物語 2026年7月7日より大好評放送中 ON AIR 2026年7月7日 よりAT-XTOKYO MXWOWOWほかにて放送開始 AT-X 7月7日 より 毎週火曜日2130 リピート放送毎週木曜日930 毎週月曜日1530 TOKYO MXKBS京都サンテレビBS11 7月7日 より 毎週火曜日2430 WOWOW 7月14日 より 毎週火曜日2400全話無料放送 STREAMING dアニメストアU-NEXTアニメ放題にて地上波先行最速配信決定 dアニメストアU-NEXTアニメ放題 7月7日火より毎週火曜 2400 その他サイト 7月10日金より毎週金曜 2400 Cast トツキシーナ高橋李依 カガリミミ日高里菜 リジィセイラン瀬戸麻沙美 モードアリ石川由依 フラン内山夕実 オミ茅野愛衣 staff 原作あおのなちコミック百合姫 一迅社刊 監督友田 康 副監督榎本直央 クリエイティブアドバイザーかくちたくだい シリーズ構成脚本花田十輝 キャラクターデザイン油布京子 プロップデザイン中山奈 美術デザイン綱頭瑛子 美術監督中田洵輝 色彩設計中野尚美 永井唯香 撮影監督許庭禎Cypic 3Dディレクター千野勝平 編集瀧川三智 音楽橋本由香利未知瑠 音響監督明田川仁 音響効果安藤由衣 アニメーションプロデューサー應地一晃 プロデュースインフィニット プロダクトサポートEVOLROAR アニメーション制作ROLL2 Introduction 身寄りのない子供を戦争用の兵器として育てる学校に通う少女たち 人を殺すための授業誰が死んでも悲しむことさえままならない日常 ここは不条理で常に死と隣り合わせの日が 当たり前 な世界 どうしてみんな平気なの 自分の境遇を受け入れられずにいる14才のシーナはある夜血まみれの小さな女の子ミミと出会う どんな現実が訪れようとも生きていく これはそんな少女たちが見つけるあどけない願いの物語 MUSIC OP主題歌 Amore ReoNa 作詞作曲編曲PanLIVE LAB ED主題歌 エテルネル sajou no hana 作詞sana 作曲藤原彩豊 編曲湯浅 篤 TVアニメ公式サイト httpskimishinu- com アニメ公式X httpsxcomanimekimishinu 原作公式X httpsxcomkimishinu 原作情報 一迅プラス にて大好評連載中 きみが死ぬまで恋をしたい コミックス第1巻第8巻 きみが死ぬまで恋をしたい side stories 大好評発売中 あおのなち一迅社 きみ死ぬ 製作委員会 Nachi Aono IchijinshaKIMISHINU Partners きみが死ぬまで恋をしたい きみ死ぬアニメ,99,未分類,op,OP,0,https://yt3.ggpht.com/ytc/AIdro_kBexGPE4xdlwIRGuLFEcoqtNFCi_8bWioG0HyHx7cSbvI=s800-c-k-c0x00ffffff-no-rj,3080000
Es0mqcdYw9Q,『無職転生Ⅲ』第4話ノンクレジットOPムービー／OPテーマ：「芽吹の唄」大原ゆい子,"TVアニメ第3期
『無職転生Ⅲ ～異世界行ったら本気だす～』
7月19日(日)放送 第4話「水王級魔術師」ノンクレジットOP

「芽吹の唄」#大原ゆい子 
楽曲配信▶https://nex-tone.link/9cfVwZ92i

毎週日曜 放送中
24:00 TOKYO MX／25:30 サンテレビ／24:45 KBS京都
ABEMA・dアニメストア地上波同時・最速先行配信
他配信サービス 毎週木曜24:00順次配信

原作：理不尽な孫の手（MFブックス／KADOKAWA刊）
キャラクター原案：シロタカ　　原作企画：フロンティアワークス
監督：渋谷亮介　シリーズ構成：渋谷亮介・谷内直人
キャラクターデザイン：嶋田真恵・古川良太
総作画監督：中野圭哉・嶋田聡史　美術監督：三宅昌和
色彩設計：土居真紀子　　撮影監督：頓所信二
編集：三嶋章紀　　音響監督：明田川仁　　音響効果：上野 励
音響制作：マジックカプセル　　音楽：藤澤慶昌
オープニングテーマ：「決意の唄」大原ゆい子
エンディングテーマ：「祈り、終われば」中島美嘉
プロデュース：EGG FIRM　　制作：スタジオバインド

【キャスト】
ルーデウス・グレイラット：内山夕実
前世の男：杉田智和
シルフィエット・グレイラット：茅野愛衣
ロキシー・ミグルディア・グレイラット：小原好美
ゼニス・グレイラット：金元寿子
リーリャ・グレイラット：Lynn
ノルン・グレイラット：会沢紗弥
アイシャ・グレイラット：高田憂希
エリナリーゼ・ドラゴンロード：田中理恵
ザノバ・シーローン：鶴岡 聡
クリフ・グリモル：逢坂良太
アリエル・アネモイ・アスラ：上田麗奈
ルーク・ノトス・グレイラット：興津和幸
リニアーナ・デドルディア：ファイルーズあい
プルセナ・アドルディア：田中美海
ジュリエット：諸星すみれ
ナナホシ・シズカ：若山詩音

公式サイト：https://mushokutensei.jp
公式X：https://x.com/mushokutensei_A
公式TikTok：http://tiktok.com/@mushokutensei_a

©理不尽な孫の手/MFブックス/「無職転生Ⅲ」製作委員会

#無職転生 #無職転生3期 #アニメ
-----------------------------------------------
TOHO animation
Portal Site：https://tohoanimation.jp/portal/
Official X(JP)：https://x.com/TOHOanimation
Official X(EN)：https://x.com/tohoanimationen
Official TikTok(JP)：https://www.tiktok.com/@tohoanimationch
Official TikTok(EN)：https://www.tiktok.com/@tohoanimationen
Official Instagram(JP)：https://www.instagram.com/tohoanimation_info/
Official Threads(JP)：https://www.threads.com/@tohoanimation_info/
-----------------------------------------------
TOHO animation STORE
Online Store：https://tohoanimationstore.com/shop/
Official X：https://x.com/TOHOanimeSTORE
-----------------------------------------------",2026-07-20T10:00:06Z,TOHO animation チャンネル,UC14Yc2Qv92DMuyNRlHvpo2Q,74733,https://i.ytimg.com/vi/Es0mqcdYw9Q/hqdefault.jpg,無職転生 第4話ノンクレジットOPムービー OPテーマ 芽吹の唄 大原ゆい子 TVアニメ 無職転生 異世界行ったら本気だす 7月19日 放送 第4話 水王級魔術師 ノンクレジットOP 芽吹の唄 大原ゆい子 楽曲配信httpsnex-tonelink9cfVwZ92i 毎週日曜 放送中 2400 TOKYO MX 2530 サンテレビ 2445 KBS京都 ABEMAdアニメストア地上波同時最速先行配信 他配信サービス 毎週木曜2400順次配信 原作理不尽な孫の手MFブックス KADOKAWA刊 キャラクター原案シロタカ 原作企画フロンティアワークス 監督渋谷亮介 シリーズ構成渋谷亮介谷内直人 キャラクターデザイン嶋田真恵古川良太 総作画監督中野圭哉嶋田聡史 美術監督三宅昌和 色彩設計土居真紀子 撮影監督頓所信二 編集三嶋章紀 音響監督明田川仁 音響効果上野 励 音響制作マジックカプセル 音楽藤澤慶昌 オープニングテーマ 決意の唄 大原ゆい子 エンディングテーマ 祈り終われば 中島美嘉 プロデュースEGG FIRM 制作スタジオバインド キャスト ルーデウスグレイラット内山夕実 前世の男杉田智和 シルフィエットグレイラット茅野愛衣 ロキシーミグルディアグレイラット小原好美 ゼニスグレイラット金元寿子 リーリャグレイラットLynn ノルングレイラット会沢紗弥 アイシャグレイラット高田憂希 エリナリーゼドラゴンロード田中理恵 ザノバシーローン鶴岡 聡 クリフグリモル逢坂良太 アリエルアネモイアスラ上田麗奈 ルークノトスグレイラット興津和幸 リニアーナデドルディアファイルーズあい プルセナアドルディア田中美海 ジュリエット諸星すみれ ナナホシシズカ若山詩音 公式サイトhttpsmushokutenseijp 公式XhttpsxcommushokutenseiA 公式TikTokhttptiktokcommushokutenseia 理不尽な孫の手MFブックス 無職転生 製作委員会 無職転生 無職転生3期 ----------------------------------------------- TOHO animation Portal Sitehttpstohoanimationjpportal X httpsxcomTOHOanimation X httpsxcomtohoanimationen TikTok httpswwwtiktokcomtohoanimationch TikTok httpswwwtiktokcomtohoanimationen Instagram httpswwwinstagramcomtohoanimationinfo Threads httpswwwthreadscomtohoanimationinfo ----------------------------------------------- TOHO animation STORE Online Storehttpstohoanimationstorecomshop XhttpsxcomTOHOanimeSTORE,無職転生 第4話ノンクレジットOPムービー OPテーマ 芽吹の唄 大原ゆい子 TVアニメ 無職転生 異世界行ったら本気だす 7月19日 放送 第4話 水王級魔術師 ノンクレジットOP 芽吹の唄 大原ゆい子 楽曲配信httpsnex-tonelink9cfVwZ92i 毎週日曜 放送中 2400 TOKYO MX 2530 サンテレビ 2445 KBS京都 ABEMAdアニメストア地上波同時最速先行配信 他配信サービス 毎週木曜2400順次配信 原作理不尽な孫の手MFブックス KADOKAWA刊 キャラクター原案シロタカ 原作企画フロンティアワークス 監督渋谷亮介 シリーズ構成渋谷亮介谷内直人 キャラクターデザイン嶋田真恵古川良太 総作画監督中野圭哉嶋田聡史 美術監督三宅昌和 色彩設計土居真紀子 撮影監督頓所信二 編集三嶋章紀 音響監督明田川仁 音響効果上野 励 音響制作マジックカプセル 音楽藤澤慶昌 オープニングテーマ 決意の唄 大原ゆい子 エンディングテーマ 祈り終われば 中島美嘉 プロデュースEGG FIRM 制作スタジオバインド キャスト ルーデウスグレイラット内山夕実 前世の男杉田智和 シルフィエットグレイラット茅野愛衣 ロキシーミグルディアグレイラット小原好美 ゼニスグレイラット金元寿子 リーリャグレイラットLynn ノルングレイラット会沢紗弥 アイシャグレイラット高田憂希 エリナリーゼドラゴンロード田中理恵 ザノバシーローン鶴岡 聡 クリフグリモル逢坂良太 アリエルアネモイアスラ上田麗奈 ルークノトスグレイラット興津和幸 リニアーナデドルディアファイルーズあい プルセナアドルディア田中美海 ジュリエット諸星すみれ ナナホシシズカ若山詩音 公式サイトhttpsmushokutenseijp 公式XhttpsxcommushokutenseiA 公式TikTokhttptiktokcommushokutenseia 理不尽な孫の手MFブックス 無職転生 製作委員会 無職転生 無職転生3期 ----------------------------------------------- TOHO animation Portal Sitehttpstohoanimationjpportal X httpsxcomTOHOanimation X httpsxcomtohoanimationen TikTok httpswwwtiktokcomtohoanimationch TikTok httpswwwtiktokcomtohoanimationen Instagram httpswwwinstagramcomtohoanimationinfo Threads httpswwwthreadscomtohoanimationinfo ----------------------------------------------- TOHO animation STORE Online Storehttpstohoanimationstorecomshop XhttpsxcomTOHOanimeSTORE,無職転生 第4話ノンクレジットOPムービー OPテーマ 芽吹の唄 大原ゆい子 TVアニメ 無職転生 異世界行ったら本気だす 7月19日 放送 第4話 水王級魔術師 ノンクレジットOP 芽吹の唄 大原ゆい子 楽曲配信httpsnex-tonelink9cfVwZ92i 毎週日曜 放送中 2400 TOKYO MX 2530 サンテレビ 2445 KBS京都 ABEMAdアニメストア地上波同時最速先行配信 他配信サービス 毎週木曜2400順次配信 原作理不尽な孫の手MFブックス KADOKAWA刊 キャラクター原案シロタカ 原作企画フロンティアワークス 監督渋谷亮介 シリーズ構成渋谷亮介谷内直人 キャラクターデザイン嶋田真恵古川良太 総作画監督中野圭哉嶋田聡史 美術監督三宅昌和 色彩設計土居真紀子 撮影監督頓所信二 編集三嶋章紀 音響監督明田川仁 音響効果上野 励 音響制作マジックカプセル 音楽藤澤慶昌 オープニングテーマ 決意の唄 大原ゆい子 エンディングテーマ 祈り終われば 中島美嘉 プロデュースEGG FIRM 制作スタジオバインド キャスト ルーデウスグレイラット内山夕実 前世の男杉田智和 シルフィエットグレイラット茅野愛衣 ロキシーミグルディアグレイラット小原好美 ゼニスグレイラット金元寿子 リーリャグレイラットLynn ノルングレイラット会沢紗弥 アイシャグレイラット高田憂希 エリナリーゼドラゴンロード田中理恵 ザノバシーローン鶴岡 聡 クリフグリモル逢坂良太 アリエルアネモイアスラ上田麗奈 ルークノトスグレイラット興津和幸 リニアーナデドルディアファイルーズあい プルセナアドルディア田中美海 ジュリエット諸星すみれ ナナホシシズカ若山詩音 公式サイトhttpsmushokutenseijp 公式XhttpsxcommushokutenseiA 公式TikTokhttptiktokcommushokutenseia 理不尽な孫の手MFブックス 無職転生 製作委員会 無職転生 無職転生3期 ----------------------------------------------- TOHO animation Portal Sitehttpstohoanimationjpportal X httpsxcomTOHOanimation X httpsxcomtohoanimationen TikTok httpswwwtiktokcomtohoanimationch TikTok httpswwwtiktokcomtohoanimationen Instagram httpswwwinstagramcomtohoanimationinfo Threads httpswwwthreadscomtohoanimationinfo ----------------------------------------------- TOHO animation STORE Online Storehttpstohoanimationstorecomshop XhttpsxcomTOHOanimeSTORE,3,第3クール,op,OP,0,https://yt3.ggpht.com/eWI91qDASaVas8dGoEkvje7u30u0Wo8buZBhtX9xsMnzGsgzJWiY4WLUzoDXimWFJBbNlc_OXA=s800-c-k-c0x00ffffff-no-rj,4440000
Z3LKxdlyNSU,【ED映像】TVアニメ「グロウアップショウ ～ひまわりのサーカス団～」ノンクレジットエンディング映像【公式X ⇒ @growupshow】,"TVアニメ「グロウアップショウ ～ひまわりのサーカス団～」ノンクレジットエンディング映像を公開！

▌エンディングテーマ「DAYS!」
アーティスト：Aooo
作詞・作曲：ツミキ
編曲 : Aooo

▼楽曲配信中！
https://Aooo.lnk.to/DAYS_DG

▌作品公式Xはこちら  ⇒  https://x.com/growupshow

▌放送情報
毎週土曜24:00～順次放送中！

TOKYO MX／群馬テレビ／とちぎテレビ／BS11　7月4日より毎週土曜24:00～
テレビ愛知　　7月4日より毎週土曜26:25～
MBS　　7月5日より毎週日曜25:20～
AT-X　　7月10日より毎週金曜21:30～ 
※放送日時は変更となる可能性がございます

▌配信情報
▶︎7月4日より毎週土曜24:30～
ABEMA／dアニメストア／dアニメストア ニコニコ支店／dアニメストア for Prime Video

▶︎7月7日より毎週火曜12:00～
U-NEXT／アニメ放題／Prime Video／DMM TV／バンダイチャンネル／Hulu／FOD／Lemino／AnimeFesta／アニメタイムズ／ニコニコチャンネル

▶︎7月7日より毎週火曜23:00～
ニコニコ生放送

▶︎7月8日より毎週水曜00:00～
TELASA（見放題プラン）／J:COM STREAM（見放題）／milplus見放題パックプライム

▌イントロダクション
アニメ『冴えない彼女の育てかた』の監督・亀井幹太、キャラクター原案・深崎暮人、
制作・A-1 Pictures / Psyde Kick Studioの布陣が贈る、新たなるオリジナルアニメーション開幕！

昭和30年代ごろ、高度経済成長期真っ只中の日本をもとに、
サーカスが娯楽の中心として、人々の生活に溶け込む時代。
最高峰のサーカス団のみが参加を許される、
世界の祭典「キルクスコレクション」への出場を懸け、
数多くのサーカス団が日本各地を移動しながら公演を行い、日々しのぎを削っている。

舞台は、団長の麻利亜が率いる「ひまわりサーカス」。
万年金欠に悪戦苦闘しながら、各地で巡業を行っている「ひまわりサーカス」の元に、
とある事情でサーカスの天才・鶴巻瑞佳がやってくる。

個性豊かな「ひまわりサーカス」の団員たちと瑞佳の出会いは偶然か必然か……
夢追う少女たちが描く唯一無二のサーカスショウ、開演！

▌キャスト
鶴巻瑞佳 (CV.野田朋花)
川澄桜翔 (CV.黒崎しおり)
吾野伊万里 (CV.小山内怜央)
五十土五十鈴 (CV.安堂ななこ)
由良 茜 (CV.夏吉ゆうこ)
由良 葵 (CV.楠木ともり)
酒匂 雫 (CV.鎌倉有那)
スヴェトラーナ (CV.岩橋由佳)
麻利亜 (CV.釘宮理恵)
間宮 凛 (CV.茅野愛衣)

▌スタッフ
原作｜キルクスコレクション協会
監督｜亀井幹太
キャラクター原案｜深崎暮人
シリーズ構成｜菊池たけし
キャラクターデザイン・総作画監督｜牧野和俊
助監督｜髙橋さつき
アクション監修｜稲田正輝
絵本デザイン・エフェクトデザイン｜まつもとあやね
時代考証｜山田順子
イメージボード｜六七質
美術監督｜橋本 巧
美術設定｜綱頭瑛子
美術レイアウト｜平義樹弥
色彩設計｜ホカリカナコ
CG監督｜神田瑞帆
撮影監督｜青嶋俊明
編集｜坪根健太郎
音響監督｜藤田亜紀子
音楽｜菅野祐悟
制作｜A-1 Pictures / Psyde Kick Studio

▌アニメ「グロウアップショウ ～ひまわりのサーカス団～」
【公式HP / Official site】https://growupshow.com
【公式X / Official X】https://x.com/growupshow
【ハッシュタグ / Hashtag】#グロウアップショウ

#アニメ #オリジナルアニメ
——————————————————————————————
From Director Kanta Kamei, Original Character Designer Kurehito Misaki, and Production by A-1 Pictures plus Psyde Kick Studio, the creative team behind Saekano -How to Raise a Boring Girlfriend-, comes a new original animation!

▌Title : GROW UP SHOW-Sunflower Circus-

▌Opening Theme
NOMELON NOLEMON """"yurariyureru""""
(Echoes/Sony Music Entertainment (Japan) Inc.)

▌Ending Theme
Aooo """"DAYS!""""
(Echoes/Sony Music Entertainment (Japan) Inc.)

▌Official Site / Official X
【Official Site】 https://growupshow.com/
【Official X】 https://x.com/growupshow

▌Characters
Mizuka Tsurumaki (voiced by Tomoka Noda)
Ouka Kawasumi (voiced by Shiori Kurosaki)
Imari Agano (voiced by Reo Osanai)
Isuzu Ikazuchi (voiced by Nanako Ando)
Aoi Yura (voiced by Tomori Kusunoki)
Akane Yura (voiced by Yuko Natsuyoshi)
Shizuku Sakawa (voiced by Yuna Kamakura)
Svietlana (voiced by Yuka Iwahashi)
Rin Mamiya (voiced by Ai Kayano)
Maria (voiced by Rie Kugimiya)

▌Introduction
From Director Kanta Kamei, Original Character Designer Kurehito Misaki, and Production by A-1 Pictures plus Psyde Kick Studio, the creative team behind Saekano -How to Raise a Boring Girlfriend-, comes a new original animation!

In the 1950s, set against the backdrop of Japan at the very height of its era of rapid economic growth—a time when the circus stood at the center of entertainment, seamlessly woven into the fabric of people's daily lives.

Vying for a coveted spot in the Circus Collection—a global festival open only to the world's most elite troupes—countless circus companies travel across Japan, performing as they go and engaging in fierce daily competition.

As the story unfolds, the Sunflower Circus is being led by its ringmaster, Maria.
While struggling valiantly against their perpetual financial woes as they tour from town to town, the Sunflower Circus receives a new arrival: Mizuka Tsurumaki—a true circus prodigy—who joins their ranks due to certain circumstances.

Was Mizuka’s run in with the Sunflower Circus a matter of chance or destiny…?

The one-of-a-kind circus show envisioned by girls chasing their dreams—let the show begin!

▌Staffs
Original Work : Circus Collection Association
Director : Kanta Kamei
Original Character Concepts : Kurehito Misaki
Series Composition : Takeshi Kikuchi
Character Design / Chief Animation Director : Kazutoshi Makino
Assistant Director : Satsuki Takahashi
Action Director : Masaki Inada
Picture Book Design / Effects Design : Ayane Matsumoto
Historical Research : Junko Yamada
Image Boards : Munashichi
Art Director : Takumi Hashimoto
Art Settings : Eiko Tsunado
Art Layouts : Mikiya Hiragi
Color Design : Kanako Hokari
CG Director : Mizuho Kanda
Director of Photography : Toshiaki Aoshima
Editor : Kentaro Tsubone
Sound Director : Akiko Fujita
Music : Yugo Kanno
Production : A-1 Pictures / Psyde Kick Studio",2026-07-11T15:30:02Z,アニプレックス チャンネル,UC14QT5j2nQI8lKBCGtrrBQA,66869,https://i.ytimg.com/vi/Z3LKxdlyNSU/hqdefault.jpg,ED映像 グロウアップショウ ひまわりのサーカス団 ノンクレジットエンディング映像 公式X growupshow グロウアップショウ ひまわりのサーカス団 ノンクレジットエンディング映像を公開 エンディングテーマ DAYS アーティストAooo 作詞作曲ツミキ 編曲 Aooo 楽曲配信中 httpsAooolnktoDAYSDG 作品公式Xはこちら httpsxcomgrowupshow 放送情報 毎週土曜2400順次放送中 TOKYO MX 群馬テレビ とちぎテレビ BS11 7月4日より毎週土曜2400 テレビ愛知 7月4日より毎週土曜2625 MBS 7月5日より毎週日曜2520 AT-X 7月10日より毎週金曜2130 放送日時は変更となる可能性がございます 配信情報 7月4日より毎週土曜2430 ABEMA dアニメストア dアニメストア ニコニコ支店 dアニメストア for Prime Video 7月7日より毎週火曜1200 U-NEXT アニメ放題 Prime Video DMM TV バンダイチャンネル Hulu FOD Lemino AnimeFesta アニメタイムズ ニコニコチャンネル 7月7日より毎週火曜2300 ニコニコ生放送 7月8日より毎週水曜0000 TELASA見放題プラン JCOM STREAM見放題 milplus見放題パックプライム イントロダクション 冴えない彼女の育てかた の監督亀井幹太キャラクター原案深崎暮人 制作A-1 Pictures Psyde Kick Studioの布陣が贈る新たなるオリジナルアニメーション開幕 昭和30年代ごろ高度経済成長期真っ只中の日本をもとに サーカスが娯楽の中心として人の生活に溶け込む時代 最高峰のサーカス団のみが参加を許される 世界の祭典 キルクスコレクション への出場を懸け 数多くのサーカス団が日本各地を移動しながら公演を行い日しのぎを削っている 舞台は団長の麻利亜が率いる ひまわりサーカス 万年金欠に悪戦苦闘しながら各地で巡業を行っている ひまわりサーカス の元に とある事情でサーカスの天才鶴巻瑞佳がやってくる 個性豊かな ひまわりサーカス の団員たちと瑞佳の出会いは偶然か必然か 夢追う少女たちが描く唯一無二のサーカスショウ開演 キャスト 鶴巻瑞佳 川澄桜翔 吾野伊万里 五十土五十鈴 由良 茜 由良 葵 酒匂 雫 スェトラーナ 麻利亜 間宮 凛 スタッフ 原作 キルクスコレクション協会 監督 亀井幹太 キャラクター原案 深崎暮人 シリーズ構成 菊池たけし キャラクターデザイン総作画監督 牧野和俊 助監督 髙橋さつき アクション監修 稲田正輝 絵本デザインエフェクトデザイン まつもとあやね 時代考証 山田順子 イメージボード 六七質 美術監督 橋本 巧 美術設定 綱頭瑛子 美術レイアウト 平義樹弥 色彩設計 ホカリカナコ CG監督 神田瑞帆 撮影監督 青嶋俊明 編集 坪根健太郎 音響監督 藤田亜紀子 音楽 菅野祐悟 制作 A-1 Pictures Psyde Kick Studio グロウアップショウ ひまわりのサーカス団 公式HP site httpsgrowupshowcom 公式X X httpsxcomgrowupshow ハッシュタグ Hashtag グロウアップショウ オリジナルアニメ From Director Kanta Kamei Original Character Designer Kurehito Misaki and Production by A-1 Pictures plus Psyde Kick Studio the creative team behind Saekano -How to Raise a Boring Girlfriend- comes a new original animation Title GROW UP SHOW-Sunflower Circus- Opening Theme NOMELON NOLEMON yurariyureru Inc Ending Theme Aooo DAYS Inc Site X Site httpsgrowupshowcom X httpsxcomgrowupshow Characters Mizuka Tsurumaki Ouka Kawasumi Imari Agano Isuzu Ikazuchi Aoi Yura Akane Yura Shizuku Sakawa Svietlana Rin Mamiya Maria Introduction From Director Kanta Kamei Original Character Designer Kurehito Misaki and Production by A-1 Pictures plus Psyde Kick Studio the creative team behind Saekano -How to Raise a Boring Girlfriend- comes a new original animation In the 1950s set against the backdrop of Japan at the very height of its era of rapid economic growtha time when the circus stood at the center of entertainment seamlessly woven into the fabric of peoples daily lives Vying for a coveted spot in the Circus Collectiona global festival open only to the worlds most elite troupescountless circus companies travel across Japan performing as they go and engaging in fierce daily competition As the story unfolds the Sunflower Circus is being led by its ringmaster Maria While struggling valiantly against their perpetual financial woes as they tour from town to town the Sunflower Circus receives a new arrival Mizuka Tsurumakia true circus prodigywho joins their ranks due to certain circumstances Was Mizukas run in with the Sunflower Circus a matter of chance or destiny The one-of-a-kind circus show envisioned by girls chasing their dreamslet the show begin Staffs Original Work Circus Collection Association Director Kanta Kamei Original Character Concepts Kurehito Misaki Series Composition Takeshi Kikuchi Character Design Chief Animation Director Kazutoshi Makino Assistant Director Satsuki Takahashi Action Director Masaki Inada Picture Book Design Effects Design Ayane Matsumoto Historical Research Junko Yamada Image Boards Munashichi Art Director Takumi Hashimoto Art Settings Eiko Tsunado Art Layouts Mikiya Hiragi Color Design Kanako Hokari CG Director Mizuho Kanda Director of Photography Toshiaki Aoshima Editor Kentaro Tsubone Sound Director Akiko Fujita Music Yugo Kanno Production A-1 Pictures Psyde Kick Studio,ED映像 グロウアップショウ ひまわりのサーカス団 ノンクレジットエンディング映像 公式X growupshow グロウアップショウ ひまわりのサーカス団 ノンクレジットエンディング映像を公開 エンディングテーマ DAYS アーティストAooo 作詞作曲ツミキ 編曲 Aooo 楽曲配信中 httpsAooolnktoDAYSDG 作品公式Xはこちら httpsxcomgrowupshow 放送情報 毎週土曜2400順次放送中 TOKYO MX 群馬テレビ とちぎテレビ BS11 7月4日より毎週土曜2400 テレビ愛知 7月4日より毎週土曜2625 MBS 7月5日より毎週日曜2520 AT-X 7月10日より毎週金曜2130 放送日時は変更となる可能性がございます 配信情報 7月4日より毎週土曜2430 ABEMA dアニメストア dアニメストア ニコニコ支店 dアニメストア for Prime Video 7月7日より毎週火曜1200 U-NEXT アニメ放題 Prime Video DMM TV バンダイチャンネル Hulu FOD Lemino AnimeFesta アニメタイムズ ニコニコチャンネル 7月7日より毎週火曜2300 ニコニコ生放送 7月8日より毎週水曜0000 TELASA見放題プラン JCOM STREAM見放題 milplus見放題パックプライム イントロダクション 冴えない彼女の育てかた の監督亀井幹太キャラクター原案深崎暮人 制作A-1 Pictures Psyde Kick Studioの布陣が贈る新たなるオリジナルアニメーション開幕 昭和30年代ごろ高度経済成長期真っ只中の日本をもとに サーカスが娯楽の中心として人の生活に溶け込む時代 最高峰のサーカス団のみが参加を許される 世界の祭典 キルクスコレクション への出場を懸け 数多くのサーカス団が日本各地を移動しながら公演を行い日しのぎを削っている 舞台は団長の麻利亜が率いる ひまわりサーカス 万年金欠に悪戦苦闘しながら各地で巡業を行っている ひまわりサーカス の元に とある事情でサーカスの天才鶴巻瑞佳がやってくる 個性豊かな ひまわりサーカス の団員たちと瑞佳の出会いは偶然か必然か 夢追う少女たちが描く唯一無二のサーカスショウ開演 キャスト 鶴巻瑞佳 川澄桜翔 吾野伊万里 五十土五十鈴 由良 茜 由良 葵 酒匂 雫 スェトラーナ 麻利亜 間宮 凛 スタッフ 原作 キルクスコレクション協会 監督 亀井幹太 キャラクター原案 深崎暮人 シリーズ構成 菊池たけし キャラクターデザイン総作画監督 牧野和俊 助監督 髙橋さつき アクション監修 稲田正輝 絵本デザインエフェクトデザイン まつもとあやね 時代考証 山田順子 イメージボード 六七質 美術監督 橋本 巧 美術設定 綱頭瑛子 美術レイアウト 平義樹弥 色彩設計 ホカリカナコ CG監督 神田瑞帆 撮影監督 青嶋俊明 編集 坪根健太郎 音響監督 藤田亜紀子 音楽 菅野祐悟 制作 A-1 Pictures Psyde Kick Studio グロウアップショウ ひまわりのサーカス団 公式HP site httpsgrowupshowcom 公式X X httpsxcomgrowupshow ハッシュタグ Hashtag グロウアップショウ オリジナルアニメ From Director Kanta Kamei Original Character Designer Kurehito Misaki and Production by A-1 Pictures plus Psyde Kick Studio the creative team behind Saekano -How to Raise a Boring Girlfriend- comes a new original animation Title GROW UP SHOW-Sunflower Circus- Opening Theme NOMELON NOLEMON yurariyureru Inc Ending Theme Aooo DAYS Inc Site X Site httpsgrowupshowcom X httpsxcomgrowupshow Characters Mizuka Tsurumaki Ouka Kawasumi Imari Agano Isuzu Ikazuchi Aoi Yura Akane Yura Shizuku Sakawa Svietlana Rin Mamiya Maria Introduction From Director Kanta Kamei Original Character Designer Kurehito Misaki and Production by A-1 Pictures plus Psyde Kick Studio the creative team behind Saekano -How to Raise a Boring Girlfriend- comes a new original animation In the 1950s set against the backdrop of Japan at the very height of its era of rapid economic growtha time when the circus stood at the center of entertainment seamlessly woven into the fabric of peoples daily lives Vying for a coveted spot in the Circus Collectiona global festival open only to the worlds most elite troupescountless circus companies travel across Japan performing as they go and engaging in fierce daily competition As the story unfolds the Sunflower Circus is being led by its ringmaster Maria While struggling valiantly against their perpetual financial woes as they tour from town to town the Sunflower Circus receives a new arrival Mizuka Tsurumakia true circus prodigywho joins their ranks due to certain circumstances Was Mizukas run in with the Sunflower Circus a matter of chance or destiny The one-of-a-kind circus show envisioned by girls chasing their dreamslet the show begin Staffs Original Work Circus Collection Association Director Kanta Kamei Original Character Concepts Kurehito Misaki Series Composition Takeshi Kikuchi Character Design Chief Animation Director Kazutoshi Makino Assistant Director Satsuki Takahashi Action Director Masaki Inada Picture Book Design Effects Design Ayane Matsumoto Historical Research Junko Yamada Image Boards Munashichi Art Director Takumi Hashimoto Art Settings Eiko Tsunado Art Layouts Mikiya Hiragi Color Design Kanako Hokari CG Director Mizuho Kanda Director of Photography Toshiaki Aoshima Editor Kentaro Tsubone Sound Director Akiko Fujita Music Yugo Kanno Production A-1 Pictures Psyde Kick Studio,ED映像 グロウアップショウ ひまわりのサーカス団 ノンクレジットエンディング映像 公式X growupshow グロウアップショウ ひまわりのサーカス団 ノンクレジットエンディング映像を公開 エンディングテーマ DAYS アーティストAooo 作詞作曲ツミキ 編曲 Aooo 楽曲配信中 httpsAooolnktoDAYSDG 作品公式Xはこちら httpsxcomgrowupshow 放送情報 毎週土曜2400順次放送中 TOKYO MX 群馬テレビ とちぎテレビ BS11 7月4日より毎週土曜2400 テレビ愛知 7月4日より毎週土曜2625 MBS 7月5日より毎週日曜2520 AT-X 7月10日より毎週金曜2130 放送日時は変更となる可能性がございます 配信情報 7月4日より毎週土曜2430 ABEMA dアニメストア dアニメストア ニコニコ支店 dアニメストア for Prime Video 7月7日より毎週火曜1200 U-NEXT アニメ放題 Prime Video DMM TV バンダイチャンネル Hulu FOD Lemino AnimeFesta アニメタイムズ ニコニコチャンネル 7月7日より毎週火曜2300 ニコニコ生放送 7月8日より毎週水曜0000 TELASA見放題プラン JCOM STREAM見放題 milplus見放題パックプライム イントロダクション 冴えない彼女の育てかた の監督亀井幹太キャラクター原案深崎暮人 制作A-1 Pictures Psyde Kick Studioの布陣が贈る新たなるオリジナルアニメーション開幕 昭和30年代ごろ高度経済成長期真っ只中の日本をもとに サーカスが娯楽の中心として人の生活に溶け込む時代 最高峰のサーカス団のみが参加を許される 世界の祭典 キルクスコレクション への出場を懸け 数多くのサーカス団が日本各地を移動しながら公演を行い日しのぎを削っている 舞台は団長の麻利亜が率いる ひまわりサーカス 万年金欠に悪戦苦闘しながら各地で巡業を行っている ひまわりサーカス の元に とある事情でサーカスの天才鶴巻瑞佳がやってくる 個性豊かな ひまわりサーカス の団員たちと瑞佳の出会いは偶然か必然か 夢追う少女たちが描く唯一無二のサーカスショウ開演 キャスト 鶴巻瑞佳 川澄桜翔 吾野伊万里 五十土五十鈴 由良 茜 由良 葵 酒匂 雫 スェトラーナ 麻利亜 間宮 凛 スタッフ 原作 キルクスコレクション協会 監督 亀井幹太 キャラクター原案 深崎暮人 シリーズ構成 菊池たけし キャラクターデザイン総作画監督 牧野和俊 助監督 髙橋さつき アクション監修 稲田正輝 絵本デザインエフェクトデザイン まつもとあやね 時代考証 山田順子 イメージボード 六七質 美術監督 橋本 巧 美術設定 綱頭瑛子 美術レイアウト 平義樹弥 色彩設計 ホカリカナコ CG監督 神田瑞帆 撮影監督 青嶋俊明 編集 坪根健太郎 音響監督 藤田亜紀子 音楽 菅野祐悟 制作 A-1 Pictures Psyde Kick Studio グロウアップショウ ひまわりのサーカス団 公式HP site httpsgrowupshowcom 公式X X httpsxcomgrowupshow ハッシュタグ Hashtag グロウアップショウ オリジナルアニメ From Director Kanta Kamei Original Character Designer Kurehito Misaki and Production by A-1 Pictures plus Psyde Kick Studio the creative team behind Saekano -How to Raise a Boring Girlfriend- comes a new original animation Title GROW UP SHOW-Sunflower Circus- Opening Theme NOMELON NOLEMON yurariyureru Inc Ending Theme Aooo DAYS Inc Site X Site httpsgrowupshowcom X httpsxcomgrowupshow Characters Mizuka Tsurumaki Ouka Kawasumi Imari Agano Isuzu Ikazuchi Aoi Yura Akane Yura Shizuku Sakawa Svietlana Rin Mamiya Maria Introduction From Director Kanta Kamei Original Character Designer Kurehito Misaki and Production by A-1 Pictures plus Psyde Kick Studio the creative team behind Saekano -How to Raise a Boring Girlfriend- comes a new original animation In the 1950s set against the backdrop of Japan at the very height of its era of rapid economic growtha time when the circus stood at the center of entertainment seamlessly woven into the fabric of peoples daily lives Vying for a coveted spot in the Circus Collectiona global festival open only to the worlds most elite troupescountless circus companies travel across Japan performing as they go and engaging in fierce daily competition As the story unfolds the Sunflower Circus is being led by its ringmaster Maria While struggling valiantly against their perpetual financial woes as they tour from town to town the Sunflower Circus receives a new arrival Mizuka Tsurumakia true circus prodigywho joins their ranks due to certain circumstances Was Mizukas run in with the Sunflower Circus a matter of chance or destiny The one-of-a-kind circus show envisioned by girls chasing their dreamslet the show begin Staffs Original Work Circus Collection Association Director Kanta Kamei Original Character Concepts Kurehito Misaki Series Composition Takeshi Kikuchi Character Design Chief Animation Director Kazutoshi Makino Assistant Director Satsuki Takahashi Action Director Masaki Inada Picture Book Design Effects Design Ayane Matsumoto Historical Research Junko Yamada Image Boards Munashichi Art Director Takumi Hashimoto Art Settings Eiko Tsunado Art Layouts Mikiya Hiragi Color Design Kanako Hokari CG Director Mizuho Kanda Director of Photography Toshiaki Aoshima Editor Kentaro Tsubone Sound Director Akiko Fujita Music Yugo Kanno Production A-1 Pictures Psyde Kick Studio,99,未分類,op,OP,0,https://yt3.ggpht.com/vG4F6wBFAfaSV13GbkSjmy8rMNMYi7rSs2jxitmaMrqNrWWc9Yvdmh6FlkREnPu0mquEsUvk3g=s800-c-k-c0x00ffffff-no-rj,3900000
dv1TGoV_aS8,TVアニメ『花織さんは転生しても喧嘩がしたい』ノンクレジットOP｜オーイシマサヨシ「ハイメンテナンスガール」,"TVアニメ『花織さんは転生しても喧嘩がしたい』放送スタート！
ノンクレジットOP｜オーイシマサヨシ 「ハイメンテナンスガール」 を特別公開！

『ぱにぽに』などの人気作を世に送り出してきた氷川へきるの最新作、TVアニメ『花織さんは転生しても喧嘩がしたい』
ABCテレビ・テレビ朝日系列全国24局ネット『ANiMAZiNG!!!』枠、BS日テレ、AT-Xにて 7月11日（土）より放送スタート！ｄアニメストア、ABEMAでも先行配信中！

■スタッフ
原作：氷川へきる（講談社「モーニング・ツー」連載）
監督：山本秀世
シリーズ構成：菅原雪絵
キャラクターデザイン：奥田陽介
美術監督：綾田如香
色彩設計：大西峰代
撮影監督：中野公滉
撮影：旭プロダクション
編集：長谷川舞（editz）
音響監督：納谷僚介
音響効果：小林亜依里、野崎博樹
音響制作：スタジオマウス
音楽：橋本由香利、R・O・N
音楽制作：ポニーキャニオン
アニメーション制作：ライデンフィルム

■主題歌情報
〇オープニング主題歌
オーイシマサヨシ 「ハイメンテナンスガール」 
作詞・作曲・編曲：大石昌良
好評配信中

〇エンディング主題歌
内田真礼 「ベリーグッド・エンカウント」
作詞：前田甘露　作曲・編曲：増田武史
好評配信中

■キャスト
鳴神流星：福山 潤
花織ミーティア：関根明良
皐月まこ：星希成奏
永守茉莉花：上田 瞳
倉石摩那：徳井青空
多岐川眠兎：稗田寧々
小鳥遊綾姫：高橋李依
朝比奈絵理子：五十嵐裕美
鳴神 萌：伊藤彩沙
六道さくら：日笠陽子
紬奈愛琉：内田真礼

■イントロダクション
鳴神流星、職業ニート。
ひきこもってゲーム三昧の日々を送るが、実はここではない世界では魔王をやっていた！

そこにかつて流星を倒した勇者であり、
現在は女子高生の花織ミーティアが押しかけてきて…。

ミーティアとの再会を経て、ニートから御剣女子高等学校の高校教師として社会復帰を果たす流星。だが、そこはミーティアが通う学校だった！

平和な世界に転生し、 再び巡り合った 二人の恋が はじまった！？

■原作情報
「花織さんは転生しても喧嘩がしたい」氷川へきる（講談社モーニングKC）
コミックス最新9巻発売中！

■information
モーニングtwo公式HP：https://morningtwo.com/
TVアニメ公式HP：https://hanaorisan-anime.com/
TVアニメ公式X：@hanaori_anime
推奨ハッシュタグ：#アニメ花織さん",2026-07-12T03:00:04Z,ぽにきゃん-Anime PONY CANYON,UCb-ekPowbBlQhyt7ZXPiu5Q,66898,https://i.ytimg.com/vi/dv1TGoV_aS8/hqdefault.jpg,花織さんは転生しても喧嘩がしたい ノンクレジットOP オーイシマサヨシ ハイメンテナンスガール 花織さんは転生しても喧嘩がしたい 放送スタート ノンクレジットOP オーイシマサヨシ ハイメンテナンスガール を特別公開 ぱにぽに などの人気作を世に送り出してきた氷川へきるの最新作 花織さんは転生しても喧嘩がしたい ABCテレビテレビ朝日系列全国24局ネット ANiMAZiNG 枠BS日テレAT-Xにて 7月11日土より放送スタートアニメストアABEMAでも先行配信中 スタッフ 原作氷川へきる講談社 モーニングツー 連載 監督山本秀世 シリーズ構成菅原雪絵 キャラクターデザイン奥田陽介 美術監督綾田如香 色彩設計大西峰代 撮影監督中野公滉 撮影旭プロダクション 編集長谷川舞editz 音響監督納谷僚介 音響効果小林亜依里野崎博樹 音響制作スタジオマウス 音楽橋本由香利RON 音楽制作ポニーキャニオン アニメーション制作ライデンフィルム 主題歌情報 オープニング主題歌 オーイシマサヨシ ハイメンテナンスガール 作詞作曲編曲大石昌良 好評配信中 エンディング主題歌 内田真礼 ベリーグッドエンカウント 作詞前田甘露 作曲編曲増田武史 好評配信中 キャスト 鳴神流星福山 潤 花織ミーティア関根明良 皐月まこ星希成奏 永守茉莉花上田 瞳 倉石摩那徳井青空 多岐川眠兎稗田寧 小鳥遊綾姫高橋李依 朝比奈絵理子五十嵐裕美 鳴神 萌伊藤彩沙 六道さくら日笠陽子 紬奈愛琉内田真礼 イントロダクション 鳴神流星職業ニート ひきこもってゲーム三昧の日を送るが実はここではない世界では魔王をやっていた そこにかつて流星を倒した勇者であり 現在は女子高生の花織ミーティアが押しかけてきて ミーティアとの再会を経てニートから御剣女子高等学校の高校教師として社会復帰を果たす流星だがそこはミーティアが通う学校だった 平和な世界に転生し 再び巡り合った 二人の恋が はじまった 原作情報 花織さんは転生しても喧嘩がしたい 氷川へきる講談社モーニングKC コミックス最新9巻発売中 information モーニングtwo公式HPhttpsmorningtwocom TVアニメ公式HPhttpshanaorisan- com TVアニメ公式Xhanaorianime 推奨ハッシュタグアニメ花織さん,花織さんは転生しても喧嘩がしたい ノンクレジットOP オーイシマサヨシ ハイメンテナンスガール 花織さんは転生しても喧嘩がしたい 放送スタート ノンクレジットOP オーイシマサヨシ ハイメンテナンスガール を特別公開 ぱにぽに などの人気作を世に送り出してきた氷川へきるの最新作 花織さんは転生しても喧嘩がしたい ABCテレビテレビ朝日系列全国24局ネット ANiMAZiNG 枠BS日テレAT-Xにて 7月11日土より放送スタートアニメストアABEMAでも先行配信中 スタッフ 原作氷川へきる講談社 モーニングツー 連載 監督山本秀世 シリーズ構成菅原雪絵 キャラクターデザイン奥田陽介 美術監督綾田如香 色彩設計大西峰代 撮影監督中野公滉 撮影旭プロダクション 編集長谷川舞editz 音響監督納谷僚介 音響効果小林亜依里野崎博樹 音響制作スタジオマウス 音楽橋本由香利RON 音楽制作ポニーキャニオン アニメーション制作ライデンフィルム 主題歌情報 オープニング主題歌 オーイシマサヨシ ハイメンテナンスガール 作詞作曲編曲大石昌良 好評配信中 エンディング主題歌 内田真礼 ベリーグッドエンカウント 作詞前田甘露 作曲編曲増田武史 好評配信中 キャスト 鳴神流星福山 潤 花織ミーティア関根明良 皐月まこ星希成奏 永守茉莉花上田 瞳 倉石摩那徳井青空 多岐川眠兎稗田寧 小鳥遊綾姫高橋李依 朝比奈絵理子五十嵐裕美 鳴神 萌伊藤彩沙 六道さくら日笠陽子 紬奈愛琉内田真礼 イントロダクション 鳴神流星職業ニート ひきこもってゲーム三昧の日を送るが実はここではない世界では魔王をやっていた そこにかつて流星を倒した勇者であり 現在は女子高生の花織ミーティアが押しかけてきて ミーティアとの再会を経てニートから御剣女子高等学校の高校教師として社会復帰を果たす流星だがそこはミーティアが通う学校だった 平和な世界に転生し 再び巡り合った 二人の恋が はじまった 原作情報 花織さんは転生しても喧嘩がしたい 氷川へきる講談社モーニングKC コミックス最新9巻発売中 information モーニングtwo公式HPhttpsmorningtwocom TVアニメ公式HPhttpshanaorisan- com TVアニメ公式Xhanaorianime 推奨ハッシュタグアニメ花織さん,花織さんは転生しても喧嘩がしたい ノンクレジットOP オーイシマサヨシ ハイメンテナンスガール 花織さんは転生しても喧嘩がしたい 放送スタート ノンクレジットOP オーイシマサヨシ ハイメンテナンスガール を特別公開 ぱにぽに などの人気作を世に送り出してきた氷川へきるの最新作 花織さんは転生しても喧嘩がしたい ABCテレビテレビ朝日系列全国24局ネット ANiMAZiNG 枠BS日テレAT-Xにて 7月11日土より放送スタートアニメストアABEMAでも先行配信中 スタッフ 原作氷川へきる講談社 モーニングツー 連載 監督山本秀世 シリーズ構成菅原雪絵 キャラクターデザイン奥田陽介 美術監督綾田如香 色彩設計大西峰代 撮影監督中野公滉 撮影旭プロダクション 編集長谷川舞editz 音響監督納谷僚介 音響効果小林亜依里野崎博樹 音響制作スタジオマウス 音楽橋本由香利RON 音楽制作ポニーキャニオン アニメーション制作ライデンフィルム 主題歌情報 オープニング主題歌 オーイシマサヨシ ハイメンテナンスガール 作詞作曲編曲大石昌良 好評配信中 エンディング主題歌 内田真礼 ベリーグッドエンカウント 作詞前田甘露 作曲編曲増田武史 好評配信中 キャスト 鳴神流星福山 潤 花織ミーティア関根明良 皐月まこ星希成奏 永守茉莉花上田 瞳 倉石摩那徳井青空 多岐川眠兎稗田寧 小鳥遊綾姫高橋李依 朝比奈絵理子五十嵐裕美 鳴神 萌伊藤彩沙 六道さくら日笠陽子 紬奈愛琉内田真礼 イントロダクション 鳴神流星職業ニート ひきこもってゲーム三昧の日を送るが実はここではない世界では魔王をやっていた そこにかつて流星を倒した勇者であり 現在は女子高生の花織ミーティアが押しかけてきて ミーティアとの再会を経てニートから御剣女子高等学校の高校教師として社会復帰を果たす流星だがそこはミーティアが通う学校だった 平和な世界に転生し 再び巡り合った 二人の恋が はじまった 原作情報 花織さんは転生しても喧嘩がしたい 氷川へきる講談社モーニングKC コミックス最新9巻発売中 information モーニングtwo公式HPhttpsmorningtwocom TVアニメ公式HPhttpshanaorisan- com TVアニメ公式Xhanaorianime 推奨ハッシュタグアニメ花織さん,99,未分類,op,OP,0,https://yt3.ggpht.com/xf6r6k8A4f-34kU7MpjbqeaZo_zyDUznWlnrNqF0EAb08FscfBAbsXr7B_OM_GTmWXRdsPxmFw=s800-c-k-c0x00ffffff-no-rj,1070000
dhAKFhT6pno,7月より放送中！TVアニメ「#領民0人スタートの辺境領主様 」ノンクレジット・エンディング映像,"エンディング・テーマ「星降る夜の約束」#花耶（@kaya_official）

💿️楽曲配信中！https://nex-tone.link/A00221597

2026年7月10日(金)よりTOKYO MX、MBS、BS朝日、AT-Xにて順次放送開始！
Prime Video にて地上波１週間先⾏・独占配信中︕

TOKYO MX　 7⽉10⽇より毎週⾦曜⽇ 22:30〜
MBS 　　　　7⽉11⽇より毎週⼟曜⽇ 27:08〜
BS朝⽇　　　7⽉12⽇より毎週⽇曜⽇ 23:00〜
AT-X 　　　　7⽉14⽇より毎週⽕曜⽇ 23:00〜
リピート：毎週⽊曜⽇ 11:00〜 / 毎週⽉曜⽇17:00

■配信情報
Prime Video   7月3日より毎週金曜日配信

■INTRODUCTION
戦争で活躍した救国の英雄・ディアスが、王からの褒美として授けられた領地は、人も家もないただただ広大な草原だった——。
途方に暮れる彼の前にどこからともなく現れたのは、蒼い角を持つ少女アルナー。
彼女との出会いをきっかけに、個性豊かな仲間たちが集まり始める。
これは、領民0人から始まる、やさしき領主の開拓記。

▼アニメ最新情報はこちら▼
アニメ公式サイト：https://ryomin0-anime.com
アニメ公式X：https://x.com/ryomin0_anime

■スタッフ
原作： 風楼（アース・スターノベル/アース・スター エンターテイメント刊）
キャラクター原案：キンタ
コミカライズ：ユンボ
監督：今泉賢一
シリーズ構成：岡田邦彦
キャラクターデザイン：坪山圭一
⾊彩設計：金光洋靖
美術：草薙
撮影監督：田中恒嗣
編集：吉武将人
⾳響監督：土屋雅紀
⾳響制作：INSPIONエッジ
⾳楽：櫻木咲子
アニメーション制作：animation studio42
オープニング・テーマ「Wonder」CROWN HEAD（ユニバーサル ミュージック/Virgin Music）
エンディング・テーマ「星降る夜の約束」花耶（アース・スター エンターテイメント）

■キャスト
ディアス：#松田健一郎
アルナー：#若山詩音
クラウス：#坂泰斗
セナイ：#伊藤美来
アイハン：#白石晴香
エルダン：#福山潤
フランシス：安田陸矢
フランソワ：阿保まりあ
モール：くじら
ディアーネ：日笠陽子
エイマ：東山奈央
カニス：津⽥美波
リチャード：寺島拓篤
マイザー：千葉翔也 
ゾルグ：熊⾕健太郎

■原作ノベル、コミックス
原作：⾵楼
イラスト：キンタ
コミカライズ：ユンボ
シリーズ累計250万部突破！
原作ノベル：アース・スターノベル1〜15巻発売中！
https://www.es-novel.jp/bookdetail/70...
コミックス：アース・スター コミックス1巻～14巻発売中！
https://comic-earthstar.com/episode/1...

Ⓒ風楼/アース・スター エンターテイメント/領民０人スタートの辺境領主様製作委員会
ⒸFuurou/EARTH STAR Entertainment/The Frontier Lord Begins with Zero Subjects Project",2026-07-11T03:00:16Z,NBCUniversal Anime/Music,UCeOMz8AiNhsDhEovu5_3ujQ,62018,https://i.ytimg.com/vi/dhAKFhT6pno/hqdefault.jpg,7月より放送中 領民0人スタートの辺境領主様 エンディング映像 星降る夜の約束 花耶kayaofficial 楽曲配信中httpsnex-tonelinkA00221597 2026年7月10日 よりTOKYO MXMBSBS朝日AT-Xにて順次放送開始 Prime Video にて地上波週間先独占配信中 TOKYO MX 710より毎週曜 2230〜 MBS 711より毎週曜 2708〜 BS朝 712より毎週曜 2300〜 AT-X 714より毎週曜 2300〜 リピート毎週曜 1100〜 毎週曜1700 配信情報 Prime Video 7月3日より毎週金曜日配信 INTRODUCTION 戦争で活躍した救国の英雄ディアスが王からの褒美として授けられた領地は人も家もないただただ広大な草原だった 途方に暮れる彼の前にどこからともなく現れたのは蒼い角を持つ少女アルナー 彼女との出会いをきっかけに個性豊かな仲間たちが集まり始める これは領民0人から始まるやさしき領主の開拓記 アニメ最新情報はこちら アニメ公式サイトhttpsryomin0- com アニメ公式Xhttpsxcomryomin0anime スタッフ 原作 風楼アーススターノベルアーススター エンターテイメント刊 キャラクター原案キンタ コミカライズユンボ 監督今泉賢一 シリーズ構成岡田邦彦 キャラクターデザイン坪山圭一 彩設計金光洋靖 美術草薙 撮影監督田中恒嗣 編集吉武将人 響監督土屋雅紀 響制作INSPIONエッジ 楽櫻木咲子 アニメーション制作animation studio42 Wonder CROWN HEADユニバーサル ミュージックVirgin Music 星降る夜の約束 花耶アーススター エンターテイメント キャスト ディアス松田健一郎 アルナー若山詩音 クラウス坂泰斗 セナイ伊藤美来 アイハン白石晴香 エルダン福山潤 フランシス安田陸矢 フランソワ阿保まりあ モールくじら ディアーネ日笠陽子 エイマ東山奈央 カニス津美波 リチャード寺島拓篤 マイザー千葉翔也 ゾルグ熊健太郎 原作ノベルコミックス 原作楼 イラストキンタ コミカライズユンボ シリーズ累計250万部突破 原作ノベルアーススターノベル1〜15巻発売中 httpswwwes-noveljpbookdetail70 コミックスアーススター コミックス1巻14巻発売中 httpscomic-earthstarcomepisode1 風楼アーススター エンターテイメント領民人スタートの辺境領主様製作委員会 FuurouEARTH STAR EntertainmentThe Frontier Lord Begins with Zero Subjects Project,7月より放送中 領民0人スタートの辺境領主様 エンディング映像 星降る夜の約束 花耶kayaofficial 楽曲配信中httpsnex-tonelinkA00221597 2026年7月10日 よりTOKYO MXMBSBS朝日AT-Xにて順次放送開始 Prime Video にて地上波週間先独占配信中 TOKYO MX 710より毎週曜 2230〜 MBS 711より毎週曜 2708〜 BS朝 712より毎週曜 2300〜 AT-X 714より毎週曜 2300〜 リピート毎週曜 1100〜 毎週曜1700 配信情報 Prime Video 7月3日より毎週金曜日配信 INTRODUCTION 戦争で活躍した救国の英雄ディアスが王からの褒美として授けられた領地は人も家もないただただ広大な草原だった 途方に暮れる彼の前にどこからともなく現れたのは蒼い角を持つ少女アルナー 彼女との出会いをきっかけに個性豊かな仲間たちが集まり始める これは領民0人から始まるやさしき領主の開拓記 アニメ最新情報はこちら アニメ公式サイトhttpsryomin0- com アニメ公式Xhttpsxcomryomin0anime スタッフ 原作 風楼アーススターノベルアーススター エンターテイメント刊 キャラクター原案キンタ コミカライズユンボ 監督今泉賢一 シリーズ構成岡田邦彦 キャラクターデザイン坪山圭一 彩設計金光洋靖 美術草薙 撮影監督田中恒嗣 編集吉武将人 響監督土屋雅紀 響制作INSPIONエッジ 楽櫻木咲子 アニメーション制作animation studio42 Wonder CROWN HEADユニバーサル ミュージックVirgin Music 星降る夜の約束 花耶アーススター エンターテイメント キャスト ディアス松田健一郎 アルナー若山詩音 クラウス坂泰斗 セナイ伊藤美来 アイハン白石晴香 エルダン福山潤 フランシス安田陸矢 フランソワ阿保まりあ モールくじら ディアーネ日笠陽子 エイマ東山奈央 カニス津美波 リチャード寺島拓篤 マイザー千葉翔也 ゾルグ熊健太郎 原作ノベルコミックス 原作楼 イラストキンタ コミカライズユンボ シリーズ累計250万部突破 原作ノベルアーススターノベル1〜15巻発売中 httpswwwes-noveljpbookdetail70 コミックスアーススター コミックス1巻14巻発売中 httpscomic-earthstarcomepisode1 風楼アーススター エンターテイメント領民人スタートの辺境領主様製作委員会 FuurouEARTH STAR EntertainmentThe Frontier Lord Begins with Zero Subjects Project,7月より放送中 領民0人スタートの辺境領主様 エンディング映像 星降る夜の約束 花耶kayaofficial 楽曲配信中httpsnex-tonelinkA00221597 2026年7月10日 よりTOKYO MXMBSBS朝日AT-Xにて順次放送開始 Prime Video にて地上波週間先独占配信中 TOKYO MX 710より毎週曜 2230〜 MBS 711より毎週曜 2708〜 BS朝 712より毎週曜 2300〜 AT-X 714より毎週曜 2300〜 リピート毎週曜 1100〜 毎週曜1700 配信情報 Prime Video 7月3日より毎週金曜日配信 INTRODUCTION 戦争で活躍した救国の英雄ディアスが王からの褒美として授けられた領地は人も家もないただただ広大な草原だった 途方に暮れる彼の前にどこからともなく現れたのは蒼い角を持つ少女アルナー 彼女との出会いをきっかけに個性豊かな仲間たちが集まり始める これは領民0人から始まるやさしき領主の開拓記 アニメ最新情報はこちら アニメ公式サイトhttpsryomin0- com アニメ公式Xhttpsxcomryomin0anime スタッフ 原作 風楼アーススターノベルアーススター エンターテイメント刊 キャラクター原案キンタ コミカライズユンボ 監督今泉賢一 シリーズ構成岡田邦彦 キャラクターデザイン坪山圭一 彩設計金光洋靖 美術草薙 撮影監督田中恒嗣 編集吉武将人 響監督土屋雅紀 響制作INSPIONエッジ 楽櫻木咲子 アニメーション制作animation studio42 Wonder CROWN HEADユニバーサル ミュージックVirgin Music 星降る夜の約束 花耶アーススター エンターテイメント キャスト ディアス松田健一郎 アルナー若山詩音 クラウス坂泰斗 セナイ伊藤美来 アイハン白石晴香 エルダン福山潤 フランシス安田陸矢 フランソワ阿保まりあ モールくじら ディアーネ日笠陽子 エイマ東山奈央 カニス津美波 リチャード寺島拓篤 マイザー千葉翔也 ゾルグ熊健太郎 原作ノベルコミックス 原作楼 イラストキンタ コミカライズユンボ シリーズ累計250万部突破 原作ノベルアーススターノベル1〜15巻発売中 httpswwwes-noveljpbookdetail70 コミックスアーススター コミックス1巻14巻発売中 httpscomic-earthstarcomepisode1 風楼アーススター エンターテイメント領民人スタートの辺境領主様製作委員会 FuurouEARTH STAR EntertainmentThe Frontier Lord Begins with Zero Subjects Project,99,未分類,op,OP,0,https://yt3.ggpht.com/DpIpvILSTQVJn40L0KZwJOL_j_2fv2i_cZpvuzn7ISw0h6mZajbfJZZPCrcn68RuiaKidABC1wQ=s800-c-k-c0x00ffffff-no-rj,511000
n7iidGIYvkw,【ノンクレジットエンディング映像】TVアニメ『才女のお世話 高嶺の花だらけな名門校で、学院一のお嬢様(生活能力皆無)を陰ながらお世話することになりました』,"♪エンディングテーマ：前島亜美「完璧じゃないわたし」

ギャップ可愛いお嬢様との、お世話から始まる甘々ラブコメ『才女のお世話 高嶺の花だらけな名門校で、学院一のお嬢様(生活能力皆無)を陰ながらお世話することになりました』2026年7月MBS、テレ東、BS朝日にて放送！

❀TVアニメ公式HP／X
HP：https://saijonoosewa-anime.com/
X：https://x.com/saijonoosewa_pr

❀放送情報
2026年7月MBS、テレ東、BS朝日にて放送

MBS：7月4日から毎週土曜深夜2時38分～
テレ東：7月5日から毎週日曜深夜1時50分〜
BS朝日：7月10日から毎週金曜夜11時30分〜

※放送日時は変更となる場合がございます。

❀配信情報
ABEMA、U-NEXT、アニメ放題にて先行配信    
ほか各サイトでも順次配信

◎先行配信
7月4日（土）27時08分～先行配信 
ABEMA、U-NEXT、アニメ放題

◎一般配信
7月9日（木）27時08分～順次配信
・無料配信
TVer、ニコニコ
・見放題配信
アニメタイムズ、Anime Festa、FOD、MBS動画イズム、J:COM STREAM見放題、DMM TV、TELASA
dアニメストア、バンダイチャンネル、Hulu、Prime Video、ふらっと動画、milplus、Lemino
・レンタル配信
J:COM STREAM 、TELASA、ニコニコ、バンダイチャンネル、milplus

❀スタッフ
原作：坂石遊作（HJ文庫／ホビージャパン）
キャラクター原案：みわべさくら
漫画：水島空彦（HJコミックス／コミックファイア連載）
監督：森下柊聖
シリーズ構成：吉永亜矢
キャラクターデザイン：川島尚
色彩設計：井上あきこ
美術監督：伊藤聖
撮影監督：関谷颯人
編集：池田康隆
音楽：田渕夏海　中村巴奈重
音響監督：高寺たけし
音響効果：櫻井陽子
音響制作：ダックスプロダクション
アニメーションプロデューサー：小沢十光
アニメーション制作：ブレインズ・ベース
製作：『才女のお世話』製作委員会

❀主題歌
オープニングテーマ：angela「最最最高級のお世話して」
エンディングテーマ：前島亜美「完璧じゃないわたし」

❀キャスト
友成伊月：上村祐翔
此花雛子：小原好美
天王寺美麗：大西沙織
都島成香：土屋李央
鶴見静音：小清水亜美
大正克也：熊谷健太郎
旭可憐：前島亜美
此花華巌：子安武人

❀イントロダクション
「私、このひとが欲しい」

だれもが憧れる“完璧なお嬢様”、此花雛子。
日本随一の財閥の令嬢である彼女は、偶然出会った一般庶民の男子高校生・友成伊月を、突然専属の“お世話係”に指名する。

表向きは品行方正に見える雛子だが、着替えさえ一人ではできない生活能力皆無の“ぐうたら娘”だった――

名家のしがらみから“完璧なお嬢様”を演じなければならない雛子。そんな彼女を守りたいと甲斐甲斐しくお世話をする伊月。やがて雛子も全力で甘えるようになって……

ギャップ可愛いお嬢様との、主従を超えた甘々な恋物語が始まろうとしていた。

❀書籍情報
＜原作小説＞
『才女のお世話 高嶺の花だらけな名門校で、学院一のお嬢様(生活能力皆無)を陰ながらお世話することになりました』
著者：坂石遊作
イラスト：みわべさくら
HJ文庫より1巻～11巻好評発売中
最新12巻は2026年7月1日発売！

＜コミカライズ＞
『才女のお世話 高嶺の花だらけな名門校で、学院一のお嬢様(生活能力皆無)を陰ながらお世話することになりました』
漫画：水島空彦
原作：坂石遊作
キャラクター原案：みわべさくら
コミックファイア連載、HJコミックスより1巻～6巻好評発売中

©坂石遊作・ホビージャパン／『才女のお世話』製作委員会",2026-07-11T17:34:00Z,MBS animation 公式チャンネル,UC8yS5dCzbiPGf1HnAwwcnhQ,63388,https://i.ytimg.com/vi/n7iidGIYvkw/hqdefault.jpg,ノンクレジットエンディング映像 才女のお世話 高嶺の花だらけな名門校で学院一のお嬢様 を陰ながらお世話することになりました エンディングテーマ前島亜美 完璧じゃないわたし ギャップ可愛いお嬢様とのお世話から始まる甘ラブコメ 才女のお世話 高嶺の花だらけな名門校で学院一のお嬢様 を陰ながらお世話することになりました 2026年7月MBSテレ東BS朝日にて放送 TVアニメ公式HP X HPhttpssaijonoosewa- com Xhttpsxcomsaijonoosewapr 放送情報 2026年7月MBSテレ東BS朝日にて放送 MBS7月4日から毎週土曜深夜2時38分 テレ東7月5日から毎週日曜深夜1時50分〜 BS朝日7月10日から毎週金曜夜11時30分〜 放送日時は変更となる場合がございます 配信情報 ABEMAU-NEXTアニメ放題にて先行配信 ほか各サイトでも順次配信 先行配信 7月4日土27時08分先行配信 ABEMAU-NEXTアニメ放題 一般配信 7月9日木27時08分順次配信 無料配信 TVerニコニコ 見放題配信 アニメタイムズ FestaFODMBS動画イズムJCOM STREAM見放題DMM TVTELASA dアニメストアバンダイチャンネルHuluPrime Videoふらっと動画milplusLemino レンタル配信 JCOM STREAM TELASAニコニコバンダイチャンネルmilplus スタッフ 原作坂石遊作HJ文庫 ホビージャパン キャラクター原案みわべさくら 漫画水島空彦HJコミックス コミックファイア連載 監督森下柊聖 シリーズ構成吉永亜矢 キャラクターデザイン川島尚 色彩設計井上あきこ 美術監督伊藤聖 撮影監督関谷颯人 編集池田康隆 音楽田渕夏海 中村巴奈重 音響監督高寺たけし 音響効果櫻井陽子 音響制作ダックスプロダクション アニメーションプロデューサー小沢十光 アニメーション制作ブレインズベース 製作 才女のお世話 製作委員会 オープニングテーマangela 最最最高級のお世話して エンディングテーマ前島亜美 完璧じゃないわたし キャスト 友成伊月上村祐翔 此花雛子小原好美 天王寺美麗大西沙織 都島成香土屋李央 鶴見静音小清水亜美 大正克也熊谷健太郎 旭可憐前島亜美 此花華巌子安武人 イントロダクション 私このひとが欲しい だれもが憧れる完璧なお嬢様此花雛子 日本随一の財閥の令嬢である彼女は偶然出会った一般庶民の男子高校生友成伊月を突然専属のお世話係に指名する 表向きは品行方正に見える雛子だが着替えさえ一人ではできない生活能力皆無のぐうたら娘だった 名家のしがらみから完璧なお嬢様を演じなければならない雛子そんな彼女を守りたいと甲斐甲斐しくお世話をする伊月やがて雛子も全力で甘えるようになって ギャップ可愛いお嬢様との主従を超えた甘な恋物語が始まろうとしていた 書籍情報 原作小説 才女のお世話 高嶺の花だらけな名門校で学院一のお嬢様 を陰ながらお世話することになりました 著者坂石遊作 イラストみわべさくら HJ文庫より1巻11巻好評発売中 最新12巻は2026年7月1日発売 コミカライズ 才女のお世話 高嶺の花だらけな名門校で学院一のお嬢様 を陰ながらお世話することになりました 漫画水島空彦 原作坂石遊作 キャラクター原案みわべさくら コミックファイア連載HJコミックスより1巻6巻好評発売中 坂石遊作ホビージャパン 才女のお世話 製作委員会,ノンクレジットエンディング映像 才女のお世話 高嶺の花だらけな名門校で学院一のお嬢様 を陰ながらお世話することになりました エンディングテーマ前島亜美 完璧じゃないわたし ギャップ可愛いお嬢様とのお世話から始まる甘ラブコメ 才女のお世話 高嶺の花だらけな名門校で学院一のお嬢様 を陰ながらお世話することになりました 2026年7月MBSテレ東BS朝日にて放送 TVアニメ公式HP X HPhttpssaijonoosewa- com Xhttpsxcomsaijonoosewapr 放送情報 2026年7月MBSテレ東BS朝日にて放送 MBS7月4日から毎週土曜深夜2時38分 テレ東7月5日から毎週日曜深夜1時50分〜 BS朝日7月10日から毎週金曜夜11時30分〜 放送日時は変更となる場合がございます 配信情報 ABEMAU-NEXTアニメ放題にて先行配信 ほか各サイトでも順次配信 先行配信 7月4日土27時08分先行配信 ABEMAU-NEXTアニメ放題 一般配信 7月9日木27時08分順次配信 無料配信 TVerニコニコ 見放題配信 アニメタイムズ FestaFODMBS動画イズムJCOM STREAM見放題DMM TVTELASA dアニメストアバンダイチャンネルHuluPrime Videoふらっと動画milplusLemino レンタル配信 JCOM STREAM TELASAニコニコバンダイチャンネルmilplus スタッフ 原作坂石遊作HJ文庫 ホビージャパン キャラクター原案みわべさくら 漫画水島空彦HJコミックス コミックファイア連載 監督森下柊聖 シリーズ構成吉永亜矢 キャラクターデザイン川島尚 色彩設計井上あきこ 美術監督伊藤聖 撮影監督関谷颯人 編集池田康隆 音楽田渕夏海 中村巴奈重 音響監督高寺たけし 音響効果櫻井陽子 音響制作ダックスプロダクション アニメーションプロデューサー小沢十光 アニメーション制作ブレインズベース 製作 才女のお世話 製作委員会 オープニングテーマangela 最最最高級のお世話して エンディングテーマ前島亜美 完璧じゃないわたし キャスト 友成伊月上村祐翔 此花雛子小原好美 天王寺美麗大西沙織 都島成香土屋李央 鶴見静音小清水亜美 大正克也熊谷健太郎 旭可憐前島亜美 此花華巌子安武人 イントロダクション 私このひとが欲しい だれもが憧れる完璧なお嬢様此花雛子 日本随一の財閥の令嬢である彼女は偶然出会った一般庶民の男子高校生友成伊月を突然専属のお世話係に指名する 表向きは品行方正に見える雛子だが着替えさえ一人ではできない生活能力皆無のぐうたら娘だった 名家のしがらみから完璧なお嬢様を演じなければならない雛子そんな彼女を守りたいと甲斐甲斐しくお世話をする伊月やがて雛子も全力で甘えるようになって ギャップ可愛いお嬢様との主従を超えた甘な恋物語が始まろうとしていた 書籍情報 原作小説 才女のお世話 高嶺の花だらけな名門校で学院一のお嬢様 を陰ながらお世話することになりました 著者坂石遊作 イラストみわべさくら HJ文庫より1巻11巻好評発売中 最新12巻は2026年7月1日発売 コミカライズ 才女のお世話 高嶺の花だらけな名門校で学院一のお嬢様 を陰ながらお世話することになりました 漫画水島空彦 原作坂石遊作 キャラクター原案みわべさくら コミックファイア連載HJコミックスより1巻6巻好評発売中 坂石遊作ホビージャパン 才女のお世話 製作委員会,ノンクレジットエンディング映像 才女のお世話 高嶺の花だらけな名門校で学院一のお嬢様 を陰ながらお世話することになりました エンディングテーマ前島亜美 完璧じゃないわたし ギャップ可愛いお嬢様とのお世話から始まる甘ラブコメ 才女のお世話 高嶺の花だらけな名門校で学院一のお嬢様 を陰ながらお世話することになりました 2026年7月MBSテレ東BS朝日にて放送 TVアニメ公式HP X HPhttpssaijonoosewa- com Xhttpsxcomsaijonoosewapr 放送情報 2026年7月MBSテレ東BS朝日にて放送 MBS7月4日から毎週土曜深夜2時38分 テレ東7月5日から毎週日曜深夜1時50分〜 BS朝日7月10日から毎週金曜夜11時30分〜 放送日時は変更となる場合がございます 配信情報 ABEMAU-NEXTアニメ放題にて先行配信 ほか各サイトでも順次配信 先行配信 7月4日土27時08分先行配信 ABEMAU-NEXTアニメ放題 一般配信 7月9日木27時08分順次配信 無料配信 TVerニコニコ 見放題配信 アニメタイムズ FestaFODMBS動画イズムJCOM STREAM見放題DMM TVTELASA dアニメストアバンダイチャンネルHuluPrime Videoふらっと動画milplusLemino レンタル配信 JCOM STREAM TELASAニコニコバンダイチャンネルmilplus スタッフ 原作坂石遊作HJ文庫 ホビージャパン キャラクター原案みわべさくら 漫画水島空彦HJコミックス コミックファイア連載 監督森下柊聖 シリーズ構成吉永亜矢 キャラクターデザイン川島尚 色彩設計井上あきこ 美術監督伊藤聖 撮影監督関谷颯人 編集池田康隆 音楽田渕夏海 中村巴奈重 音響監督高寺たけし 音響効果櫻井陽子 音響制作ダックスプロダクション アニメーションプロデューサー小沢十光 アニメーション制作ブレインズベース 製作 才女のお世話 製作委員会 オープニングテーマangela 最最最高級のお世話して エンディングテーマ前島亜美 完璧じゃないわたし キャスト 友成伊月上村祐翔 此花雛子小原好美 天王寺美麗大西沙織 都島成香土屋李央 鶴見静音小清水亜美 大正克也熊谷健太郎 旭可憐前島亜美 此花華巌子安武人 イントロダクション 私このひとが欲しい だれもが憧れる完璧なお嬢様此花雛子 日本随一の財閥の令嬢である彼女は偶然出会った一般庶民の男子高校生友成伊月を突然専属のお世話係に指名する 表向きは品行方正に見える雛子だが着替えさえ一人ではできない生活能力皆無のぐうたら娘だった 名家のしがらみから完璧なお嬢様を演じなければならない雛子そんな彼女を守りたいと甲斐甲斐しくお世話をする伊月やがて雛子も全力で甘えるようになって ギャップ可愛いお嬢様との主従を超えた甘な恋物語が始まろうとしていた 書籍情報 原作小説 才女のお世話 高嶺の花だらけな名門校で学院一のお嬢様 を陰ながらお世話することになりました 著者坂石遊作 イラストみわべさくら HJ文庫より1巻11巻好評発売中 最新12巻は2026年7月1日発売 コミカライズ 才女のお世話 高嶺の花だらけな名門校で学院一のお嬢様 を陰ながらお世話することになりました 漫画水島空彦 原作坂石遊作 キャラクター原案みわべさくら コミックファイア連載HJコミックスより1巻6巻好評発売中 坂石遊作ホビージャパン 才女のお世話 製作委員会,99,未分類,op,OP,0,https://yt3.ggpht.com/PfB7DJv0duVb4MZ7xD_RATg9jtamNK3SblNA_KI2gZ_HQmm3BPlM-wh0pA4od1MQ5Za0FHxy=s800-c-k-c0x00ffffff-no-rj,263000
od3XN58Gnws,オリジナルTVアニメ『さよならララ』ノンテロップエンディング映像 |好評放送・配信中！,"演出・もああん、深海イメージMON が表現する”青の世界”を描くエンディング映像。
ララの過去と現在、そして⼤切な家族への変わらぬ想いを映し出す、物語の余韻を静かに映し出す美麗な世界観にご注目下さい。

エンディングテーマ：「Hearts Glow」Hana Hope
作詞 Hana Hope, ⼩⻄裕⼦
作曲 Hana Hope, K E I_H A Y A S H I
編曲 David Baron
（Sony Music Labels）

✨

「悪くないやろ、この世界も」

キネマシトラス15周年記念作品 
オリジナルTVアニメ―ション『さよならララ』、2026年7月放送。

✨放送情報✨
TOKYO MX 7/5(日)より毎週日曜24：30～
BS朝日 7/5(日)より毎週日曜25：30～
読売テレビ 7/6(月)より毎週月曜25：59～
AT-X 7/6 (月)より毎週月曜21：30～
[リピート放送]毎週水曜9：30～ 毎週金曜15：30～
※放送日時は変更となる可能性があります。

各配信サイトにて7月5日(日)24：30より地上波同時配信！

✨スタッフ・キャスト✨
原作：キネマシトラス
監督：小出卓史
シリーズ構成：川原杏奈
キャラクターデザイン：谷紫織
美術監督：藤野真里（スタジオPablo）
色彩設計：相澤里佳　
撮影監督：出水田和人（T2studio）
編集：黒澤雅之
グラフィックデザイン：濱 祐斗・山口真生
深海イメージ：MON
ウォーターアーティスト：吉邉尚希　
音響監督：山田陽
音楽：yuma yamaguchi 
音楽制作：KADOKAWA

オープニングテーマ：「さよならララ」いきものがかり
エンディングテーマ： 「Hearts Glow」Hana Hope

シニアプロデューサー：小笠原宗紀 
チームプロデューサー：石川祥気
クリエイティブプロデューサー：森山菜月
アニメーション制作：キネマシトラス
 
製作：「さよならララ」製作委員会

ララ役：#菱川花菜
大津茉里役：#川石奈奈
グレイス役：#深見梨加
ルカ役：#村瀬歩
大津祥弥役：#大野智敬
大津誠役：#真殿光昭
大津江万役：#住友七絵
ローワン役：#てらそままさき
リサ役：#津田美波
コータ役：#山本和臣

✨イントロダクション✨
昔々あるところに、ララという人魚のプリンセスがおりました。
海の王である父と、姉たちに愛されて、すくすくと育ちました。
 
ある日、ララは地上に生きる人間の王子に恋をしてしまいます。
それは人魚たちの世界では許されぬ、禁じられた恋でした。
 
それでもララは地上へ旅立ちます。
魔女グレイスにもらった薬を飲み、人間の姿になったのです。
 
しかしそれは、”本当の愛”を見つけなければ、
泡となって消えてしまう禁忌の薬でした。
 
人魚のプリンセスでありながら、人間との愛を望んだララ。
けれど———その願いは叶わず、泡となって海へ消えてしまうのでした。
 
それから200年。
長い時を経て、人魚姫ララは琵琶湖に蘇る。
今度こそ“本当の愛”を見つけるために———

✨公式SNS✨
●TVアニメ公式サイト
https://goodbyelara.com  

●TVアニメ公式X
@Goodbye_Lara（ https://x.com/Goodbye_Lara ）

©キネマシトラス／「さよならララ」製作委員会",2026-07-19T09:00:19Z,KADOKAWAanime,UCY5fcqgSrQItPAX_Z5Frmwg,60475,https://i.ytimg.com/vi/od3XN58Gnws/hqdefault.jpg,オリジナルTVアニメ さよならララ ノンテロップエンディング映像 好評放送配信中 演出もああん深海イメージMON が表現する青の世界を描くエンディング映像 ララの過去と現在そして切な家族への変わらぬ想いを映し出す物語の余韻を静かに映し出す美麗な世界観にご注目下さい エンディングテーマ Hearts Glow Hana Hope 作詞 Hana Hope 裕 作曲 Hana Hope K E IH A Y A S H I 編曲 David Baron Sony Music Labels 悪くないやろこの世界も キネマシトラス15周年記念作品 オリジナルTVアニメション さよならララ 2026年7月放送 放送情報 TOKYO MX 75 より毎週日曜2430 BS朝日 75 より毎週日曜2530 読売テレビ 76 より毎週月曜2559 AT-X 76 より毎週月曜2130 毎週水曜930 毎週金曜1530 放送日時は変更となる可能性があります 各配信サイトにて7月5日 2430より地上波同時配信 スタッフキャスト 原作キネマシトラス 監督小出卓史 シリーズ構成川原杏奈 キャラクターデザイン谷紫織 美術監督藤野真里スタジオPablo 色彩設計相澤里佳 撮影監督出水田和人T2studio 編集黒澤雅之 グラフィックデザイン濱 祐斗山口真生 深海イメージMON ウォーターアーティスト吉邉尚希 音響監督山田陽 音楽yuma yamaguchi 音楽制作KADOKAWA オープニングテーマ さよならララ いきものがかり エンディングテーマ Hearts Glow Hana Hope シニアプロデューサー小笠原宗紀 チームプロデューサー石川祥気 クリエイティブプロデューサー森山菜月 アニメーション制作キネマシトラス 製作 さよならララ 製作委員会 ララ役菱川花菜 大津茉里役川石奈奈 グレイス役深見梨加 ルカ役村瀬歩 大津祥弥役大野智敬 大津誠役真殿光昭 大津江万役住友七絵 ローワン役てらそままさき リサ役津田美波 コータ役山本和臣 イントロダクション 昔あるところにララという人魚のプリンセスがおりました 海の王である父と姉たちに愛されてすくすくと育ちました ある日ララは地上に生きる人間の王子に恋をしてしまいます それは人魚たちの世界では許されぬ禁じられた恋でした それでもララは地上へ旅立ちます 魔女グレイスにもらった薬を飲み人間の姿になったのです しかしそれは本当の愛を見つけなければ 泡となって消えてしまう禁忌の薬でした 人魚のプリンセスでありながら人間との愛を望んだララ けれどその願いは叶わず泡となって海へ消えてしまうのでした それから200年 長い時を経て人魚姫ララは琵琶湖に蘇る 今度こそ本当の愛を見つけるために 公式SNS TVアニメ公式サイト httpsgoodbyelaracom TVアニメ公式X GoodbyeLara httpsxcomGoodbyeLara キネマシトラス さよならララ 製作委員会,オリジナルTVアニメ さよならララ ノンテロップエンディング映像 好評放送配信中 演出もああん深海イメージMON が表現する青の世界を描くエンディング映像 ララの過去と現在そして切な家族への変わらぬ想いを映し出す物語の余韻を静かに映し出す美麗な世界観にご注目下さい エンディングテーマ Hearts Glow Hana Hope 作詞 Hana Hope 裕 作曲 Hana Hope K E IH A Y A S H I 編曲 David Baron Sony Music Labels 悪くないやろこの世界も キネマシトラス15周年記念作品 オリジナルTVアニメション さよならララ 2026年7月放送 放送情報 TOKYO MX 75 より毎週日曜2430 BS朝日 75 より毎週日曜2530 読売テレビ 76 より毎週月曜2559 AT-X 76 より毎週月曜2130 毎週水曜930 毎週金曜1530 放送日時は変更となる可能性があります 各配信サイトにて7月5日 2430より地上波同時配信 スタッフキャスト 原作キネマシトラス 監督小出卓史 シリーズ構成川原杏奈 キャラクターデザイン谷紫織 美術監督藤野真里スタジオPablo 色彩設計相澤里佳 撮影監督出水田和人T2studio 編集黒澤雅之 グラフィックデザイン濱 祐斗山口真生 深海イメージMON ウォーターアーティスト吉邉尚希 音響監督山田陽 音楽yuma yamaguchi 音楽制作KADOKAWA オープニングテーマ さよならララ いきものがかり エンディングテーマ Hearts Glow Hana Hope シニアプロデューサー小笠原宗紀 チームプロデューサー石川祥気 クリエイティブプロデューサー森山菜月 アニメーション制作キネマシトラス 製作 さよならララ 製作委員会 ララ役菱川花菜 大津茉里役川石奈奈 グレイス役深見梨加 ルカ役村瀬歩 大津祥弥役大野智敬 大津誠役真殿光昭 大津江万役住友七絵 ローワン役てらそままさき リサ役津田美波 コータ役山本和臣 イントロダクション 昔あるところにララという人魚のプリンセスがおりました 海の王である父と姉たちに愛されてすくすくと育ちました ある日ララは地上に生きる人間の王子に恋をしてしまいます それは人魚たちの世界では許されぬ禁じられた恋でした それでもララは地上へ旅立ちます 魔女グレイスにもらった薬を飲み人間の姿になったのです しかしそれは本当の愛を見つけなければ 泡となって消えてしまう禁忌の薬でした 人魚のプリンセスでありながら人間との愛を望んだララ けれどその願いは叶わず泡となって海へ消えてしまうのでした それから200年 長い時を経て人魚姫ララは琵琶湖に蘇る 今度こそ本当の愛を見つけるために 公式SNS TVアニメ公式サイト httpsgoodbyelaracom TVアニメ公式X GoodbyeLara httpsxcomGoodbyeLara キネマシトラス さよならララ 製作委員会,オリジナルTVアニメ さよならララ ノンテロップエンディング映像 好評放送配信中 演出もああん深海イメージMON が表現する青の世界を描くエンディング映像 ララの過去と現在そして切な家族への変わらぬ想いを映し出す物語の余韻を静かに映し出す美麗な世界観にご注目下さい エンディングテーマ Hearts Glow Hana Hope 作詞 Hana Hope 裕 作曲 Hana Hope K E IH A Y A S H I 編曲 David Baron Sony Music Labels 悪くないやろこの世界も キネマシトラス15周年記念作品 オリジナルTVアニメション さよならララ 2026年7月放送 放送情報 TOKYO MX 75 より毎週日曜2430 BS朝日 75 より毎週日曜2530 読売テレビ 76 より毎週月曜2559 AT-X 76 より毎週月曜2130 毎週水曜930 毎週金曜1530 放送日時は変更となる可能性があります 各配信サイトにて7月5日 2430より地上波同時配信 スタッフキャスト 原作キネマシトラス 監督小出卓史 シリーズ構成川原杏奈 キャラクターデザイン谷紫織 美術監督藤野真里スタジオPablo 色彩設計相澤里佳 撮影監督出水田和人T2studio 編集黒澤雅之 グラフィックデザイン濱 祐斗山口真生 深海イメージMON ウォーターアーティスト吉邉尚希 音響監督山田陽 音楽yuma yamaguchi 音楽制作KADOKAWA オープニングテーマ さよならララ いきものがかり エンディングテーマ Hearts Glow Hana Hope シニアプロデューサー小笠原宗紀 チームプロデューサー石川祥気 クリエイティブプロデューサー森山菜月 アニメーション制作キネマシトラス 製作 さよならララ 製作委員会 ララ役菱川花菜 大津茉里役川石奈奈 グレイス役深見梨加 ルカ役村瀬歩 大津祥弥役大野智敬 大津誠役真殿光昭 大津江万役住友七絵 ローワン役てらそままさき リサ役津田美波 コータ役山本和臣 イントロダクション 昔あるところにララという人魚のプリンセスがおりました 海の王である父と姉たちに愛されてすくすくと育ちました ある日ララは地上に生きる人間の王子に恋をしてしまいます それは人魚たちの世界では許されぬ禁じられた恋でした それでもララは地上へ旅立ちます 魔女グレイスにもらった薬を飲み人間の姿になったのです しかしそれは本当の愛を見つけなければ 泡となって消えてしまう禁忌の薬でした 人魚のプリンセスでありながら人間との愛を望んだララ けれどその願いは叶わず泡となって海へ消えてしまうのでした それから200年 長い時を経て人魚姫ララは琵琶湖に蘇る 今度こそ本当の愛を見つけるために 公式SNS TVアニメ公式サイト httpsgoodbyelaracom TVアニメ公式X GoodbyeLara httpsxcomGoodbyeLara キネマシトラス さよならララ 製作委員会,99,未分類,op,OP,0,https://yt3.ggpht.com/ytc/AIdro_kBexGPE4xdlwIRGuLFEcoqtNFCi_8bWioG0HyHx7cSbvI=s800-c-k-c0x00ffffff-no-rj,3080000
lJ6dDUwWOis,TVアニメ『二十世紀電氣目録-ユーレカ・エヴリカ-』｜ノンクレジットED,"毎週日曜日23:00よりABCテレビ、TOKYO MX、テレビ愛知、BS11にて放送中！
Netflixにて世界独占配信中！

▼公式サイト
https://denkimokuroku.jp

＜放送情報＞
TOKYO MX　毎週日曜 23:00〜
BS11　毎週日曜 23:30〜
ABCテレビ　毎週日曜 24:40〜
テレビ愛知　毎週日曜 25:20～

＜配信情報＞
Netflixにて世界独占配信
毎週日曜23:00最新エピソード配信

＜ストーリー＞
“電氣の時代”を夢見る少年たちがいた。
「二十世紀電氣目録」に、思い描く電氣の発明を書き込む主人公・坂本喜八。
憧れの兄・坂本清六と共に夢の実現を誓う喜八だったが、
清六は「二十世紀電氣目録」を持って戦争に行き、帰らぬ人となる。

月日は流れ、酒造の娘・百川稲子との出会いによって、
失われたはずの「二十世紀電氣目録」が喜八の前に現れる。
それを狙うのは、稲子との政略結婚を進める蒸気の財閥御曹司・三添洋輔。
洋輔に対抗する喜八と稲子の、夢をかけた電氣の挑戦が始まる―!!

なぜ洋輔は「二十世紀電氣目録」を追い求めるのか。
そして、洋輔と清六だけが知る「二十世紀電氣目録」の“秘密”とは。

「二十世紀電氣目録」を巡り、少年少女の夢が再び動き出す―
これは＜再生＞の物語。

＜スタッフ＞
原作：「二十世紀電氣目録」結城 弘（KAエスマ文庫／京都アニメーション）
監督：太田 稔
シリーズ構成：浦畑達彦
キャラクターデザイン・総作画監督：岡村公平
世界観設定：鈴木貴昭
美術監督：高山真緒
色彩設計：大塚芙由紀
小物設定：疋田 彩
撮影監督：植田弘貴
3D監督：髙木美槻
音響監督：鶴岡陽太
音楽：湖東ひとみ
音楽制作：ランティス ハートカンパニー
アニメーション制作：京都アニメーション
製作：明滋電氣商工会

＜主題歌＞
オープニング主題歌：五阿弥ルナ『ユーレカ・エヴリカ』
エンディング主題歌：Ginger Root『Soarin’』

＜キャスト＞
坂本喜八：内田雄馬
百川稲子：雨宮 天
三添洋輔：内山昂輝
坂本清六：小野大輔
陸 健吾：武内駿輔
百川規子：寿 美菜子
原島すず：大地 葉
大倉ケイト：川井田夏海
矢倉弥治郎：浦 和希
鱒淵伊蔵：平川大輔
百川甚右衛門：家中 宏
百川苗子：浅野まゆみ
矢倉文七：遠藤大智
とめ / イナリ：高垣彩陽

■information
公式サイト：https://denkimokuroku.jp
公式X：https://x.com/denkimokuroku
公式Instagram：https://www.instagram.com/denkimokuroku
公式Threads：https://www.threads.com/@denkimokuroku
公式TikTok：https://www.tiktok.com/@denkimokuroku
(English)
公式X：https://x.com/Sparks_of_Tmr
公式Bluesky：https://bsky.app/profile/sparks-of-tmr.bsky.social

(C)結城弘・京都アニメーション／明滋電氣商工会

#二十世紀電氣目録 ＃ユーレカエヴリカ",2026-07-12T14:35:11Z,京アニチャンネル,UCpGY2vcoKXf7K6tFzsbSv7w,56327,https://i.ytimg.com/vi/lJ6dDUwWOis/hqdefault.jpg,二十世紀電氣目録-ユーレカエリカ- ノンクレジットED 毎週日曜日2300よりABCテレビTOKYO MXテレビ愛知BS11にて放送中 Netflixにて世界独占配信中 公式サイト httpsdenkimokurokujp 放送情報 TOKYO MX 毎週日曜 2300〜 BS11 毎週日曜 2330〜 ABCテレビ 毎週日曜 2440〜 テレビ愛知 毎週日曜 2520 配信情報 Netflixにて世界独占配信 毎週日曜2300最新エピソード配信 ストーリー 電氣の時代を夢見る少年たちがいた 二十世紀電氣目録 に思い描く電氣の発明を書き込む主人公坂本喜八 憧れの兄坂本清六と共に夢の実現を誓う喜八だったが 清六は 二十世紀電氣目録 を持って戦争に行き帰らぬ人となる 月日は流れ酒造の娘百川稲子との出会いによって 失われたはずの 二十世紀電氣目録 が喜八の前に現れる それを狙うのは稲子との政略結婚を進める蒸気の財閥御曹司三添洋輔 洋輔に対抗する喜八と稲子の夢をかけた電氣の挑戦が始まる なぜ洋輔は 二十世紀電氣目録 を追い求めるのか そして洋輔と清六だけが知る 二十世紀電氣目録 の秘密とは 二十世紀電氣目録 を巡り少年少女の夢が再び動き出す これは再生の物語 スタッフ 原作 二十世紀電氣目録 結城 弘KAエスマ文庫 京都アニメーション 監督太田 稔 シリーズ構成浦畑達彦 キャラクターデザイン総作画監督岡村公平 世界観設定鈴木貴昭 美術監督高山真緒 色彩設計大塚芙由紀 小物設定疋田 彩 撮影監督植田弘貴 3D監督髙木美槻 音響監督鶴岡陽太 音楽湖東ひとみ 音楽制作ランティス ハートカンパニー アニメーション制作京都アニメーション 製作明滋電氣商工会 オープニング主題歌五阿弥ルナ ユーレカエリカ エンディング主題歌Ginger Root Soarin キャスト 坂本喜八内田雄馬 百川稲子雨宮 天 三添洋輔内山昂輝 坂本清六小野大輔 陸 健吾武内駿輔 百川規子寿 美菜子 原島すず大地 葉 大倉ケイト川井田夏海 矢倉弥治郎浦 和希 鱒淵伊蔵平川大輔 百川甚右衛門家中 宏 百川苗子浅野まゆみ 矢倉文七遠藤大智 とめ イナリ高垣彩陽 information 公式サイトhttpsdenkimokurokujp 公式Xhttpsxcomdenkimokuroku 公式Instagramhttpswwwinstagramcomdenkimokuroku 公式Threadshttpswwwthreadscomdenkimokuroku 公式TikTokhttpswwwtiktokcomdenkimokuroku 公式XhttpsxcomSparksofTmr 公式Blueskyhttpsbskyappprofilesparks-of-tmrbskysocial 結城弘京都アニメーション 明滋電氣商工会 二十世紀電氣目録 ユーレカエリカ,二十世紀電氣目録-ユーレカエリカ- ノンクレジットED 毎週日曜日2300よりABCテレビTOKYO MXテレビ愛知BS11にて放送中 Netflixにて世界独占配信中 公式サイト httpsdenkimokurokujp 放送情報 TOKYO MX 毎週日曜 2300〜 BS11 毎週日曜 2330〜 ABCテレビ 毎週日曜 2440〜 テレビ愛知 毎週日曜 2520 配信情報 Netflixにて世界独占配信 毎週日曜2300最新エピソード配信 ストーリー 電氣の時代を夢見る少年たちがいた 二十世紀電氣目録 に思い描く電氣の発明を書き込む主人公坂本喜八 憧れの兄坂本清六と共に夢の実現を誓う喜八だったが 清六は 二十世紀電氣目録 を持って戦争に行き帰らぬ人となる 月日は流れ酒造の娘百川稲子との出会いによって 失われたはずの 二十世紀電氣目録 が喜八の前に現れる それを狙うのは稲子との政略結婚を進める蒸気の財閥御曹司三添洋輔 洋輔に対抗する喜八と稲子の夢をかけた電氣の挑戦が始まる なぜ洋輔は 二十世紀電氣目録 を追い求めるのか そして洋輔と清六だけが知る 二十世紀電氣目録 の秘密とは 二十世紀電氣目録 を巡り少年少女の夢が再び動き出す これは再生の物語 スタッフ 原作 二十世紀電氣目録 結城 弘KAエスマ文庫 京都アニメーション 監督太田 稔 シリーズ構成浦畑達彦 キャラクターデザイン総作画監督岡村公平 世界観設定鈴木貴昭 美術監督高山真緒 色彩設計大塚芙由紀 小物設定疋田 彩 撮影監督植田弘貴 3D監督髙木美槻 音響監督鶴岡陽太 音楽湖東ひとみ 音楽制作ランティス ハートカンパニー アニメーション制作京都アニメーション 製作明滋電氣商工会 オープニング主題歌五阿弥ルナ ユーレカエリカ エンディング主題歌Ginger Root Soarin キャスト 坂本喜八内田雄馬 百川稲子雨宮 天 三添洋輔内山昂輝 坂本清六小野大輔 陸 健吾武内駿輔 百川規子寿 美菜子 原島すず大地 葉 大倉ケイト川井田夏海 矢倉弥治郎浦 和希 鱒淵伊蔵平川大輔 百川甚右衛門家中 宏 百川苗子浅野まゆみ 矢倉文七遠藤大智 とめ イナリ高垣彩陽 information 公式サイトhttpsdenkimokurokujp 公式Xhttpsxcomdenkimokuroku 公式Instagramhttpswwwinstagramcomdenkimokuroku 公式Threadshttpswwwthreadscomdenkimokuroku 公式TikTokhttpswwwtiktokcomdenkimokuroku 公式XhttpsxcomSparksofTmr 公式Blueskyhttpsbskyappprofilesparks-of-tmrbskysocial 結城弘京都アニメーション 明滋電氣商工会 二十世紀電氣目録 ユーレカエリカ,二十世紀電氣目録-ユーレカエリカ- ノンクレジットED 毎週日曜日2300よりABCテレビTOKYO MXテレビ愛知BS11にて放送中 Netflixにて世界独占配信中 公式サイト httpsdenkimokurokujp 放送情報 TOKYO MX 毎週日曜 2300〜 BS11 毎週日曜 2330〜 ABCテレビ 毎週日曜 2440〜 テレビ愛知 毎週日曜 2520 配信情報 Netflixにて世界独占配信 毎週日曜2300最新エピソード配信 ストーリー 電氣の時代を夢見る少年たちがいた 二十世紀電氣目録 に思い描く電氣の発明を書き込む主人公坂本喜八 憧れの兄坂本清六と共に夢の実現を誓う喜八だったが 清六は 二十世紀電氣目録 を持って戦争に行き帰らぬ人となる 月日は流れ酒造の娘百川稲子との出会いによって 失われたはずの 二十世紀電氣目録 が喜八の前に現れる それを狙うのは稲子との政略結婚を進める蒸気の財閥御曹司三添洋輔 洋輔に対抗する喜八と稲子の夢をかけた電氣の挑戦が始まる なぜ洋輔は 二十世紀電氣目録 を追い求めるのか そして洋輔と清六だけが知る 二十世紀電氣目録 の秘密とは 二十世紀電氣目録 を巡り少年少女の夢が再び動き出す これは再生の物語 スタッフ 原作 二十世紀電氣目録 結城 弘KAエスマ文庫 京都アニメーション 監督太田 稔 シリーズ構成浦畑達彦 キャラクターデザイン総作画監督岡村公平 世界観設定鈴木貴昭 美術監督高山真緒 色彩設計大塚芙由紀 小物設定疋田 彩 撮影監督植田弘貴 3D監督髙木美槻 音響監督鶴岡陽太 音楽湖東ひとみ 音楽制作ランティス ハートカンパニー アニメーション制作京都アニメーション 製作明滋電氣商工会 オープニング主題歌五阿弥ルナ ユーレカエリカ エンディング主題歌Ginger Root Soarin キャスト 坂本喜八内田雄馬 百川稲子雨宮 天 三添洋輔内山昂輝 坂本清六小野大輔 陸 健吾武内駿輔 百川規子寿 美菜子 原島すず大地 葉 大倉ケイト川井田夏海 矢倉弥治郎浦 和希 鱒淵伊蔵平川大輔 百川甚右衛門家中 宏 百川苗子浅野まゆみ 矢倉文七遠藤大智 とめ イナリ高垣彩陽 information 公式サイトhttpsdenkimokurokujp 公式Xhttpsxcomdenkimokuroku 公式Instagramhttpswwwinstagramcomdenkimokuroku 公式Threadshttpswwwthreadscomdenkimokuroku 公式TikTokhttpswwwtiktokcomdenkimokuroku 公式XhttpsxcomSparksofTmr 公式Blueskyhttpsbskyappprofilesparks-of-tmrbskysocial 結城弘京都アニメーション 明滋電氣商工会 二十世紀電氣目録 ユーレカエリカ,99,未分類,op,OP,0,https://yt3.ggpht.com/QwSNIxqlBPg3q8URSe616n_qFbS2OCXx4_nUUJc7MvmSBrYKuxvIyXABm5lfJz2UY6nLggnl=s800-c-k-c0x00ffffff-no-rj,788000
lMq8obidFDI,TVアニメ『ここは俺に任せて先に行けと言ってから10年がたったら伝説になっていた。』ノンクレジットOP｜「それでも曇天を越えてゆく」sajou no hana,"TVアニメ『ここは俺に任せて先に行けと言ってから10年がたったら伝説になっていた。』2026年7月6日（月）毎週月曜日放送中！

【OPENING THEME】
オープニングテーマ：それでも曇天を越えてゆく
作詞：sana
作曲：鈴木エレカ、oni
編曲：ナノウ
アーティスト：sajou no hana

♪配信はこちら
https://nex-tone.link/uQZPJZC6f

【ONAIR】
・TOKYO MX：2026年7月6日（月）より 毎週月曜日 22:30～
・KBS京都：2026年7月6日（月）より 毎週月曜日 23:00～
・サンテレビ：2026年7月6日（月）より 毎週月曜日 24:00～
・テレビ愛知：2026年7月6日（月）より 毎週月曜日 25:30～
・BS11：2026年7月6日（月）より 毎週月曜日 25:30～
　※第2話（7月13日）、第3話（7月20日）は26:00より放送予定
・AT-X：2026年7月9日（木）より 毎週木曜日 20:30～
　※リピート放送：毎週月曜日 8:30～／毎週水曜日 14:30～

【STREAMING】
Prime Videoにて地上波3日間先行・最速配信！
・Prime Video：2026年7月3日（金）より 毎週金曜日 22:30～
ABEMA、dアニメストアにて地上波同時配信！
・ABEMA / dアニメストア：2026年7月6日（月）より 毎週月曜日 22:30～
その他配信サイトにて7/9(木)22:30より順次配信

【INTRODUCTION】
勇者パーティのSランク魔導士ラックは勇者エリック、戦士ゴランとともに次元の狭間で魔神王を倒すために激しい戦いを繰り広げていた。
仲間の全滅を避けるため、ラックはたった一人で敵と戦い続ける決意をし叫ぶ。

「ここは俺に任せて先に行け！」

想像を絶する孤独な戦いを続け、ついに魔神王をも倒したラック。
しかし、彼が元の世界へ帰還した時には「10年」という歳月が過ぎ、ラックは自らを犠牲に世界を救った大英雄として伝説となっていた。

戦いの影響で見た目が若返ったラックは正体を隠し、かつての仲間と新たな仲間たちとともにFランク冒険者ロックとして生きていく。

【CAST】
ラック・ロック・フランゼン：梶原岳人
セルリス・モートン：石川由依
シア・ウルコット：相良茉優
ルッチラ：M・A・O
ミルカ：小坂井祐莉絵
エリック・イムガルト・メンディリバル：森川智之
ゴラン・モートン：小山剛志
アローネ：丸岡和佳奈
アリオ：照井悠希
ジニー：宮咲あかり

【STAFF】
原作：えぞぎんぎつね
キャラクター原案：DeeCHA
監督：神戸洋行
シリーズ構成：広田光毅
キャラクターデザイン・総作画監督：まじろ
色彩設計：ながさか暁
美術監督：美峰
撮影監督：奥谷太希
編集（オフライン）：岡崎由美佳
編集（オンライン）：館遼太郎
音響監督：田中亮
音楽：大隅知宇
アニメーション制作：月虹
オープニングテーマ：sajou no hana「それでも曇天を越えてゆく」
エンディングテーマ：名称非公開「在り来たりな日常と幸運な日々へ」

▼WEB
公式サイト：https://kokoore-anime.com
公式X：https://x.com/kokoore_anime

#ここ俺 
#ここ俺アニメ 
#ここは俺に任せて先に行けと言ってから10年がたったら伝説になっていた 

©えぞぎんぎつね・SBクリエイティブ／「ここ俺」製作委員会",2026-07-10T14:00:16Z,GREE Entertainment ANIME & GAME【公式】,UCX34wuta-mYtZhKr3lS5nwg,52053,https://i.ytimg.com/vi/lMq8obidFDI/hqdefault.jpg,ここは俺に任せて先に行けと言ってから10年がたったら伝説になっていた ノンクレジットOP それでも曇天を越えてゆく sajou no hana ここは俺に任せて先に行けと言ってから10年がたったら伝説になっていた 2026年7月6日月毎週月曜日放送中 OPENING THEME オープニングテーマそれでも曇天を越えてゆく 作詞sana 作曲鈴木エレカoni 編曲ナノウ アーティストsajou no hana 配信はこちら httpsnex-tonelinkuQZPJZC6f ONAIR TOKYO MX2026年7月6日月より 毎週月曜日 2230 KBS京都2026年7月6日月より 毎週月曜日 2300 サンテレビ2026年7月6日月より 毎週月曜日 2400 テレビ愛知2026年7月6日月より 毎週月曜日 2530 BS112026年7月6日月より 毎週月曜日 2530 第2話7月13日第3話7月20日は2600より放送予定 AT-X2026年7月9日木より 毎週木曜日 2030 リピート放送毎週月曜日 830 毎週水曜日 1430 STREAMING Prime Videoにて地上波3日間先行最速配信 Prime Video2026年7月3日金より 毎週金曜日 2230 ABEMAdアニメストアにて地上波同時配信 ABEMA dアニメストア2026年7月6日月より 毎週月曜日 2230 その他配信サイトにて79 2230より順次配信 INTRODUCTION 勇者パーティのSランク魔導士ラックは勇者エリック戦士ゴランとともに次元の狭間で魔神王を倒すために激しい戦いを繰り広げていた 仲間の全滅を避けるためラックはたった一人で敵と戦い続ける決意をし叫ぶ ここは俺に任せて先に行け 想像を絶する孤独な戦いを続けついに魔神王をも倒したラック しかし彼が元の世界へ帰還した時には 10年 という歳月が過ぎラックは自らを犠牲に世界を救った大英雄として伝説となっていた 戦いの影響で見た目が若返ったラックは正体を隠しかつての仲間と新たな仲間たちとともにFランク冒険者ロックとして生きていく CAST ラックロックフランゼン梶原岳人 セルリスモートン石川由依 シアウルコット相良茉優 ルッチラMAO ミルカ小坂井祐莉絵 エリックイムガルトメンディリバル森川智之 ゴランモートン小山剛志 アローネ丸岡和佳奈 アリオ照井悠希 ジニー宮咲あかり STAFF 原作えぞぎんぎつね キャラクター原案DeeCHA 監督神戸洋行 シリーズ構成広田光毅 キャラクターデザイン総作画監督まじろ 色彩設計ながさか暁 美術監督美峰 撮影監督奥谷太希 編集オフライン岡崎由美佳 編集オンライン館遼太郎 音響監督田中亮 音楽大隅知宇 アニメーション制作月虹 オープニングテーマsajou no hana それでも曇天を越えてゆく エンディングテーマ名称非公開 在り来たりな日常と幸運な日へ WEB 公式サイトhttpskokoore- com 公式Xhttpsxcomkokooreanime ここ俺 ここ俺アニメ ここは俺に任せて先に行けと言ってから10年がたったら伝説になっていた えぞぎんぎつねSBクリエイティブ ここ俺 製作委員会,ここは俺に任せて先に行けと言ってから10年がたったら伝説になっていた ノンクレジットOP それでも曇天を越えてゆく sajou no hana ここは俺に任せて先に行けと言ってから10年がたったら伝説になっていた 2026年7月6日月毎週月曜日放送中 OPENING THEME オープニングテーマそれでも曇天を越えてゆく 作詞sana 作曲鈴木エレカoni 編曲ナノウ アーティストsajou no hana 配信はこちら httpsnex-tonelinkuQZPJZC6f ONAIR TOKYO MX2026年7月6日月より 毎週月曜日 2230 KBS京都2026年7月6日月より 毎週月曜日 2300 サンテレビ2026年7月6日月より 毎週月曜日 2400 テレビ愛知2026年7月6日月より 毎週月曜日 2530 BS112026年7月6日月より 毎週月曜日 2530 第2話7月13日第3話7月20日は2600より放送予定 AT-X2026年7月9日木より 毎週木曜日 2030 リピート放送毎週月曜日 830 毎週水曜日 1430 STREAMING Prime Videoにて地上波3日間先行最速配信 Prime Video2026年7月3日金より 毎週金曜日 2230 ABEMAdアニメストアにて地上波同時配信 ABEMA dアニメストア2026年7月6日月より 毎週月曜日 2230 その他配信サイトにて79 2230より順次配信 INTRODUCTION 勇者パーティのSランク魔導士ラックは勇者エリック戦士ゴランとともに次元の狭間で魔神王を倒すために激しい戦いを繰り広げていた 仲間の全滅を避けるためラックはたった一人で敵と戦い続ける決意をし叫ぶ ここは俺に任せて先に行け 想像を絶する孤独な戦いを続けついに魔神王をも倒したラック しかし彼が元の世界へ帰還した時には 10年 という歳月が過ぎラックは自らを犠牲に世界を救った大英雄として伝説となっていた 戦いの影響で見た目が若返ったラックは正体を隠しかつての仲間と新たな仲間たちとともにFランク冒険者ロックとして生きていく CAST ラックロックフランゼン梶原岳人 セルリスモートン石川由依 シアウルコット相良茉優 ルッチラMAO ミルカ小坂井祐莉絵 エリックイムガルトメンディリバル森川智之 ゴランモートン小山剛志 アローネ丸岡和佳奈 アリオ照井悠希 ジニー宮咲あかり STAFF 原作えぞぎんぎつね キャラクター原案DeeCHA 監督神戸洋行 シリーズ構成広田光毅 キャラクターデザイン総作画監督まじろ 色彩設計ながさか暁 美術監督美峰 撮影監督奥谷太希 編集オフライン岡崎由美佳 編集オンライン館遼太郎 音響監督田中亮 音楽大隅知宇 アニメーション制作月虹 オープニングテーマsajou no hana それでも曇天を越えてゆく エンディングテーマ名称非公開 在り来たりな日常と幸運な日へ WEB 公式サイトhttpskokoore- com 公式Xhttpsxcomkokooreanime ここ俺 ここ俺アニメ ここは俺に任せて先に行けと言ってから10年がたったら伝説になっていた えぞぎんぎつねSBクリエイティブ ここ俺 製作委員会,ここは俺に任せて先に行けと言ってから10年がたったら伝説になっていた ノンクレジットOP それでも曇天を越えてゆく sajou no hana ここは俺に任せて先に行けと言ってから10年がたったら伝説になっていた 2026年7月6日月毎週月曜日放送中 OPENING THEME オープニングテーマそれでも曇天を越えてゆく 作詞sana 作曲鈴木エレカoni 編曲ナノウ アーティストsajou no hana 配信はこちら httpsnex-tonelinkuQZPJZC6f ONAIR TOKYO MX2026年7月6日月より 毎週月曜日 2230 KBS京都2026年7月6日月より 毎週月曜日 2300 サンテレビ2026年7月6日月より 毎週月曜日 2400 テレビ愛知2026年7月6日月より 毎週月曜日 2530 BS112026年7月6日月より 毎週月曜日 2530 第2話7月13日第3話7月20日は2600より放送予定 AT-X2026年7月9日木より 毎週木曜日 2030 リピート放送毎週月曜日 830 毎週水曜日 1430 STREAMING Prime Videoにて地上波3日間先行最速配信 Prime Video2026年7月3日金より 毎週金曜日 2230 ABEMAdアニメストアにて地上波同時配信 ABEMA dアニメストア2026年7月6日月より 毎週月曜日 2230 その他配信サイトにて79 2230より順次配信 INTRODUCTION 勇者パーティのSランク魔導士ラックは勇者エリック戦士ゴランとともに次元の狭間で魔神王を倒すために激しい戦いを繰り広げていた 仲間の全滅を避けるためラックはたった一人で敵と戦い続ける決意をし叫ぶ ここは俺に任せて先に行け 想像を絶する孤独な戦いを続けついに魔神王をも倒したラック しかし彼が元の世界へ帰還した時には 10年 という歳月が過ぎラックは自らを犠牲に世界を救った大英雄として伝説となっていた 戦いの影響で見た目が若返ったラックは正体を隠しかつての仲間と新たな仲間たちとともにFランク冒険者ロックとして生きていく CAST ラックロックフランゼン梶原岳人 セルリスモートン石川由依 シアウルコット相良茉優 ルッチラMAO ミルカ小坂井祐莉絵 エリックイムガルトメンディリバル森川智之 ゴランモートン小山剛志 アローネ丸岡和佳奈 アリオ照井悠希 ジニー宮咲あかり STAFF 原作えぞぎんぎつね キャラクター原案DeeCHA 監督神戸洋行 シリーズ構成広田光毅 キャラクターデザイン総作画監督まじろ 色彩設計ながさか暁 美術監督美峰 撮影監督奥谷太希 編集オフライン岡崎由美佳 編集オンライン館遼太郎 音響監督田中亮 音楽大隅知宇 アニメーション制作月虹 オープニングテーマsajou no hana それでも曇天を越えてゆく エンディングテーマ名称非公開 在り来たりな日常と幸運な日へ WEB 公式サイトhttpskokoore- com 公式Xhttpsxcomkokooreanime ここ俺 ここ俺アニメ ここは俺に任せて先に行けと言ってから10年がたったら伝説になっていた えぞぎんぎつねSBクリエイティブ ここ俺 製作委員会,99,未分類,op,OP,0,https://yt3.ggpht.com/hLYrOThgY8iUN_YH9bMlO7Br1msVbzqsW0aJ1DtcVKFt15uidQUHfvQRBe4eVgWGmpcOQJs6=s800-c-k-c0x00ffffff-no-rj,55000
gnsGSDo0fTU,『サンダー３』ノンクレジットOP｜優里「サンダーボルト」,"TVアニメ『サンダー３』毎週水曜放送中！
優里さんのオープニング・テーマ「サンダーボルト」を使用したオープニング映像のノンクレジット版を公開！

■優里「サンダーボルト」楽曲情報　
TVアニメ『サンダー3』オープニング・テーマ、7月10日（金）デジタルリリース！
Apple Music、Spotifyなど各配信サイトにて配信中！
配信URL▸https://YUURI.lnk.to/Thunderbolt

＜イントロダクション＞
「この世界」なら、ぼくたちは最強だ——

幼い妹・ふたばに懐かれている冴えない中学生・ぴょんたろうは、
同級生のつばめ、ひろしと共にスモール３と呼ばれていた。

ある日、担任教師のドクから借りたディスクを再生すると、
画面には“リアル”なもう一つの世界が。

目を離した隙に迷い込んだふたばを追って、
スモール３は“マルチバース”に足を踏み入れる。

SNSでバズりまくった驚愕のマンガ、全世界に衝撃の落雷!!



【原作】
池田祐輝（講談社「月刊少年マガジン」所載）

【スタッフ】
総監督：瀬下寛之
監督：井手恵介
副監督：菅井進、リュウナリ    
シリーズ構成／脚本：瀬古浩司
キャラクターデザイン原案：恩田尚之
アニメーションキャラクターデザイン：山中純子、もりやまゆうき
アニメーションディレクター：こうじ
プロダクションデザイン：田中直哉、フェルディナンド・パトゥリ
造形監督／光画監督：片塰満則　メカデザイン：帆足タケヒコ　美術監督：亀井勇介、中村圭吾
音響監督：山口貴之　音楽：フレデリック・シャトー、立山秋航
オープニング・テーマ：優里「サンダーボルト」https://youtube.com/@YUURI_OFFICIAL
エンディング・テーマ：音羽-otoha-「しゅるれりら」https://www.youtube.com/@UCKY2bA32pWSarPK54mSbHZw 
企画・プロデュース：スロウカーブ
アニメーション制作：UNEND

【キャスト】
手塚ぴょんたろう：鈴代紗弓　吾妻つばめ：川井田夏海　お茶の水ひろし：秋山絵理
手塚ふたば：蜜蜂ほのか　ドク：坂田将吾
瀬上貞一：坂泰斗　田代涼花：広瀬ゆうき　如月澪：前川涼子　皇恭治：石谷春貴　
山本豊：小野寺悠貴　鮫岾：新祐樹　シドニー：渡谷美帆

【放送】
7月8日よりフジテレビ「+Ultra」ほかにて毎週水曜24:45～放送開始
フジテレビ　毎週水曜24:45～放送中
関西テレビ　7月9日より毎週木曜26:15～　※初回放送は26:19～となります
アニマックス　7月11日より毎週土曜22:00～
東海テレビ　7月11日より毎週土曜25:45～
BSフジ　7月12日より毎週日曜25:30～
北海道文化放送　7月16日より毎週木曜24:55～
テレビ西日本　7月16日より毎週木曜26:15～
福島テレビ　　  毎週水曜24:45～放送中
※放送日時は予告なく変更となる場合があります

【配信】
Netflixにて7月8日世界独占配信

【『サンダー３』原作情報】
既刊１～8巻 発売中！9巻7月16日、最終10巻8月17日発売決定！
講談社「月刊少年マガジン7月号」にて最終話掲載中

原作：池田祐輝
▼『サンダー３』を今すぐ読む！
https://gmaga.co/c/thunder3.html

公式ホームページ：https://thunder3-anime.com
公式X（旧Twitter）：https://x.com/thunder3_pyon
公式TikTok：https://www.tiktok.com/@thunder3_pyon

©池田祐輝・講談社／「サンダー３」製作委員会",2026-07-14T08:52:34Z,【フジテレビ】アニメ公式チャンネル,UCO8okJvgXmbmyJTkUMWvURg,51987,https://i.ytimg.com/vi/gnsGSDo0fTU/hqdefault.jpg,サンダー ノンクレジットOP 優里 サンダーボルト サンダー 毎週水曜放送中 優里さんのオープニング サンダーボルト を使用したオープニング映像のノンクレジット版を公開 優里 サンダーボルト 楽曲情報 サンダー3 7月10日金デジタルリリース Apple MusicSpotifyなど各配信サイトにて配信中 配信URLhttpsYUURIlnktoThunderbolt イントロダクション この世界 ならぼくたちは最強だ 幼い妹ふたばに懐かれている冴えない中学生ぴょんたろうは 同級生のつばめひろしと共にスモールと呼ばれていた ある日担任教師のドクから借りたディスクを再生すると 画面にはリアルなもう一つの世界が 目を離した隙に迷い込んだふたばを追って スモールはマルチバースに足を踏み入れる SNSでバズりまくった驚愕のマンガ全世界に衝撃の落雷 原作 池田祐輝講談社 月刊少年マガジン 所載 スタッフ 総監督瀬下寛之 監督井手恵介 副監督菅井進リュウナリ シリーズ構成 脚本瀬古浩司 キャラクターデザイン原案恩田尚之 アニメーションキャラクターデザイン山中純子もりやまゆうき アニメーションディレクターこうじ プロダクションデザイン田中直哉フェルディナンドパトゥリ 造形監督 光画監督片塰満則 メカデザイン帆足タケヒコ 美術監督亀井勇介中村圭吾 音響監督山口貴之 音楽フレデリックシャトー立山秋航 優里 サンダーボルト httpsyoutubecomYUURIOFFICIAL 音羽-otoha- しゅるれりら httpswwwyoutubecomUCKY2bA32pWSarPK54mSbHZw 企画プロデューススロウカーブ アニメーション制作UNEND キャスト 手塚ぴょんたろう鈴代紗弓 吾妻つばめ川井田夏海 お茶の水ひろし秋山絵理 手塚ふたば蜜蜂ほのか ドク坂田将吾 瀬上貞一坂泰斗 田代涼花広瀬ゆうき 如月澪前川涼子 皇恭治石谷春貴 山本豊小野寺悠貴 鮫岾新祐樹 シドニー渡谷美帆 放送 7月8日よりフジテレビ Ultra ほかにて毎週水曜2445放送開始 フジテレビ 毎週水曜2445放送中 関西テレビ 7月9日より毎週木曜2615 初回放送は2619となります アニマックス 7月11日より毎週土曜2200 東海テレビ 7月11日より毎週土曜2545 BSフジ 7月12日より毎週日曜2530 北海道文化放送 7月16日より毎週木曜2455 テレビ西日本 7月16日より毎週木曜2615 福島テレビ 毎週水曜2445放送中 放送日時は予告なく変更となる場合があります 配信 Netflixにて7月8日世界独占配信 サンダー 原作情報 既刊8巻 発売中9巻7月16日最終10巻8月17日発売決定 講談社 月刊少年マガジン7月号 にて最終話掲載中 原作池田祐輝 サンダー を今すぐ読む httpsgmagacocthunder3html 公式ホームページhttpsthunder3- com 公式X旧Twitterhttpsxcomthunder3pyon 公式TikTokhttpswwwtiktokcomthunder3pyon 池田祐輝講談社 サンダー 製作委員会,サンダー ノンクレジットOP 優里 サンダーボルト サンダー 毎週水曜放送中 優里さんのオープニング サンダーボルト を使用したオープニング映像のノンクレジット版を公開 優里 サンダーボルト 楽曲情報 サンダー3 7月10日金デジタルリリース Apple MusicSpotifyなど各配信サイトにて配信中 配信URLhttpsYUURIlnktoThunderbolt イントロダクション この世界 ならぼくたちは最強だ 幼い妹ふたばに懐かれている冴えない中学生ぴょんたろうは 同級生のつばめひろしと共にスモールと呼ばれていた ある日担任教師のドクから借りたディスクを再生すると 画面にはリアルなもう一つの世界が 目を離した隙に迷い込んだふたばを追って スモールはマルチバースに足を踏み入れる SNSでバズりまくった驚愕のマンガ全世界に衝撃の落雷 原作 池田祐輝講談社 月刊少年マガジン 所載 スタッフ 総監督瀬下寛之 監督井手恵介 副監督菅井進リュウナリ シリーズ構成 脚本瀬古浩司 キャラクターデザイン原案恩田尚之 アニメーションキャラクターデザイン山中純子もりやまゆうき アニメーションディレクターこうじ プロダクションデザイン田中直哉フェルディナンドパトゥリ 造形監督 光画監督片塰満則 メカデザイン帆足タケヒコ 美術監督亀井勇介中村圭吾 音響監督山口貴之 音楽フレデリックシャトー立山秋航 優里 サンダーボルト httpsyoutubecomYUURIOFFICIAL 音羽-otoha- しゅるれりら httpswwwyoutubecomUCKY2bA32pWSarPK54mSbHZw 企画プロデューススロウカーブ アニメーション制作UNEND キャスト 手塚ぴょんたろう鈴代紗弓 吾妻つばめ川井田夏海 お茶の水ひろし秋山絵理 手塚ふたば蜜蜂ほのか ドク坂田将吾 瀬上貞一坂泰斗 田代涼花広瀬ゆうき 如月澪前川涼子 皇恭治石谷春貴 山本豊小野寺悠貴 鮫岾新祐樹 シドニー渡谷美帆 放送 7月8日よりフジテレビ Ultra ほかにて毎週水曜2445放送開始 フジテレビ 毎週水曜2445放送中 関西テレビ 7月9日より毎週木曜2615 初回放送は2619となります アニマックス 7月11日より毎週土曜2200 東海テレビ 7月11日より毎週土曜2545 BSフジ 7月12日より毎週日曜2530 北海道文化放送 7月16日より毎週木曜2455 テレビ西日本 7月16日より毎週木曜2615 福島テレビ 毎週水曜2445放送中 放送日時は予告なく変更となる場合があります 配信 Netflixにて7月8日世界独占配信 サンダー 原作情報 既刊8巻 発売中9巻7月16日最終10巻8月17日発売決定 講談社 月刊少年マガジン7月号 にて最終話掲載中 原作池田祐輝 サンダー を今すぐ読む httpsgmagacocthunder3html 公式ホームページhttpsthunder3- com 公式X旧Twitterhttpsxcomthunder3pyon 公式TikTokhttpswwwtiktokcomthunder3pyon 池田祐輝講談社 サンダー 製作委員会,サンダー ノンクレジットOP 優里 サンダーボルト サンダー 毎週水曜放送中 優里さんのオープニング サンダーボルト を使用したオープニング映像のノンクレジット版を公開 優里 サンダーボルト 楽曲情報 サンダー3 7月10日金デジタルリリース Apple MusicSpotifyなど各配信サイトにて配信中 配信URLhttpsYUURIlnktoThunderbolt イントロダクション この世界 ならぼくたちは最強だ 幼い妹ふたばに懐かれている冴えない中学生ぴょんたろうは 同級生のつばめひろしと共にスモールと呼ばれていた ある日担任教師のドクから借りたディスクを再生すると 画面にはリアルなもう一つの世界が 目を離した隙に迷い込んだふたばを追って スモールはマルチバースに足を踏み入れる SNSでバズりまくった驚愕のマンガ全世界に衝撃の落雷 原作 池田祐輝講談社 月刊少年マガジン 所載 スタッフ 総監督瀬下寛之 監督井手恵介 副監督菅井進リュウナリ シリーズ構成 脚本瀬古浩司 キャラクターデザイン原案恩田尚之 アニメーションキャラクターデザイン山中純子もりやまゆうき アニメーションディレクターこうじ プロダクションデザイン田中直哉フェルディナンドパトゥリ 造形監督 光画監督片塰満則 メカデザイン帆足タケヒコ 美術監督亀井勇介中村圭吾 音響監督山口貴之 音楽フレデリックシャトー立山秋航 優里 サンダーボルト httpsyoutubecomYUURIOFFICIAL 音羽-otoha- しゅるれりら httpswwwyoutubecomUCKY2bA32pWSarPK54mSbHZw 企画プロデューススロウカーブ アニメーション制作UNEND キャスト 手塚ぴょんたろう鈴代紗弓 吾妻つばめ川井田夏海 お茶の水ひろし秋山絵理 手塚ふたば蜜蜂ほのか ドク坂田将吾 瀬上貞一坂泰斗 田代涼花広瀬ゆうき 如月澪前川涼子 皇恭治石谷春貴 山本豊小野寺悠貴 鮫岾新祐樹 シドニー渡谷美帆 放送 7月8日よりフジテレビ Ultra ほかにて毎週水曜2445放送開始 フジテレビ 毎週水曜2445放送中 関西テレビ 7月9日より毎週木曜2615 初回放送は2619となります アニマックス 7月11日より毎週土曜2200 東海テレビ 7月11日より毎週土曜2545 BSフジ 7月12日より毎週日曜2530 北海道文化放送 7月16日より毎週木曜2455 テレビ西日本 7月16日より毎週木曜2615 福島テレビ 毎週水曜2445放送中 放送日時は予告なく変更となる場合があります 配信 Netflixにて7月8日世界独占配信 サンダー 原作情報 既刊8巻 発売中9巻7月16日最終10巻8月17日発売決定 講談社 月刊少年マガジン7月号 にて最終話掲載中 原作池田祐輝 サンダー を今すぐ読む httpsgmagacocthunder3html 公式ホームページhttpsthunder3- com 公式X旧Twitterhttpsxcomthunder3pyon 公式TikTokhttpswwwtiktokcomthunder3pyon 池田祐輝講談社 サンダー 製作委員会,99,未分類,op,OP,0,https://yt3.ggpht.com/OtdmaUHVosd0110GDmnaoRj4v5wWCbVALNh-5_iXpSSjAZ3fxYxQlF3qmWz-zYpqMyaM5dTbXg=s800-c-k-c0x00ffffff-no-rj,383000
ZkFgIRoGoP4,TVアニメ「バンドリ！ ゆめ∞みた」ノンクレジットエンディング映像第2弾,"「BanG Dream!」プロジェクトのTVアニメ新シリーズ
TVアニメ「バンドリ！ ゆめ∞みた」のノンクレジットエンディング映像第2弾を公開！📢

エンディングテーマ
「うちゅうのふしぎ」
作詞 sabio
作曲 sabio
編曲 sabio
歌 夢限大みゅーたいぷ

🛸🛸🛸🛸🛸🛸🛸🛸🛸🛸🛸🛸🛸

毎週木曜23:00~ TOKYO MXほかにて放送中
ABEMA/Prime Video/dアニメストア/Hulu/U-NEXTほかにて地上波同時配信

TVアニメ「バンドリ！ ゆめ∞みた」公式HP：https://anime.bang-dream.com/yumemita
夢限大みゅーたいぷ公式HP：https://bang-dream.com/yumemita
夢限大みゅーたいぷ公式X：https://x.com/BDP_yumemita
夢限大みゅーたいぷ公式YouTubeチャンネル：https://www.youtube.com/@BDP_yumemita

🛸🛸🛸🛸🛸🛸🛸🛸🛸🛸🛸🛸🛸

#バンドリ #ゆめみた #アニメゆめみた",2026-07-23T14:30:03Z,バンドリちゃんねる☆,UCN-bFIdJM0gQlgX7h6LKcZA,50900,https://i.ytimg.com/vi/ZkFgIRoGoP4/hqdefault.jpg,バンドリ ゆめみた ノンクレジットエンディング映像第2弾 BanG Dream プロジェクトのTVアニメ新シリーズ バンドリ ゆめみた のノンクレジットエンディング映像第2弾を公開 エンディングテーマ うちゅうのふしぎ 作詞 sabio 作曲 sabio 編曲 sabio 歌 夢限大みゅーたいぷ 毎週木曜2300 TOKYO MXほかにて放送中 ABEMAPrime VideodアニメストアHuluU-NEXTほかにて地上波同時配信 バンドリ ゆめみた 公式HPhttps bang-dreamcomyumemita 夢限大みゅーたいぷ公式HPhttpsbang-dreamcomyumemita 夢限大みゅーたいぷ公式XhttpsxcomBDPyumemita 夢限大みゅーたいぷ公式YouTubeチャンネルhttpswwwyoutubecomBDPyumemita バンドリ ゆめみた アニメゆめみた,バンドリ ゆめみた ノンクレジットエンディング映像第2弾 BanG Dream プロジェクトのTVアニメ新シリーズ バンドリ ゆめみた のノンクレジットエンディング映像第2弾を公開 エンディングテーマ うちゅうのふしぎ 作詞 sabio 作曲 sabio 編曲 sabio 歌 夢限大みゅーたいぷ 毎週木曜2300 TOKYO MXほかにて放送中 ABEMAPrime VideodアニメストアHuluU-NEXTほかにて地上波同時配信 バンドリ ゆめみた 公式HPhttps bang-dreamcomyumemita 夢限大みゅーたいぷ公式HPhttpsbang-dreamcomyumemita 夢限大みゅーたいぷ公式XhttpsxcomBDPyumemita 夢限大みゅーたいぷ公式YouTubeチャンネルhttpswwwyoutubecomBDPyumemita バンドリ ゆめみた アニメゆめみた,バンドリ ゆめみた ノンクレジットエンディング映像第2弾 BanG Dream プロジェクトのTVアニメ新シリーズ バンドリ ゆめみた のノンクレジットエンディング映像第2弾を公開 エンディングテーマ うちゅうのふしぎ 作詞 sabio 作曲 sabio 編曲 sabio 歌 夢限大みゅーたいぷ 毎週木曜2300 TOKYO MXほかにて放送中 ABEMAPrime VideodアニメストアHuluU-NEXTほかにて地上波同時配信 バンドリ ゆめみた 公式HPhttps bang-dreamcomyumemita 夢限大みゅーたいぷ公式HPhttpsbang-dreamcomyumemita 夢限大みゅーたいぷ公式XhttpsxcomBDPyumemita 夢限大みゅーたいぷ公式YouTubeチャンネルhttpswwwyoutubecomBDPyumemita バンドリ ゆめみた アニメゆめみた,99,未分類,ed,ED,1,https://yt3.ggpht.com/8-ZDsgf-6XXttZNvUfnfnU34iSNJv84_nQK-p76MPaALDN8vx2sfVVeir2UgtI1sxoRxMs83wQk=s800-c-k-c0x00ffffff-no-rj,891000
JvIeQsFHkMM,アニメ『本好きの下剋上 領主の養女』第2クールEDノンクレジット映像「Wanna me」adieu/毎週土曜夕方5時半～放送中！,"TVアニメ『本好きの下剋上　領主の養女』
読売テレビ・日本テレビ系全国ネット
毎週土曜夕方5時30分～放送中！（※一部地域を除く）

TOKYO MX：毎週月曜よる9時25分～
AT-X：毎週火曜よる9時～

第2クールエンディングテーマ：「Wanna me」adieu（Sony Music Labels Inc.）

【INTRODUCTION】
「本がなければ作ればいい！」
ひとりの少女の情熱が世界を動かす――

魔力を持つ貴族が支配する＜エーレンフェスト＞
書物なき世界で本作りに奮闘するマインだったが、
その身に秘めた強大な魔力が陰謀を招く。

下町の家族や仲間を守るため、彼女は領主の養女・ローゼマインとして生きる道を選ぶ。
大切な家族と別れ、自分の名前さえ捨てて――

常識の通じない貴族社会で、本への情熱と家族への想いを胸に、
ローゼマインの闘いが始まる！

【CAST】
ローゼマイン：井口裕香
フェルディナンド：速水 奨

【STAFF】
原作：香月美夜『本好きの下剋上～司書になるためには手段を選んでいられません～』（TOブックス刊）
原作イラスト：椎名 優
漫画：波野 涼

監督：岩崎良明
シリーズ構成：國澤真理子
キャラクターデザイン：簑輪愛子
色彩設計：近藤牧穂
美術設定：田村せいき 日高綾美 田峰育子 呂逸飛
美術監督：田村せいき
撮影監督：小池真由子
編集：増永純一
音響監督：渡辺 淳
音響効果：倉橋裕宗
アニメーションプロデューサー：吉信慶太
音楽：未知瑠
アニメーション制作：WIT STUDIO

【公式サイト・SNS】
公式サイト：https://booklove-anime.jp/
公式X：https://x.com/anime_booklove

© 香月美夜・TOブックス／本好きの下剋上製作委員会２０２６
#本好きの下剋上　#WITSTUDIO　#adieu　#上白石萌歌",2026-07-11T09:00:31Z,【ytv animation】読売テレビ アニメ公式,UCi3c8HJxjiidVUYn4L4zQJw,49826,https://i.ytimg.com/vi/JvIeQsFHkMM/hqdefault.jpg,本好きの下剋上 領主の養女 EDノンクレジット映像 Wanna me adieu毎週土曜夕方5時半放送中 本好きの下剋上 領主の養女 読売テレビ日本テレビ系全国ネット 毎週土曜夕方5時30分放送中一部地域を除く TOKYO MX毎週月曜よる9時25分 AT-X毎週火曜よる9時 エンディングテーマ Wanna me adieuSony Music Labels Inc INTRODUCTION 本がなければ作ればいい ひとりの少女の情熱が世界を動かす 魔力を持つ貴族が支配するエーレンフェスト 書物なき世界で本作りに奮闘するマインだったが その身に秘めた強大な魔力が陰謀を招く 下町の家族や仲間を守るため彼女は領主の養女ローゼマインとして生きる道を選ぶ 大切な家族と別れ自分の名前さえ捨てて 常識の通じない貴族社会で本への情熱と家族への想いを胸に ローゼマインの闘いが始まる CAST ローゼマイン井口裕香 フェルディナンド速水 奨 STAFF 原作香月美夜 本好きの下剋上司書になるためには手段を選んでいられません TOブックス刊 原作イラスト椎名 優 漫画波野 涼 監督岩崎良明 シリーズ構成國澤真理子 キャラクターデザイン簑輪愛子 色彩設計近藤牧穂 美術設定田村せいき 日高綾美 田峰育子 呂逸飛 美術監督田村せいき 撮影監督小池真由子 編集増永純一 音響監督渡辺 淳 音響効果倉橋裕宗 アニメーションプロデューサー吉信慶太 音楽未知瑠 アニメーション制作WIT STUDIO 公式サイトSNS 公式サイトhttpsbooklove- jp 公式Xhttpsxcomanimebooklove 香月美夜TOブックス 本好きの下剋上製作委員会 本好きの下剋上 WITSTUDIO adieu 上白石萌歌,本好きの下剋上 領主の養女 EDノンクレジット映像 Wanna me adieu毎週土曜夕方5時半放送中 本好きの下剋上 領主の養女 読売テレビ日本テレビ系全国ネット 毎週土曜夕方5時30分放送中一部地域を除く TOKYO MX毎週月曜よる9時25分 AT-X毎週火曜よる9時 エンディングテーマ Wanna me adieuSony Music Labels Inc INTRODUCTION 本がなければ作ればいい ひとりの少女の情熱が世界を動かす 魔力を持つ貴族が支配するエーレンフェスト 書物なき世界で本作りに奮闘するマインだったが その身に秘めた強大な魔力が陰謀を招く 下町の家族や仲間を守るため彼女は領主の養女ローゼマインとして生きる道を選ぶ 大切な家族と別れ自分の名前さえ捨てて 常識の通じない貴族社会で本への情熱と家族への想いを胸に ローゼマインの闘いが始まる CAST ローゼマイン井口裕香 フェルディナンド速水 奨 STAFF 原作香月美夜 本好きの下剋上司書になるためには手段を選んでいられません TOブックス刊 原作イラスト椎名 優 漫画波野 涼 監督岩崎良明 シリーズ構成國澤真理子 キャラクターデザイン簑輪愛子 色彩設計近藤牧穂 美術設定田村せいき 日高綾美 田峰育子 呂逸飛 美術監督田村せいき 撮影監督小池真由子 編集増永純一 音響監督渡辺 淳 音響効果倉橋裕宗 アニメーションプロデューサー吉信慶太 音楽未知瑠 アニメーション制作WIT STUDIO 公式サイトSNS 公式サイトhttpsbooklove- jp 公式Xhttpsxcomanimebooklove 香月美夜TOブックス 本好きの下剋上製作委員会 本好きの下剋上 WITSTUDIO adieu 上白石萌歌,本好きの下剋上 領主の養女 EDノンクレジット映像 Wanna me adieu毎週土曜夕方5時半放送中 本好きの下剋上 領主の養女 読売テレビ日本テレビ系全国ネット 毎週土曜夕方5時30分放送中一部地域を除く TOKYO MX毎週月曜よる9時25分 AT-X毎週火曜よる9時 エンディングテーマ Wanna me adieuSony Music Labels Inc INTRODUCTION 本がなければ作ればいい ひとりの少女の情熱が世界を動かす 魔力を持つ貴族が支配するエーレンフェスト 書物なき世界で本作りに奮闘するマインだったが その身に秘めた強大な魔力が陰謀を招く 下町の家族や仲間を守るため彼女は領主の養女ローゼマインとして生きる道を選ぶ 大切な家族と別れ自分の名前さえ捨てて 常識の通じない貴族社会で本への情熱と家族への想いを胸に ローゼマインの闘いが始まる CAST ローゼマイン井口裕香 フェルディナンド速水 奨 STAFF 原作香月美夜 本好きの下剋上司書になるためには手段を選んでいられません TOブックス刊 原作イラスト椎名 優 漫画波野 涼 監督岩崎良明 シリーズ構成國澤真理子 キャラクターデザイン簑輪愛子 色彩設計近藤牧穂 美術設定田村せいき 日高綾美 田峰育子 呂逸飛 美術監督田村せいき 撮影監督小池真由子 編集増永純一 音響監督渡辺 淳 音響効果倉橋裕宗 アニメーションプロデューサー吉信慶太 音楽未知瑠 アニメーション制作WIT STUDIO 公式サイトSNS 公式サイトhttpsbooklove- jp 公式Xhttpsxcomanimebooklove 香月美夜TOブックス 本好きの下剋上製作委員会 本好きの下剋上 WITSTUDIO adieu 上白石萌歌,2,第2クール,ed,ED,1,https://yt3.ggpht.com/m5P1xSOZJDVh04WITtI7QISEpEgR5gwO0lwL5M10ygjPs4sq-nBD0mu1yiXZcsr_1Sarbua-=s800-c-k-c0x00ffffff-no-rj,61400
pNbOW-n26XA,i-dle 「Invincible」 最新ノンクレジット映像 | アニメ『BEYBLADE X 真・未来編』 オープニングテーマ,"i-dle 「Invincible」 最新ノンクレジット映像 | アニメ『BEYBLADE X 真・未来編』 オープニングテーマ

7/17(金)配信の第130話「フォースステージだゆ～」より、こちらのOP映像に切り替わっているぞ！
アニメ『BEYBLADE X 真・未来編』最新話は、ベイチューブにて、毎月第1・第3金曜に配信中！

■配信/販売情報
JAPAN 1st EP『i-dle』
1. どうしよっかな
2. Invincible
3. 愛せなかった世界へ永遠にじゃあね
4. 傷つくのは嫌いだから ※Fate (Japanese ver.)
5. Queencard (Japanese ver.)
配信リンク：https://i-dlejp.lnk.to/idlejpep
CD購入リンク：https://i-dlejp.lnk.to/1stEP_i-dle

エンディングテーマ「Youth」Song by aoen ノンクレジット映像も公開中！
https://youtu.be/nrvbC5NDuDQ

◇テレビ放送情報
『BEYBLADE X 真・未来編』、テレビ初放送！テレ東系列にて、毎週金曜 夕方6時25分から放送中！

最新ゲーム「ベイブレードエックス エボバトル」好評発売中！
▼詳しくはこちら
https://www.cs.furyu.jp/beyblade2025/

『メタルファイト ベイブレード 爆』最新グッズ、eeo Storeにて好評発売中！
▼詳しくはこちら
https://eeo.today/store/101/title/3829

『BEYBLADE X』LINEスタンプ配信中！
▼購入はこちら
https://line.me/S/sticker/26217506

アニメ公式HPはこちら
https://beyblade.takaratomy.co.jp/anime

公式 Xはこちら
https://twitter.com/beyblade_info

BEYBLADE/ベイブレード【公式】TikTokはこちら
https://www.tiktok.com/@beyblade_japan_official

BEYBLADE X 好評発売中！公式HPはこちら
https://beyblade.takaratomy.co.jp/beyblade-x/

ベイブレード開発チーム Xはこちら
https://twitter.com/tbh_pr

ベイブレードポータルサイトはこちら　
https://beyblade.takaratomy.co.jp/

『BEYBLADE X 真・未来編』
©Homura Kawamoto, Hikaru Muno, Posuka Demizu, BBXProject

 @official_i_dle    #idle #Invincible #BEYBLADEX #ベイブレードX #ベイX",2026-07-24T10:00:25Z,ベイチューブ | BEYBLADE Channel,UCuG_D_8QZmHTfbJfsz8-J_A,47239,https://i.ytimg.com/vi/pNbOW-n26XA/hqdefault.jpg,i-dle Invincible 最新ノンクレジット映像 BEYBLADE X 真未来編 オープニングテーマ i-dle Invincible 最新ノンクレジット映像 BEYBLADE X 真未来編 オープニングテーマ 717 配信の第130話 フォースステージだゆ よりこちらのOP映像に切り替わっているぞ BEYBLADE X 真未来編 最新話はベイチューブにて毎月第1第3金曜に配信中 配信販売情報 JAPAN 1st EP i-dle 1 どうしよっかな 2 Invincible 3 愛せなかった世界へ永遠にじゃあね 4 傷つくのは嫌いだから Fate 5 Queencard 配信リンクhttpsi-dlejplnktoidlejpep CD購入リンクhttpsi-dlejplnkto1stEPi-dle エンディングテーマ Youth Song by aoen ノンクレジット映像も公開中 httpsyoutubenrvbC5NDuDQ テレビ放送情報 BEYBLADE X 真未来編 テレビ初放送テレ東系列にて毎週金曜 夕方6時25分から放送中 最新ゲーム ベイブレードエックス エボバトル 好評発売中 詳しくはこちら httpswwwcsfuryujpbeyblade2025 メタルファイト ベイブレード 爆 最新グッズeeo Storeにて好評発売中 詳しくはこちら httpseeotodaystore101title3829 BEYBLADE X LINEスタンプ配信中 購入はこちら httpslinemeSsticker26217506 アニメ公式HPはこちら httpsbeybladetakaratomycojp 公式 Xはこちら httpstwittercombeybladeinfo BEYBLADEベイブレード 公式 TikTokはこちら httpswwwtiktokcombeybladejapanofficial BEYBLADE X 好評発売中公式HPはこちら httpsbeybladetakaratomycojpbeyblade-x ベイブレード開発チーム Xはこちら httpstwittercomtbhpr ベイブレードポータルサイトはこちら httpsbeybladetakaratomycojp BEYBLADE X 真未来編 Homura Kawamoto Hikaru Muno Posuka Demizu BBXProject officialidle idle Invincible BEYBLADEX ベイブレードX ベイX,i-dle Invincible 最新ノンクレジット映像 BEYBLADE X 真未来編 オープニングテーマ i-dle Invincible 最新ノンクレジット映像 BEYBLADE X 真未来編 オープニングテーマ 717 配信の第130話 フォースステージだゆ よりこちらのOP映像に切り替わっているぞ BEYBLADE X 真未来編 最新話はベイチューブにて毎月第1第3金曜に配信中 配信販売情報 JAPAN 1st EP i-dle 1 どうしよっかな 2 Invincible 3 愛せなかった世界へ永遠にじゃあね 4 傷つくのは嫌いだから Fate 5 Queencard 配信リンクhttpsi-dlejplnktoidlejpep CD購入リンクhttpsi-dlejplnkto1stEPi-dle エンディングテーマ Youth Song by aoen ノンクレジット映像も公開中 httpsyoutubenrvbC5NDuDQ テレビ放送情報 BEYBLADE X 真未来編 テレビ初放送テレ東系列にて毎週金曜 夕方6時25分から放送中 最新ゲーム ベイブレードエックス エボバトル 好評発売中 詳しくはこちら httpswwwcsfuryujpbeyblade2025 メタルファイト ベイブレード 爆 最新グッズeeo Storeにて好評発売中 詳しくはこちら httpseeotodaystore101title3829 BEYBLADE X LINEスタンプ配信中 購入はこちら httpslinemeSsticker26217506 アニメ公式HPはこちら httpsbeybladetakaratomycojp 公式 Xはこちら httpstwittercombeybladeinfo BEYBLADEベイブレード 公式 TikTokはこちら httpswwwtiktokcombeybladejapanofficial BEYBLADE X 好評発売中公式HPはこちら httpsbeybladetakaratomycojpbeyblade-x ベイブレード開発チーム Xはこちら httpstwittercomtbhpr ベイブレードポータルサイトはこちら httpsbeybladetakaratomycojp BEYBLADE X 真未来編 Homura Kawamoto Hikaru Muno Posuka Demizu BBXProject officialidle idle Invincible BEYBLADEX ベイブレードX ベイX,i-dle Invincible 最新ノンクレジット映像 BEYBLADE X 真未来編 オープニングテーマ i-dle Invincible 最新ノンクレジット映像 BEYBLADE X 真未来編 オープニングテーマ 717 配信の第130話 フォースステージだゆ よりこちらのOP映像に切り替わっているぞ BEYBLADE X 真未来編 最新話はベイチューブにて毎月第1第3金曜に配信中 配信販売情報 JAPAN 1st EP i-dle 1 どうしよっかな 2 Invincible 3 愛せなかった世界へ永遠にじゃあね 4 傷つくのは嫌いだから Fate 5 Queencard 配信リンクhttpsi-dlejplnktoidlejpep CD購入リンクhttpsi-dlejplnkto1stEPi-dle エンディングテーマ Youth Song by aoen ノンクレジット映像も公開中 httpsyoutubenrvbC5NDuDQ テレビ放送情報 BEYBLADE X 真未来編 テレビ初放送テレ東系列にて毎週金曜 夕方6時25分から放送中 最新ゲーム ベイブレードエックス エボバトル 好評発売中 詳しくはこちら httpswwwcsfuryujpbeyblade2025 メタルファイト ベイブレード 爆 最新グッズeeo Storeにて好評発売中 詳しくはこちら httpseeotodaystore101title3829 BEYBLADE X LINEスタンプ配信中 購入はこちら httpslinemeSsticker26217506 アニメ公式HPはこちら httpsbeybladetakaratomycojp 公式 Xはこちら httpstwittercombeybladeinfo BEYBLADEベイブレード 公式 TikTokはこちら httpswwwtiktokcombeybladejapanofficial BEYBLADE X 好評発売中公式HPはこちら httpsbeybladetakaratomycojpbeyblade-x ベイブレード開発チーム Xはこちら httpstwittercomtbhpr ベイブレードポータルサイトはこちら httpsbeybladetakaratomycojp BEYBLADE X 真未来編 Homura Kawamoto Hikaru Muno Posuka Demizu BBXProject officialidle idle Invincible BEYBLADEX ベイブレードX ベイX,99,未分類,op,OP,0,https://yt3.ggpht.com/wQ6Ik-R5uXeCF8txg-9G7VCl5XBjWURUn4BDMe1CIaj-nWZPFJROZSaz_EpAj04lX26NcrTtEcM=s800-c-k-c0x00ffffff-no-rj,203000
Tbyi0Tx1QLA,「クレバテスⅡ-魔獣の王と偽りの勇者伝承-」ノンクレジットエンディング映像「Awake Anew」｜ClevatessⅡ,"「クレバテスⅡ-魔獣の王と偽りの勇者伝承-」
ノンクレジットエンディング映像　「Awake Anew」MYTH & ROID
Download・Streaming▶︎https://nex-tone.link/GPsD8PYbf

2026年7月8日（水）より
TOKYO MX、サンテレビ、KBS京都、ＢＳ日テレ ほか
全27局にて放送＆配信中！

＜スタッフ＞
原作：岩原裕二（「LINEマンガ」連載）
監督：田口清隆
シリーズ構成：小柳啓伍
キャラクターデザイン・総作画監督：佐古宗一郎
サブキャラクターデザイン・総作画監督：近藤奈都子
アニメーションディレクター：塚田拓郎
動画検査チーフ：余島郁枝
美術監督：森川篤
色彩設計：岩沢れい子
撮影監督：浅川茂輝
CGディレクター：辻直希
編集：定松剛 
音楽：信澤宣明
音響監督：田口清隆
音響効果：古谷友二
録音調整：佐竹徹也
アニメーションプロデューサー：栗山政一郎
アニメーション制作：Lay-duce

＜エンディングアニメーション＞
絵コンテ/演出：小野亮汰　Ryota Ono
作画監督：近藤奈都子　　 Natsuko Kondo
原画：
中島駿　　　 Shun Nakajima
満若たかよ     Takayo Mitsuwaka
小谷杏子         Kyoko Kotani
関暁子 　　    Akiko Seki
さとう沙名栄 Sanae Sato
西谷衆平         Shuhei Nishitani
山本里織         Saori Yamamoto
Nelson Morin Nelson Morin
こんど             kondo
中山岳洋         Takehiro Nakayama

第二原画：
荒川奈津　Natsu Arakawa
野村優貴　Yuki Nomura
  
株式会社AXsiZ  AXsiZ
佐藤晴春　        Haru Satou

動画検査：余島郁枝　Ikue Yoshima
  
動画：
Lay-duce 作画ルーム　     Lay-duce 2DAnimation team
余島郁枝　                          Ikue Yoshima

スタジオグラム　              studio gram
チップチューン　              CHIPTUNE,INC
株式会社AXsiZ                   AXsiZ
FAIインターナショナル　F.A.I.international

色指定検査：西田みのり Minori Nishita
  
仕上げ：
スタジオエル　                 Studio L
FAIインターナショナル　F.A.I.international
スタジオグラム　              studio gram
 
背景：
森川篤 Atushi Morikawa
東大地 Daichi Azuma
  
撮影：
レアトリック　Raretrick
菅生侑美　　　Yumi Sugo
浅川茂輝　　　Shigeki Asakawa

ラインテスト：
株式会社流星      RYUSEI
アスラフィルム  asurafilm
  
制作担当：
栗山政一郎  Seiichiro Kuriyama
矢口咲季      Saki Yaguchi

＜キャスト＞
アリシア：白石晴香　
クレン：田村睦心
クレバテス：中村悠一
ヴォーデイン：黒田崇矢
ザフティエ：潘めぐみ
ラスウェル：杉田智和
ルナ：会沢紗弥
ナイエ：黒沢ともよ
ロッド：関智一
レイ：梅田修一朗
メリーメリー：菊池ゆりな
アンドリュー：橘 龍丸
ティゲル：鈴木崚汰
リオン：峯田大夢
サラサ：久野美咲
エディソン：西山宏太朗
ミレア：関根明良
ローメイン：佐野史郎

アニメ公式サイト　https://clevatess.com　　　
アニメ公式X　＠clevatess_anime

原作サイト（LINEマンガ連載・電子）
https://manga.line.me/product/periodic?id=Z0000841",2026-07-15T14:00:17Z,KADOKAWAanime,UCY5fcqgSrQItPAX_Z5Frmwg,40274,https://i.ytimg.com/vi/Tbyi0Tx1QLA/hqdefault.jpg,クレバテス-魔獣の王と偽りの勇者伝承- ノンクレジットエンディング映像 Awake Anew Clevatess クレバテス-魔獣の王と偽りの勇者伝承- ノンクレジットエンディング映像 Awake Anew MYTH ROID DownloadStreaminghttpsnex-tonelinkGPsD8PYbf 2026年7月8日水より TOKYO MXサンテレビKBS京都日テレ ほか 全27局にて放送配信中 スタッフ 原作岩原裕二 LINEマンガ 連載 監督田口清隆 シリーズ構成小柳啓伍 キャラクターデザイン総作画監督佐古宗一郎 サブキャラクターデザイン総作画監督近藤奈都子 アニメーションディレクター塚田拓郎 動画検査チーフ余島郁枝 美術監督森川篤 色彩設計岩沢れい子 撮影監督浅川茂輝 CGディレクター辻直希 編集定松剛 音楽信澤宣明 音響監督田口清隆 音響効果古谷友二 録音調整佐竹徹也 アニメーションプロデューサー栗山政一郎 アニメーション制作Lay-duce エンディングアニメーション 絵コンテ演出小野亮汰 Ryota Ono 作画監督近藤奈都子 Natsuko Kondo 原画 中島駿 Shun Nakajima 満若たかよ Takayo Mitsuwaka 小谷杏子 Kyoko Kotani 関暁子 Akiko Seki さとう沙名栄 Sanae Sato 西谷衆平 Shuhei Nishitani 山本里織 Saori Yamamoto Nelson Morin Nelson Morin こんど kondo 中山岳洋 Takehiro Nakayama 第二原画 荒川奈津 Natsu Arakawa 野村優貴 Yuki Nomura 株式会社AXsiZ AXsiZ 佐藤晴春 Haru Satou 動画検査余島郁枝 Ikue Yoshima 動画 Lay-duce 作画ルーム Lay-duce 2DAnimation team 余島郁枝 Ikue Yoshima スタジオグラム studio gram チップチューン CHIPTUNEINC 株式会社AXsiZ AXsiZ FAIインターナショナル FAIinternational 色指定検査西田みのり Minori Nishita 仕上げ スタジオエル Studio L FAIインターナショナル FAIinternational スタジオグラム studio gram 背景 森川篤 Atushi Morikawa 東大地 Daichi Azuma 撮影 レアトリック Raretrick 菅生侑美 Yumi Sugo 浅川茂輝 Shigeki Asakawa ラインテスト 株式会社流星 RYUSEI アスラフィルム asurafilm 制作担当 栗山政一郎 Seiichiro Kuriyama 矢口咲季 Saki Yaguchi キャスト アリシア白石晴香 クレン田村睦心 クレバテス中村悠一 ォーデイン黒田崇矢 ザフティエ潘めぐみ ラスウェル杉田智和 ルナ会沢紗弥 ナイエ黒沢ともよ ロッド関智一 レイ梅田修一朗 メリーメリー菊池ゆりな アンドリュー橘 龍丸 ティゲル鈴木崚汰 リオン峯田大夢 サラサ久野美咲 エディソン西山宏太朗 ミレア関根明良 ローメイン佐野史郎 アニメ公式サイト httpsclevatesscom アニメ公式X clevatessanime 原作サイトLINEマンガ連載電子 httpsmangalinemeproductperiodicidZ0000841,クレバテス-魔獣の王と偽りの勇者伝承- ノンクレジットエンディング映像 Awake Anew Clevatess クレバテス-魔獣の王と偽りの勇者伝承- ノンクレジットエンディング映像 Awake Anew MYTH ROID DownloadStreaminghttpsnex-tonelinkGPsD8PYbf 2026年7月8日水より TOKYO MXサンテレビKBS京都日テレ ほか 全27局にて放送配信中 スタッフ 原作岩原裕二 LINEマンガ 連載 監督田口清隆 シリーズ構成小柳啓伍 キャラクターデザイン総作画監督佐古宗一郎 サブキャラクターデザイン総作画監督近藤奈都子 アニメーションディレクター塚田拓郎 動画検査チーフ余島郁枝 美術監督森川篤 色彩設計岩沢れい子 撮影監督浅川茂輝 CGディレクター辻直希 編集定松剛 音楽信澤宣明 音響監督田口清隆 音響効果古谷友二 録音調整佐竹徹也 アニメーションプロデューサー栗山政一郎 アニメーション制作Lay-duce エンディングアニメーション 絵コンテ演出小野亮汰 Ryota Ono 作画監督近藤奈都子 Natsuko Kondo 原画 中島駿 Shun Nakajima 満若たかよ Takayo Mitsuwaka 小谷杏子 Kyoko Kotani 関暁子 Akiko Seki さとう沙名栄 Sanae Sato 西谷衆平 Shuhei Nishitani 山本里織 Saori Yamamoto Nelson Morin Nelson Morin こんど kondo 中山岳洋 Takehiro Nakayama 第二原画 荒川奈津 Natsu Arakawa 野村優貴 Yuki Nomura 株式会社AXsiZ AXsiZ 佐藤晴春 Haru Satou 動画検査余島郁枝 Ikue Yoshima 動画 Lay-duce 作画ルーム Lay-duce 2DAnimation team 余島郁枝 Ikue Yoshima スタジオグラム studio gram チップチューン CHIPTUNEINC 株式会社AXsiZ AXsiZ FAIインターナショナル FAIinternational 色指定検査西田みのり Minori Nishita 仕上げ スタジオエル Studio L FAIインターナショナル FAIinternational スタジオグラム studio gram 背景 森川篤 Atushi Morikawa 東大地 Daichi Azuma 撮影 レアトリック Raretrick 菅生侑美 Yumi Sugo 浅川茂輝 Shigeki Asakawa ラインテスト 株式会社流星 RYUSEI アスラフィルム asurafilm 制作担当 栗山政一郎 Seiichiro Kuriyama 矢口咲季 Saki Yaguchi キャスト アリシア白石晴香 クレン田村睦心 クレバテス中村悠一 ォーデイン黒田崇矢 ザフティエ潘めぐみ ラスウェル杉田智和 ルナ会沢紗弥 ナイエ黒沢ともよ ロッド関智一 レイ梅田修一朗 メリーメリー菊池ゆりな アンドリュー橘 龍丸 ティゲル鈴木崚汰 リオン峯田大夢 サラサ久野美咲 エディソン西山宏太朗 ミレア関根明良 ローメイン佐野史郎 アニメ公式サイト httpsclevatesscom アニメ公式X clevatessanime 原作サイトLINEマンガ連載電子 httpsmangalinemeproductperiodicidZ0000841,クレバテス-魔獣の王と偽りの勇者伝承- ノンクレジットエンディング映像 Awake Anew Clevatess クレバテス-魔獣の王と偽りの勇者伝承- ノンクレジットエンディング映像 Awake Anew MYTH ROID DownloadStreaminghttpsnex-tonelinkGPsD8PYbf 2026年7月8日水より TOKYO MXサンテレビKBS京都日テレ ほか 全27局にて放送配信中 スタッフ 原作岩原裕二 LINEマンガ 連載 監督田口清隆 シリーズ構成小柳啓伍 キャラクターデザイン総作画監督佐古宗一郎 サブキャラクターデザイン総作画監督近藤奈都子 アニメーションディレクター塚田拓郎 動画検査チーフ余島郁枝 美術監督森川篤 色彩設計岩沢れい子 撮影監督浅川茂輝 CGディレクター辻直希 編集定松剛 音楽信澤宣明 音響監督田口清隆 音響効果古谷友二 録音調整佐竹徹也 アニメーションプロデューサー栗山政一郎 アニメーション制作Lay-duce エンディングアニメーション 絵コンテ演出小野亮汰 Ryota Ono 作画監督近藤奈都子 Natsuko Kondo 原画 中島駿 Shun Nakajima 満若たかよ Takayo Mitsuwaka 小谷杏子 Kyoko Kotani 関暁子 Akiko Seki さとう沙名栄 Sanae Sato 西谷衆平 Shuhei Nishitani 山本里織 Saori Yamamoto Nelson Morin Nelson Morin こんど kondo 中山岳洋 Takehiro Nakayama 第二原画 荒川奈津 Natsu Arakawa 野村優貴 Yuki Nomura 株式会社AXsiZ AXsiZ 佐藤晴春 Haru Satou 動画検査余島郁枝 Ikue Yoshima 動画 Lay-duce 作画ルーム Lay-duce 2DAnimation team 余島郁枝 Ikue Yoshima スタジオグラム studio gram チップチューン CHIPTUNEINC 株式会社AXsiZ AXsiZ FAIインターナショナル FAIinternational 色指定検査西田みのり Minori Nishita 仕上げ スタジオエル Studio L FAIインターナショナル FAIinternational スタジオグラム studio gram 背景 森川篤 Atushi Morikawa 東大地 Daichi Azuma 撮影 レアトリック Raretrick 菅生侑美 Yumi Sugo 浅川茂輝 Shigeki Asakawa ラインテスト 株式会社流星 RYUSEI アスラフィルム asurafilm 制作担当 栗山政一郎 Seiichiro Kuriyama 矢口咲季 Saki Yaguchi キャスト アリシア白石晴香 クレン田村睦心 クレバテス中村悠一 ォーデイン黒田崇矢 ザフティエ潘めぐみ ラスウェル杉田智和 ルナ会沢紗弥 ナイエ黒沢ともよ ロッド関智一 レイ梅田修一朗 メリーメリー菊池ゆりな アンドリュー橘 龍丸 ティゲル鈴木崚汰 リオン峯田大夢 サラサ久野美咲 エディソン西山宏太朗 ミレア関根明良 ローメイン佐野史郎 アニメ公式サイト httpsclevatesscom アニメ公式X clevatessanime 原作サイトLINEマンガ連載電子 httpsmangalinemeproductperiodicidZ0000841,99,未分類,ed,ED,1,https://yt3.ggpht.com/ytc/AIdro_kBexGPE4xdlwIRGuLFEcoqtNFCi_8bWioG0HyHx7cSbvI=s800-c-k-c0x00ffffff-no-rj,3080000
BHS-_AXCWrc,TVアニメ『これ描いて死ね』ノンクレジットED映像【日本テレビ系フラアニにて毎週金曜23時30分から全国30局ネットで放送中！】,"TVアニメ『これ描いて死ね』
日本テレビ系フラアニにて毎週金曜
23時30分から全国30局ネットで放送中！
※放送時間は変更になる場合がございます。

EDテーマ：リーガルリリー『コニファー』


＜作品情報＞

原作：とよ田みのる「これ描いて死ね」（小学館「ゲッサン」連載中）

【CAST】
関根明良　早見沙織
仁見紗綾　藤村花音　水瀬いのり
日髙のり子
種﨑敦美　ゆかな　井上喜久子

【STAFF】
監督：赤城博昭
シリーズ構成：福田裕子
脚本：福田裕子 伊丹あき 加藤還一
キャラクターデザイン：瀬川健寿
色彩設計：柳澤久美子
美術監督：春日礼児
撮影監督：浜尾繁光
編集：肥田文
音楽：堤博明
音響監督：天野龍洋
音響制作：ビットグルーヴプロモーション
OPテーマ：キタニタツヤ『遺書』
EDテーマ：リーガルリリー『コニファー』
アニメーション制作：シンエイ動画
製作：王島南高校漫研

＜作品情報＞
◆イントロダクション
マンガ大賞2023大賞受賞!! 第70回小学館漫画賞受賞!!
小学館「ゲッサン」にて連載中の「これ描いて死ね」が待望のTVアニメ化‼︎

東京都の島しょ・伊豆王島に住む
高校1年生の安海相。

漫画を読むのが大好きな彼女は、
とある出来事がきっかけで
漫画を“つくる”ことを意識し始める……

少女が踏み出す
漫画創りの道は、果たして!?

知っているようで知らない漫画創作の世界。
作品を生み出す苦しみも歓びも
余さず詰め込んだ漫画浪漫成長譚!!!
漫画を愛する全ての人に届けッ‼︎

---------------------------------

©とよ田みのる／小学館／王島南高校漫研

◆原作情報
とよ田みのる「これ描いて死ね」
漫画創作の世界に足を踏み入れる、東京の離島で暮らす女子高生たちの奮闘を描く漫画浪漫成長譚！
漫画を描く歓びも苦しみも、余すところなく全てを詰め込んだ、漫画愛に満ち溢れた「漫画の漫画」!!
マンガ大賞2023大賞、第70回小学館漫画賞受賞作品!!
現在、1〜10巻まで、好評発売中！
原作詳細はこちら！▶︎ https://gekkansunday.net/work/4740/

【アニメ公式サイト】https://www.vap.co.jp/korekaite-shine/
【アニメ公式X】https://x.com/korekaite_shine
【アニメ公式TikTok】https://www.tiktok.com/@korekaite_shine

#これ描いて死ね #これ描いて #とよ田みのる",2026-07-12T03:00:37Z,VAP Official,UCazjJ6udlwl6cP_om1zqTQQ,38153,https://i.ytimg.com/vi/BHS-_AXCWrc/hqdefault.jpg,これ描いて死ね ノンクレジットED映像 日本テレビ系フラアニにて毎週金曜23時30分から全国30局ネットで放送中 これ描いて死ね 日本テレビ系フラアニにて毎週金曜 23時30分から全国30局ネットで放送中 放送時間は変更になる場合がございます EDテーマリーガルリリー コニファー 作品情報 原作とよ田みのる これ描いて死ね 小学館 ゲッサン 連載中 CAST 関根明良 早見沙織 仁見紗綾 藤村花音 水瀬いのり 日髙のり子 種敦美 ゆかな 井上喜久子 STAFF 監督赤城博昭 シリーズ構成福田裕子 脚本福田裕子 伊丹あき 加藤還一 キャラクターデザイン瀬川健寿 色彩設計柳澤久美子 美術監督春日礼児 撮影監督浜尾繁光 編集肥田文 音楽堤博明 音響監督天野龍洋 音響制作ビットグループロモーション OPテーマキタニタツヤ 遺書 EDテーマリーガルリリー コニファー アニメーション制作シンエイ動画 製作王島南高校漫研 作品情報 イントロダクション マンガ大賞2023大賞受賞 第70回小学館漫画賞受賞 小学館 ゲッサン にて連載中の これ描いて死ね が待望のTVアニメ化 東京都の島しょ伊豆王島に住む 高校1年生の安海相 漫画を読むのが大好きな彼女は とある出来事がきっかけで 漫画をつくることを意識し始める 少女が踏み出す 漫画創りの道は果たして 知っているようで知らない漫画創作の世界 作品を生み出す苦しみも歓びも 余さず詰め込んだ漫画浪漫成長譚 漫画を愛する全ての人に届けッ --------------------------------- とよ田みのる 小学館 王島南高校漫研 原作情報 とよ田みのる これ描いて死ね 漫画創作の世界に足を踏み入れる東京の離島で暮らす女子高生たちの奮闘を描く漫画浪漫成長譚 漫画を描く歓びも苦しみも余すところなく全てを詰め込んだ漫画愛に満ち溢れた 漫画の漫画 マンガ大賞2023大賞第70回小学館漫画賞受賞作品 現在1〜10巻まで好評発売中 原作詳細はこちら httpsgekkansundaynetwork4740 アニメ公式サイト httpswwwvapcojpkorekaite-shine アニメ公式X httpsxcomkorekaiteshine アニメ公式TikTok httpswwwtiktokcomkorekaiteshine これ描いて死ね これ描いて とよ田みのる,これ描いて死ね ノンクレジットED映像 日本テレビ系フラアニにて毎週金曜23時30分から全国30局ネットで放送中 これ描いて死ね 日本テレビ系フラアニにて毎週金曜 23時30分から全国30局ネットで放送中 放送時間は変更になる場合がございます EDテーマリーガルリリー コニファー 作品情報 原作とよ田みのる これ描いて死ね 小学館 ゲッサン 連載中 CAST 関根明良 早見沙織 仁見紗綾 藤村花音 水瀬いのり 日髙のり子 種敦美 ゆかな 井上喜久子 STAFF 監督赤城博昭 シリーズ構成福田裕子 脚本福田裕子 伊丹あき 加藤還一 キャラクターデザイン瀬川健寿 色彩設計柳澤久美子 美術監督春日礼児 撮影監督浜尾繁光 編集肥田文 音楽堤博明 音響監督天野龍洋 音響制作ビットグループロモーション OPテーマキタニタツヤ 遺書 EDテーマリーガルリリー コニファー アニメーション制作シンエイ動画 製作王島南高校漫研 作品情報 イントロダクション マンガ大賞2023大賞受賞 第70回小学館漫画賞受賞 小学館 ゲッサン にて連載中の これ描いて死ね が待望のTVアニメ化 東京都の島しょ伊豆王島に住む 高校1年生の安海相 漫画を読むのが大好きな彼女は とある出来事がきっかけで 漫画をつくることを意識し始める 少女が踏み出す 漫画創りの道は果たして 知っているようで知らない漫画創作の世界 作品を生み出す苦しみも歓びも 余さず詰め込んだ漫画浪漫成長譚 漫画を愛する全ての人に届けッ --------------------------------- とよ田みのる 小学館 王島南高校漫研 原作情報 とよ田みのる これ描いて死ね 漫画創作の世界に足を踏み入れる東京の離島で暮らす女子高生たちの奮闘を描く漫画浪漫成長譚 漫画を描く歓びも苦しみも余すところなく全てを詰め込んだ漫画愛に満ち溢れた 漫画の漫画 マンガ大賞2023大賞第70回小学館漫画賞受賞作品 現在1〜10巻まで好評発売中 原作詳細はこちら httpsgekkansundaynetwork4740 アニメ公式サイト httpswwwvapcojpkorekaite-shine アニメ公式X httpsxcomkorekaiteshine アニメ公式TikTok httpswwwtiktokcomkorekaiteshine これ描いて死ね これ描いて とよ田みのる,これ描いて死ね ノンクレジットED映像 日本テレビ系フラアニにて毎週金曜23時30分から全国30局ネットで放送中 これ描いて死ね 日本テレビ系フラアニにて毎週金曜 23時30分から全国30局ネットで放送中 放送時間は変更になる場合がございます EDテーマリーガルリリー コニファー 作品情報 原作とよ田みのる これ描いて死ね 小学館 ゲッサン 連載中 CAST 関根明良 早見沙織 仁見紗綾 藤村花音 水瀬いのり 日髙のり子 種敦美 ゆかな 井上喜久子 STAFF 監督赤城博昭 シリーズ構成福田裕子 脚本福田裕子 伊丹あき 加藤還一 キャラクターデザイン瀬川健寿 色彩設計柳澤久美子 美術監督春日礼児 撮影監督浜尾繁光 編集肥田文 音楽堤博明 音響監督天野龍洋 音響制作ビットグループロモーション OPテーマキタニタツヤ 遺書 EDテーマリーガルリリー コニファー アニメーション制作シンエイ動画 製作王島南高校漫研 作品情報 イントロダクション マンガ大賞2023大賞受賞 第70回小学館漫画賞受賞 小学館 ゲッサン にて連載中の これ描いて死ね が待望のTVアニメ化 東京都の島しょ伊豆王島に住む 高校1年生の安海相 漫画を読むのが大好きな彼女は とある出来事がきっかけで 漫画をつくることを意識し始める 少女が踏み出す 漫画創りの道は果たして 知っているようで知らない漫画創作の世界 作品を生み出す苦しみも歓びも 余さず詰め込んだ漫画浪漫成長譚 漫画を愛する全ての人に届けッ --------------------------------- とよ田みのる 小学館 王島南高校漫研 原作情報 とよ田みのる これ描いて死ね 漫画創作の世界に足を踏み入れる東京の離島で暮らす女子高生たちの奮闘を描く漫画浪漫成長譚 漫画を描く歓びも苦しみも余すところなく全てを詰め込んだ漫画愛に満ち溢れた 漫画の漫画 マンガ大賞2023大賞第70回小学館漫画賞受賞作品 現在1〜10巻まで好評発売中 原作詳細はこちら httpsgekkansundaynetwork4740 アニメ公式サイト httpswwwvapcojpkorekaite-shine アニメ公式X httpsxcomkorekaiteshine アニメ公式TikTok httpswwwtiktokcomkorekaiteshine これ描いて死ね これ描いて とよ田みのる,99,未分類,op,OP,0,https://yt3.ggpht.com/mpoUy3YTeFEirb9EZnvLirewO1tEe6R4hTEXKYYZqRDN1lbsY2A0UuCio8nu7KIMQpTW6nLB9Eo=s800-c-k-c0x00ffffff-no-rj,344000
c-kKrErfKvM,ＴＶアニメ「ぐらんぶる」Season 3ノンクレED,"コミックス全世界累計1,100万部突破の全裸系青春ダイビングコメディ「ぐらんぶる」Season 3、2026年7月6日より絶賛放送中！

クロちゃんプロデュースの5人組のアイドルグループ、【豆柴の大群】が歌う「裸のマーメード」にのせたノンクレジットエンディング解禁！思いっきり弾けてますよ！

ED主題歌：豆柴の大群「裸のマーメード」

＜放送＞
2026年7月6日（月）より放送中！
TOKYO MX、BS11　7/6（月）より毎週月曜24:00～
MBS　7/7（火）より毎週火曜26:30～
AT-X　7/9（木）より毎週木曜21:00～
※毎週（月）9：00　※リピート
※毎週（水）15：00　※リピート

＜キャスト＞
北原伊織：内田雄馬
今村耕平：木村良平
古手川千紗：安済知佳
吉原愛菜：阿澄佳奈
時田信治：安元洋貴
寿竜次郎：小西克幸
古手川奈々華：内田真礼
浜岡梓：行成とあ
毒島桜子：山根綺
野島元：江口拓也
山本真一郎：榎木淳弥
御手洗優：花江夏樹
藤原健太：ロバート・ウォーターマン
工藤会長：福山潤
北原栞：諸星すみれ
乙矢尚海：青山吉能
古手川登志夫：川田紳司
水樹カヤ：水樹奈々
カリーナ：M･A･O
古手川紗耶華：大原さやか
チーフ：瀬戸麻沙美
マキ：洲崎綾

＜スタッフ＞ 
原作：井上堅二・吉岡公威「ぐらんぶる」
（講談社「good!アフタヌーン」連載）
監督・音響監督・脚本： 高松信司
メインアニメーター：植田 羊一・阿部智之
美術監督：秋葉みのる（スタジオじゃっく）
プロップデザイン：jimao
色彩設計：松山愛子
撮影監督：加藤直之・斉藤朋美
編集：徳田 俊
音響制作：セイバーリンクス
音楽：橋本由香利
オープニング主題歌：FUNKY MONKEY BΛBY'S「夏子」
エンディング主題歌：豆柴の大群「裸のマーメード」
アニメーション制作：ゼロジー×セイバーワークス
製作：ぐらんぶる３製作委員会

アニメ公式HP：https://grandblue-anime.com/
アニメ公式X：@gb_anime（https://x.com/gb_anime）

©井上堅二・吉岡公威・講談社／ぐらんぶる３製作委員会

#ぐらんぶる #豆柴の大群 #クロちゃん",2026-07-15T08:09:11Z,NBCUniversal Anime/Music,UCeOMz8AiNhsDhEovu5_3ujQ,36227,https://i.ytimg.com/vi/c-kKrErfKvM/hqdefault.jpg,アニメ ぐらんぶる Season 3ノンクレED コミックス全世界累計1100万部突破の全裸系青春ダイビングコメディ ぐらんぶる 2026年7月6日より絶賛放送中 クロちゃんプロデュースの5人組のアイドルグループ 豆柴の大群 が歌う 裸のマーメード にのせたノンクレジットエンディング解禁思いっきり弾けてますよ ED主題歌豆柴の大群 裸のマーメード 放送 2026年7月6日月より放送中 TOKYO MXBS11 76月より毎週月曜2400 MBS 77火より毎週火曜2630 AT-X 79木より毎週木曜2100 毎週月900 リピート 毎週水1500 リピート キャスト 北原伊織内田雄馬 今村耕平木村良平 古手川千紗安済知佳 吉原愛菜阿澄佳奈 時田信治安元洋貴 寿竜次郎小西克幸 古手川奈華内田真礼 浜岡梓行成とあ 毒島桜子山根綺 野島元江口拓也 山本真一郎榎木淳弥 御手洗優花江夏樹 藤原健太ロバートウォーターマン 工藤会長福山潤 北原栞諸星すみれ 乙矢尚海青山吉能 古手川登志夫川田紳司 水樹カヤ水樹奈 カリーナMAO 古手川紗耶華大原さやか チーフ瀬戸麻沙美 マキ洲崎綾 スタッフ 原作井上堅二吉岡公威 ぐらんぶる 講談社 goodアフタヌーン 連載 監督音響監督脚本 高松信司 メインアニメーター植田 羊一阿部智之 美術監督秋葉みのるスタジオじゃっく プロップデザインjimao 色彩設計松山愛子 撮影監督加藤直之斉藤朋美 編集徳田 俊 音響制作セイバーリンクス 音楽橋本由香利 オープニング主題歌FUNKY MONKEY BBYS 夏子 エンディング主題歌豆柴の大群 裸のマーメード アニメーション制作ゼロジーセイバーワークス 製作ぐらんぶる製作委員会 アニメ公式HPhttpsgrandblue- com アニメ公式Xgbanimehttpsxcomgbanime 井上堅二吉岡公威講談社 ぐらんぶる製作委員会 ぐらんぶる 豆柴の大群 クロちゃん,アニメ ぐらんぶる Season 3ノンクレED コミックス全世界累計1100万部突破の全裸系青春ダイビングコメディ ぐらんぶる 2026年7月6日より絶賛放送中 クロちゃんプロデュースの5人組のアイドルグループ 豆柴の大群 が歌う 裸のマーメード にのせたノンクレジットエンディング解禁思いっきり弾けてますよ ED主題歌豆柴の大群 裸のマーメード 放送 2026年7月6日月より放送中 TOKYO MXBS11 76月より毎週月曜2400 MBS 77火より毎週火曜2630 AT-X 79木より毎週木曜2100 毎週月900 リピート 毎週水1500 リピート キャスト 北原伊織内田雄馬 今村耕平木村良平 古手川千紗安済知佳 吉原愛菜阿澄佳奈 時田信治安元洋貴 寿竜次郎小西克幸 古手川奈華内田真礼 浜岡梓行成とあ 毒島桜子山根綺 野島元江口拓也 山本真一郎榎木淳弥 御手洗優花江夏樹 藤原健太ロバートウォーターマン 工藤会長福山潤 北原栞諸星すみれ 乙矢尚海青山吉能 古手川登志夫川田紳司 水樹カヤ水樹奈 カリーナMAO 古手川紗耶華大原さやか チーフ瀬戸麻沙美 マキ洲崎綾 スタッフ 原作井上堅二吉岡公威 ぐらんぶる 講談社 goodアフタヌーン 連載 監督音響監督脚本 高松信司 メインアニメーター植田 羊一阿部智之 美術監督秋葉みのるスタジオじゃっく プロップデザインjimao 色彩設計松山愛子 撮影監督加藤直之斉藤朋美 編集徳田 俊 音響制作セイバーリンクス 音楽橋本由香利 オープニング主題歌FUNKY MONKEY BBYS 夏子 エンディング主題歌豆柴の大群 裸のマーメード アニメーション制作ゼロジーセイバーワークス 製作ぐらんぶる製作委員会 アニメ公式HPhttpsgrandblue- com アニメ公式Xgbanimehttpsxcomgbanime 井上堅二吉岡公威講談社 ぐらんぶる製作委員会 ぐらんぶる 豆柴の大群 クロちゃん,アニメ ぐらんぶる Season 3ノンクレED コミックス全世界累計1100万部突破の全裸系青春ダイビングコメディ ぐらんぶる 2026年7月6日より絶賛放送中 クロちゃんプロデュースの5人組のアイドルグループ 豆柴の大群 が歌う 裸のマーメード にのせたノンクレジットエンディング解禁思いっきり弾けてますよ ED主題歌豆柴の大群 裸のマーメード 放送 2026年7月6日月より放送中 TOKYO MXBS11 76月より毎週月曜2400 MBS 77火より毎週火曜2630 AT-X 79木より毎週木曜2100 毎週月900 リピート 毎週水1500 リピート キャスト 北原伊織内田雄馬 今村耕平木村良平 古手川千紗安済知佳 吉原愛菜阿澄佳奈 時田信治安元洋貴 寿竜次郎小西克幸 古手川奈華内田真礼 浜岡梓行成とあ 毒島桜子山根綺 野島元江口拓也 山本真一郎榎木淳弥 御手洗優花江夏樹 藤原健太ロバートウォーターマン 工藤会長福山潤 北原栞諸星すみれ 乙矢尚海青山吉能 古手川登志夫川田紳司 水樹カヤ水樹奈 カリーナMAO 古手川紗耶華大原さやか チーフ瀬戸麻沙美 マキ洲崎綾 スタッフ 原作井上堅二吉岡公威 ぐらんぶる 講談社 goodアフタヌーン 連載 監督音響監督脚本 高松信司 メインアニメーター植田 羊一阿部智之 美術監督秋葉みのるスタジオじゃっく プロップデザインjimao 色彩設計松山愛子 撮影監督加藤直之斉藤朋美 編集徳田 俊 音響制作セイバーリンクス 音楽橋本由香利 オープニング主題歌FUNKY MONKEY BBYS 夏子 エンディング主題歌豆柴の大群 裸のマーメード アニメーション制作ゼロジーセイバーワークス 製作ぐらんぶる製作委員会 アニメ公式HPhttpsgrandblue- com アニメ公式Xgbanimehttpsxcomgbanime 井上堅二吉岡公威講談社 ぐらんぶる製作委員会 ぐらんぶる 豆柴の大群 クロちゃん,3,Season,op,OP,0,https://yt3.ggpht.com/DpIpvILSTQVJn40L0KZwJOL_j_2fv2i_cZpvuzn7ISw0h6mZajbfJZZPCrcn68RuiaKidABC1wQ=s800-c-k-c0x00ffffff-no-rj,511000
1tc784esysA,TVアニメ『鉄鍋のジャン！』ノンクレジットエンディング映像,"TVアニメ『鉄鍋のジャン！』ノンクレジットエンディング映像
2026年7月5日より毎週日曜 夕方5時30分～ テレ東系列6局ネットにて放送開始！
ほか各配信プラットフォームにて配信開始！

シリーズ累計発行部数1,000万部超！伝説のバトル料理漫画『鉄鍋のジャン』。
常識を超えた料理の数々、倫理観を吹き飛ばす超個性的なキャラクターたちによる手に汗握る物語。

【CAST】
ジャン： #戸谷菊之介／キリコ： #長谷川育美／小此木タカオ： #天﨑滉平
セレーヌ楊： #MAO／沢田圭： #櫻井孝宏／荀智秀：#村田太志
河原裕司： #小林裕介／尾藤リュウジ： #杉田智和／大谷日堂： #天田益男

 【MUSIC】
OP主題歌： #原因は自分にある # 火宴
ED主題歌： #えむにみに #泣いた悪魔

【アニメ最新情報】
▶公式サイト：https://tetsujan.com 
▶アニメ公式X：@tetsujan1995",2026-07-20T08:30:32Z,NBCUniversal Anime/Music,UCeOMz8AiNhsDhEovu5_3ujQ,32876,https://i.ytimg.com/vi/1tc784esysA/hqdefault.jpg,鉄鍋のジャン ノンクレジットエンディング映像 鉄鍋のジャン ノンクレジットエンディング映像 2026年7月5日より毎週日曜 夕方5時30分 テレ東系列6局ネットにて放送開始 ほか各配信プラットフォームにて配信開始 シリーズ累計発行部数1000万部超伝説のバトル料理漫画 鉄鍋のジャン 常識を超えた料理の数倫理観を吹き飛ばす超個性的なキャラクターたちによる手に汗握る物語 CAST ジャン 戸谷菊之介 キリコ 長谷川育美 小此木タカオ 天滉平 セレーヌ楊 MAO 沢田圭 櫻井孝宏 荀智秀村田太志 河原裕司 小林裕介 尾藤リュウジ 杉田智和 大谷日堂 天田益男 MUSIC OP主題歌 原因は自分にある 火宴 ED主題歌 えむにみに 泣いた悪魔 アニメ最新情報 公式サイトhttpstetsujancom アニメ公式Xtetsujan1995,鉄鍋のジャン ノンクレジットエンディング映像 鉄鍋のジャン ノンクレジットエンディング映像 2026年7月5日より毎週日曜 夕方5時30分 テレ東系列6局ネットにて放送開始 ほか各配信プラットフォームにて配信開始 シリーズ累計発行部数1000万部超伝説のバトル料理漫画 鉄鍋のジャン 常識を超えた料理の数倫理観を吹き飛ばす超個性的なキャラクターたちによる手に汗握る物語 CAST ジャン 戸谷菊之介 キリコ 長谷川育美 小此木タカオ 天滉平 セレーヌ楊 MAO 沢田圭 櫻井孝宏 荀智秀村田太志 河原裕司 小林裕介 尾藤リュウジ 杉田智和 大谷日堂 天田益男 MUSIC OP主題歌 原因は自分にある 火宴 ED主題歌 えむにみに 泣いた悪魔 アニメ最新情報 公式サイトhttpstetsujancom アニメ公式Xtetsujan1995,鉄鍋のジャン ノンクレジットエンディング映像 鉄鍋のジャン ノンクレジットエンディング映像 2026年7月5日より毎週日曜 夕方5時30分 テレ東系列6局ネットにて放送開始 ほか各配信プラットフォームにて配信開始 シリーズ累計発行部数1000万部超伝説のバトル料理漫画 鉄鍋のジャン 常識を超えた料理の数倫理観を吹き飛ばす超個性的なキャラクターたちによる手に汗握る物語 CAST ジャン 戸谷菊之介 キリコ 長谷川育美 小此木タカオ 天滉平 セレーヌ楊 MAO 沢田圭 櫻井孝宏 荀智秀村田太志 河原裕司 小林裕介 尾藤リュウジ 杉田智和 大谷日堂 天田益男 MUSIC OP主題歌 原因は自分にある 火宴 ED主題歌 えむにみに 泣いた悪魔 アニメ最新情報 公式サイトhttpstetsujancom アニメ公式Xtetsujan1995,99,未分類,op,OP,0,https://yt3.ggpht.com/DpIpvILSTQVJn40L0KZwJOL_j_2fv2i_cZpvuzn7ISw0h6mZajbfJZZPCrcn68RuiaKidABC1wQ=s800-c-k-c0x00ffffff-no-rj,511000
4KZnNNPfkss,TVアニメ『うちの弟どもがすみません』ノンクレジットエンディングムービー｜汐れいら「Clover」,"TVアニメ「うちの弟どもがすみません」エンディング主題歌の汐れいら「Clover」を公開！

TVアニメは2026年7月3日（金）24:00より、TOKYO MXほかにて連続２クール・全24話で順次放送開始！

＝＝＝
▌汐れいら「Clover」
2026年7月11日(土) Digital Singleリリース
配信リンク︓ https://erj.lnk.to/Clover
＝＝＝

【主題歌】
オープニング主題歌：「アイコトバ」DISH//
エンディング主題歌：「Clover」汐れいら

【放送情報】
2026年7月3日（金）24:00より、
TOKYO MXほかにて連続２クール・全24話で順次放送開始！
▼各局の放送情報
TOKYO MX：7月3日（金）より 毎週金曜24:00～
群馬テレビ：7月3日（金）より 毎週金曜24:00～
とちぎテレビ： 7月3日（金）より 毎週金曜24:00～
BS11：7月3日（金）より 毎週金曜24:00～
ABCテレビ：7月8日（水）より 毎週水曜26:45～＜水もん＞

【STAFF】
原作：オザキアキラ(集英社「別冊マーガレット」連載）
監督：難波日登志
シリーズ構成：清水 恵
キャラクターデザイン：平岩 栞・福島陽子
美術デザイン：大久保知江
プロップデザイン：赤石沢貴士
⾊彩設計：山崎朋子
撮影監督：石川直樹
編集：定松 剛
音楽：吟(BUSTED ROSE)
⾳響監督：本山 哲
音響制作：INSPIONエッジ
制作：Lay-duce

【CAST】
成田 糸：大空直美
成田 源：増田俊樹
成田 洛：八代 拓
成田 柊：小野賢章
成田 類：寺澤百花

【INTRODUCTION】
はじまりは、ひとつ屋根の下──
高校1年生も終わる春休み、母の再婚によって引っ越すことになった女子高生の糸は、
新しい父と3人での生活に胸を膨らませていた。
しかし新居で待っていたのは、父と──4人の弟だった！
無愛想だけど家族想いの長男・源、
冷静沈着で爽やかな次男・洛。
引きこもりでなかなか姿を見せない三男・柊
いつも元気で甘え上手な末っ子・類。
新米長女と個性豊かな弟4人とのにぎやかな毎日が織りなす、スイートホームラブコメ開幕!!

【公式サイト&X】
公式サイト：https://uchioto-anime.com
公式X（旧Twitter）：https://x.com/uchioto_anime
公式TikTok：  / uchioto_anime   
公式Instagram：  / uchioto_anime  

©オザキアキラ／集英社・「うちの弟どもがすみません」製作委員会

#うちの弟どもがすみません #うち弟アニメ",2026-07-10T15:30:39Z,アニプレックス チャンネル,UC14QT5j2nQI8lKBCGtrrBQA,33809,https://i.ytimg.com/vi/4KZnNNPfkss/hqdefault.jpg,うちの弟どもがすみません ノンクレジットエンディングムービー 汐れいら Clover うちの弟どもがすみません エンディング主題歌の汐れいら Clover を公開 TVアニメは2026年7月3日金2400よりTOKYO MXほかにて連続クール全24話で順次放送開始 汐れいら Clover 2026年7月11日 Digital Singleリリース 配信リンク httpserjlnktoClover オープニング主題歌 アイコトバ DISH エンディング主題歌 Clover 汐れいら 放送情報 2026年7月3日金2400より TOKYO MXほかにて連続クール全24話で順次放送開始 各局の放送情報 TOKYO MX7月3日金より 毎週金曜2400 群馬テレビ7月3日金より 毎週金曜2400 とちぎテレビ 7月3日金より 毎週金曜2400 BS117月3日金より 毎週金曜2400 ABCテレビ7月8日水より 毎週水曜2645水もん STAFF 原作オザキアキラ 響監督本山 哲 音響制作INSPIONエッジ 制作Lay-duce CAST 成田 糸大空直美 成田 源増田俊樹 成田 洛八代 拓 成田 柊小野賢章 成田 類寺澤百花 INTRODUCTION はじまりはひとつ屋根の下 高校1年生も終わる春休み母の再婚によって引っ越すことになった女子高生の糸は 新しい父と3人での生活に胸を膨らませていた しかし新居で待っていたのは父と4人の弟だった 無愛想だけど家族想いの長男源 冷静沈着で爽やかな次男洛 引きこもりでなかなか姿を見せない三男柊 いつも元気で甘え上手な末っ子類 新米長女と個性豊かな弟4人とのにぎやかな毎日が織りなすスイートホームラブコメ開幕 公式サイトX 公式サイトhttpsuchioto- com 公式X旧Twitterhttpsxcomuchiotoanime 公式TikTok uchiotoanime 公式Instagram uchiotoanime オザキアキラ 集英社 うちの弟どもがすみません 製作委員会 うちの弟どもがすみません うち弟アニメ,うちの弟どもがすみません ノンクレジットエンディングムービー 汐れいら Clover うちの弟どもがすみません エンディング主題歌の汐れいら Clover を公開 TVアニメは2026年7月3日金2400よりTOKYO MXほかにて連続クール全24話で順次放送開始 汐れいら Clover 2026年7月11日 Digital Singleリリース 配信リンク httpserjlnktoClover オープニング主題歌 アイコトバ DISH エンディング主題歌 Clover 汐れいら 放送情報 2026年7月3日金2400より TOKYO MXほかにて連続クール全24話で順次放送開始 各局の放送情報 TOKYO MX7月3日金より 毎週金曜2400 群馬テレビ7月3日金より 毎週金曜2400 とちぎテレビ 7月3日金より 毎週金曜2400 BS117月3日金より 毎週金曜2400 ABCテレビ7月8日水より 毎週水曜2645水もん STAFF 原作オザキアキラ 響監督本山 哲 音響制作INSPIONエッジ 制作Lay-duce CAST 成田 糸大空直美 成田 源増田俊樹 成田 洛八代 拓 成田 柊小野賢章 成田 類寺澤百花 INTRODUCTION はじまりはひとつ屋根の下 高校1年生も終わる春休み母の再婚によって引っ越すことになった女子高生の糸は 新しい父と3人での生活に胸を膨らませていた しかし新居で待っていたのは父と4人の弟だった 無愛想だけど家族想いの長男源 冷静沈着で爽やかな次男洛 引きこもりでなかなか姿を見せない三男柊 いつも元気で甘え上手な末っ子類 新米長女と個性豊かな弟4人とのにぎやかな毎日が織りなすスイートホームラブコメ開幕 公式サイトX 公式サイトhttpsuchioto- com 公式X旧Twitterhttpsxcomuchiotoanime 公式TikTok uchiotoanime 公式Instagram uchiotoanime オザキアキラ 集英社 うちの弟どもがすみません 製作委員会 うちの弟どもがすみません うち弟アニメ,うちの弟どもがすみません ノンクレジットエンディングムービー 汐れいら Clover うちの弟どもがすみません エンディング主題歌の汐れいら Clover を公開 TVアニメは2026年7月3日金2400よりTOKYO MXほかにて連続クール全24話で順次放送開始 汐れいら Clover 2026年7月11日 Digital Singleリリース 配信リンク httpserjlnktoClover オープニング主題歌 アイコトバ DISH エンディング主題歌 Clover 汐れいら 放送情報 2026年7月3日金2400より TOKYO MXほかにて連続クール全24話で順次放送開始 各局の放送情報 TOKYO MX7月3日金より 毎週金曜2400 群馬テレビ7月3日金より 毎週金曜2400 とちぎテレビ 7月3日金より 毎週金曜2400 BS117月3日金より 毎週金曜2400 ABCテレビ7月8日水より 毎週水曜2645水もん STAFF 原作オザキアキラ 響監督本山 哲 音響制作INSPIONエッジ 制作Lay-duce CAST 成田 糸大空直美 成田 源増田俊樹 成田 洛八代 拓 成田 柊小野賢章 成田 類寺澤百花 INTRODUCTION はじまりはひとつ屋根の下 高校1年生も終わる春休み母の再婚によって引っ越すことになった女子高生の糸は 新しい父と3人での生活に胸を膨らませていた しかし新居で待っていたのは父と4人の弟だった 無愛想だけど家族想いの長男源 冷静沈着で爽やかな次男洛 引きこもりでなかなか姿を見せない三男柊 いつも元気で甘え上手な末っ子類 新米長女と個性豊かな弟4人とのにぎやかな毎日が織りなすスイートホームラブコメ開幕 公式サイトX 公式サイトhttpsuchioto- com 公式X旧Twitterhttpsxcomuchiotoanime 公式TikTok uchiotoanime 公式Instagram uchiotoanime オザキアキラ 集英社 うちの弟どもがすみません 製作委員会 うちの弟どもがすみません うち弟アニメ,99,未分類,op,OP,0,https://yt3.ggpht.com/vG4F6wBFAfaSV13GbkSjmy8rMNMYi7rSs2jxitmaMrqNrWWc9Yvdmh6FlkREnPu0mquEsUvk3g=s800-c-k-c0x00ffffff-no-rj,3900000
OhRKTSgC7Es,【ノンクレジットOP】TVアニメ「透明な夜に駆ける君と、目に見えない恋をした。」｜秦 基博「ひとひら」,"TVアニメ『透明な夜に駆ける君と、目に見えない恋をした。』
ノンクレジットオープニング映像

秦 基博「ひとひら」 
（ユニバーサル ミュージック / AUGUSTA RECORDS）
2026年7月7日(火) 配信リリース

────────────────────

TVアニメ『透明な夜に駆ける君と、目に見えない恋をした。』
2026年7月6日より好評放送中！

▼公式サイト
https://sh-anime.shochiku.co.jp/kakekoi/

▼放送情報
●TOKYO MX
7月6日より毎週月曜日22:00～
●MBS
7月6日より毎週月曜日26:45～
●BS11
7月7日より毎週火曜日24:00～
●AT-X
＜通常音声版＞
7月6日より毎週月曜日21:00～
【リピート放送】毎週水曜日9:00～／毎週金曜日15:00～
＜バリアフリー音声ガイド版＞
7月6日より毎週月曜日28:00～
●テレビ山口
7月12日より毎週日曜日27:00〜

※放送日時は変更になる場合がございます。
※各放送局でバリアフリー音声ガイドに対応しています。
※AT-Xの放送は音声切り替えに対応しておりません。
バリアフリー音声をお楽しみいただく場合は＜バリアフリー音声ガイド版＞でのご視聴をお願いいたします。

────────────────────
原作：志馬なにがし『透明な夜に駆ける君と、目に見えない恋をした。』（GA文庫／SBクリエイティブ刊）

▼キャスト
空野かける (CV：入野自由)
冬月小春(CV：早見沙織)
早瀬優子 (CV：小原好美)
鳴海潮 (CV：阿座上洋平)

▼スタッフ
原作 :志馬なにがし（GA文庫／SBクリエイティブ刊）
キャラクター原案：raemz
監督 :吉崎譲
シリーズ構成 :柿原優子
キャラクターデザイナー：澤田慶宏・石井優月
美術監修：増山修
美術監督：中村朝咲・川嶋みゆき　
色彩設計：平出真弓
撮影監督：松本乃吾・桑良人
音響監督：本山哲
音楽：富貴晴美
オープニングテーマ：秦 基博「ひとひら」（ユニバーサル ミュージック / AUGUSTA RECORDS）
エンディングテーマ：櫻井優衣「光」（ユニバーサル ミュージック）
アニメーション制作 :マカリア
製作：かけ恋製作委員会


■公式サイト
https://sh-anime.shochiku.co.jp/kakekoi/
■公式X
https://x.com/anime_kakekoi/

 ©志馬なにがし・SBクリエイティブ／かけ恋製作委員会

#anime_kakekoi #かけ恋 #入野自由 #早見沙織 #小原好美 #阿座上洋平 #秦基博",2026-08-04T09:00:39Z,SHOCHIKU animeチャンネル【公式】,UC6VPE3kztGEtFVcJI0oIiUg,32517,https://i.ytimg.com/vi/OhRKTSgC7Es/hqdefault.jpg,ノンクレジットOP 透明な夜に駆ける君と目に見えない恋をした 秦 基博 ひとひら 透明な夜に駆ける君と目に見えない恋をした ノンクレジットオープニング映像 秦 基博 ひとひら ユニバーサル ミュージック AUGUSTA RECORDS 2026年7月7日 配信リリース 透明な夜に駆ける君と目に見えない恋をした 2026年7月6日より好評放送中 公式サイト httpssh- shochikucojpkakekoi 放送情報 TOKYO MX 7月6日より毎週月曜日2200 MBS 7月6日より毎週月曜日2645 BS11 7月7日より毎週火曜日2400 AT-X 通常音声版 7月6日より毎週月曜日2100 リピート放送 毎週水曜日900 毎週金曜日1500 バリアフリー音声ガイド版 7月6日より毎週月曜日2800 テレビ山口 7月12日より毎週日曜日2700〜 放送日時は変更になる場合がございます 各放送局でバリアフリー音声ガイドに対応しています AT-Xの放送は音声切り替えに対応しておりません バリアフリー音声をお楽しみいただく場合はバリアフリー音声ガイド版でのご視聴をお願いいたします 原作志馬なにがし 透明な夜に駆ける君と目に見えない恋をした GA文庫 SBクリエイティブ刊 キャスト 空野かける 冬月小春 早瀬優子 鳴海潮 スタッフ 原作 志馬なにがしGA文庫 SBクリエイティブ刊 キャラクター原案raemz 監督 吉崎譲 シリーズ構成 柿原優子 キャラクターデザイナー澤田慶宏石井優月 美術監修増山修 美術監督中村朝咲川嶋みゆき 色彩設計平出真弓 撮影監督松本乃吾桑良人 音響監督本山哲 音楽富貴晴美 オープニングテーマ秦 基博 ひとひら ユニバーサル ミュージック AUGUSTA RECORDS エンディングテーマ櫻井優衣 光 ユニバーサル ミュージック アニメーション制作 マカリア 製作かけ恋製作委員会 公式サイト httpssh- shochikucojpkakekoi 公式X httpsxcomanimekakekoi 志馬なにがしSBクリエイティブ かけ恋製作委員会 animekakekoi かけ恋 入野自由 早見沙織 小原好美 阿座上洋平 秦基博,ノンクレジットOP 透明な夜に駆ける君と目に見えない恋をした 秦 基博 ひとひら 透明な夜に駆ける君と目に見えない恋をした ノンクレジットオープニング映像 秦 基博 ひとひら ユニバーサル ミュージック AUGUSTA RECORDS 2026年7月7日 配信リリース 透明な夜に駆ける君と目に見えない恋をした 2026年7月6日より好評放送中 公式サイト httpssh- shochikucojpkakekoi 放送情報 TOKYO MX 7月6日より毎週月曜日2200 MBS 7月6日より毎週月曜日2645 BS11 7月7日より毎週火曜日2400 AT-X 通常音声版 7月6日より毎週月曜日2100 リピート放送 毎週水曜日900 毎週金曜日1500 バリアフリー音声ガイド版 7月6日より毎週月曜日2800 テレビ山口 7月12日より毎週日曜日2700〜 放送日時は変更になる場合がございます 各放送局でバリアフリー音声ガイドに対応しています AT-Xの放送は音声切り替えに対応しておりません バリアフリー音声をお楽しみいただく場合はバリアフリー音声ガイド版でのご視聴をお願いいたします 原作志馬なにがし 透明な夜に駆ける君と目に見えない恋をした GA文庫 SBクリエイティブ刊 キャスト 空野かける 冬月小春 早瀬優子 鳴海潮 スタッフ 原作 志馬なにがしGA文庫 SBクリエイティブ刊 キャラクター原案raemz 監督 吉崎譲 シリーズ構成 柿原優子 キャラクターデザイナー澤田慶宏石井優月 美術監修増山修 美術監督中村朝咲川嶋みゆき 色彩設計平出真弓 撮影監督松本乃吾桑良人 音響監督本山哲 音楽富貴晴美 オープニングテーマ秦 基博 ひとひら ユニバーサル ミュージック AUGUSTA RECORDS エンディングテーマ櫻井優衣 光 ユニバーサル ミュージック アニメーション制作 マカリア 製作かけ恋製作委員会 公式サイト httpssh- shochikucojpkakekoi 公式X httpsxcomanimekakekoi 志馬なにがしSBクリエイティブ かけ恋製作委員会 animekakekoi かけ恋 入野自由 早見沙織 小原好美 阿座上洋平 秦基博,ノンクレジットOP 透明な夜に駆ける君と目に見えない恋をした 秦 基博 ひとひら 透明な夜に駆ける君と目に見えない恋をした ノンクレジットオープニング映像 秦 基博 ひとひら ユニバーサル ミュージック AUGUSTA RECORDS 2026年7月7日 配信リリース 透明な夜に駆ける君と目に見えない恋をした 2026年7月6日より好評放送中 公式サイト httpssh- shochikucojpkakekoi 放送情報 TOKYO MX 7月6日より毎週月曜日2200 MBS 7月6日より毎週月曜日2645 BS11 7月7日より毎週火曜日2400 AT-X 通常音声版 7月6日より毎週月曜日2100 リピート放送 毎週水曜日900 毎週金曜日1500 バリアフリー音声ガイド版 7月6日より毎週月曜日2800 テレビ山口 7月12日より毎週日曜日2700〜 放送日時は変更になる場合がございます 各放送局でバリアフリー音声ガイドに対応しています AT-Xの放送は音声切り替えに対応しておりません バリアフリー音声をお楽しみいただく場合はバリアフリー音声ガイド版でのご視聴をお願いいたします 原作志馬なにがし 透明な夜に駆ける君と目に見えない恋をした GA文庫 SBクリエイティブ刊 キャスト 空野かける 冬月小春 早瀬優子 鳴海潮 スタッフ 原作 志馬なにがしGA文庫 SBクリエイティブ刊 キャラクター原案raemz 監督 吉崎譲 シリーズ構成 柿原優子 キャラクターデザイナー澤田慶宏石井優月 美術監修増山修 美術監督中村朝咲川嶋みゆき 色彩設計平出真弓 撮影監督松本乃吾桑良人 音響監督本山哲 音楽富貴晴美 オープニングテーマ秦 基博 ひとひら ユニバーサル ミュージック AUGUSTA RECORDS エンディングテーマ櫻井優衣 光 ユニバーサル ミュージック アニメーション制作 マカリア 製作かけ恋製作委員会 公式サイト httpssh- shochikucojpkakekoi 公式X httpsxcomanimekakekoi 志馬なにがしSBクリエイティブ かけ恋製作委員会 animekakekoi かけ恋 入野自由 早見沙織 小原好美 阿座上洋平 秦基博,99,未分類,op,OP,0,https://yt3.ggpht.com/NsTvqg27tbAF-BNEIy6brMZ1BmSJvqY8KGzw4cWpg8amFL3zmARjR5wj2Ho3SLVHqGmjPCOf=s800-c-k-c0x00ffffff-no-rj,127000
c09YTWOppMM,第參話「二人の夢」　ノンクレジットOP｜ TVアニメ『二十世紀電氣目録-ユーレカ・エヴリカ-』,"2026年7月5日よりABCテレビ、TOKYO MX、テレビ愛知、BS11にて放送開始！
Netflixにて世界独占配信！

▼公式サイト
https://denkimokuroku.jp

＜放送情報＞
2026年7月5日よりテレビ放送開始
TOKYO MX　毎週日曜 23:00〜
BS11　毎週日曜 23:30〜
ABCテレビ　毎週日曜 24:40〜
テレビ愛知　毎週日曜 25:20～

＜配信情報＞
Netflixにて世界独占配信
2026年7月5日より毎週日曜23:00最新エピソード配信

＜ストーリー＞
“電氣の時代”を夢見る少年たちがいた。
「二十世紀電氣目録」に、思い描く電氣の発明を書き込む主人公・坂本喜八。
憧れの兄・坂本清六と共に夢の実現を誓う喜八だったが、
清六は「二十世紀電氣目録」を持って戦争に行き、帰らぬ人となる。

月日は流れ、酒造の娘・百川稲子との出会いによって、
失われたはずの「二十世紀電氣目録」が喜八の前に現れる。
それを狙うのは、稲子との政略結婚を進める蒸気の財閥御曹司・三添洋輔。
洋輔に対抗する喜八と稲子の、夢をかけた電氣の挑戦が始まる―!!

なぜ洋輔は「二十世紀電氣目録」を追い求めるのか。
そして、洋輔と清六だけが知る「二十世紀電氣目録」の“秘密”とは。

「二十世紀電氣目録」を巡り、少年少女の夢が再び動き出す―
これは＜再生＞の物語。

＜スタッフ＞
原作：「二十世紀電氣目録」結城 弘（KAエスマ文庫／京都アニメーション）
監督：太田 稔
シリーズ構成：浦畑達彦
キャラクターデザイン・総作画監督：岡村公平
世界観設定：鈴木貴昭
美術監督：高山真緒
色彩設計：大塚芙由紀
小物設定：疋田 彩
撮影監督：植田弘貴
3D監督：髙木美槻
音響監督：鶴岡陽太
音楽：湖東ひとみ
音楽制作：ランティス ハートカンパニー
アニメーション制作：京都アニメーション
製作：明滋電氣商工会

＜主題歌＞
オープニング主題歌：五阿弥ルナ『ユーレカ・エヴリカ』
エンディング主題歌：Ginger Root『Soarin’』

＜キャスト＞
坂本喜八：内田雄馬
百川稲子：雨宮 天
三添洋輔：内山昂輝
坂本清六：小野大輔
陸 健吾：武内駿輔
百川規子：寿 美菜子
原島すず：大地 葉
大倉ケイト：川井田夏海
矢倉弥治郎：浦 和希
鱒淵伊蔵：平川大輔
百川甚右衛門：家中 宏
百川苗子：浅野まゆみ
矢倉文七：遠藤大智
とめ / イナリ：高垣彩陽

■information
公式サイト：https://denkimokuroku.jp
公式X：https://x.com/denkimokuroku
公式Instagram：https://www.instagram.com/denkimokuroku
公式Threads：https://www.threads.com/@denkimokuroku
公式TikTok：https://www.tiktok.com/@denkimokuroku
(English)
公式X：https://x.com/Sparks_of_Tmr
公式Bluesky：https://bsky.app/profile/sparks-of-tmr.bsky.social

(C)結城弘・京都アニメーション／明滋電氣商工会

#二十世紀電氣目録 ＃ユーレカエヴリカ",2026-07-19T14:35:09Z,京アニチャンネル,UCpGY2vcoKXf7K6tFzsbSv7w,26671,https://i.ytimg.com/vi/c09YTWOppMM/hqdefault.jpg,第參話 二人の夢 ノンクレジットOP 二十世紀電氣目録-ユーレカエリカ- 2026年7月5日よりABCテレビTOKYO MXテレビ愛知BS11にて放送開始 Netflixにて世界独占配信 公式サイト httpsdenkimokurokujp 放送情報 2026年7月5日よりテレビ放送開始 TOKYO MX 毎週日曜 2300〜 BS11 毎週日曜 2330〜 ABCテレビ 毎週日曜 2440〜 テレビ愛知 毎週日曜 2520 配信情報 Netflixにて世界独占配信 2026年7月5日より毎週日曜2300最新エピソード配信 ストーリー 電氣の時代を夢見る少年たちがいた 二十世紀電氣目録 に思い描く電氣の発明を書き込む主人公坂本喜八 憧れの兄坂本清六と共に夢の実現を誓う喜八だったが 清六は 二十世紀電氣目録 を持って戦争に行き帰らぬ人となる 月日は流れ酒造の娘百川稲子との出会いによって 失われたはずの 二十世紀電氣目録 が喜八の前に現れる それを狙うのは稲子との政略結婚を進める蒸気の財閥御曹司三添洋輔 洋輔に対抗する喜八と稲子の夢をかけた電氣の挑戦が始まる なぜ洋輔は 二十世紀電氣目録 を追い求めるのか そして洋輔と清六だけが知る 二十世紀電氣目録 の秘密とは 二十世紀電氣目録 を巡り少年少女の夢が再び動き出す これは再生の物語 スタッフ 原作 二十世紀電氣目録 結城 弘KAエスマ文庫 京都アニメーション 監督太田 稔 シリーズ構成浦畑達彦 キャラクターデザイン総作画監督岡村公平 世界観設定鈴木貴昭 美術監督高山真緒 色彩設計大塚芙由紀 小物設定疋田 彩 撮影監督植田弘貴 3D監督髙木美槻 音響監督鶴岡陽太 音楽湖東ひとみ 音楽制作ランティス ハートカンパニー アニメーション制作京都アニメーション 製作明滋電氣商工会 オープニング主題歌五阿弥ルナ ユーレカエリカ エンディング主題歌Ginger Root Soarin キャスト 坂本喜八内田雄馬 百川稲子雨宮 天 三添洋輔内山昂輝 坂本清六小野大輔 陸 健吾武内駿輔 百川規子寿 美菜子 原島すず大地 葉 大倉ケイト川井田夏海 矢倉弥治郎浦 和希 鱒淵伊蔵平川大輔 百川甚右衛門家中 宏 百川苗子浅野まゆみ 矢倉文七遠藤大智 とめ イナリ高垣彩陽 information 公式サイトhttpsdenkimokurokujp 公式Xhttpsxcomdenkimokuroku 公式Instagramhttpswwwinstagramcomdenkimokuroku 公式Threadshttpswwwthreadscomdenkimokuroku 公式TikTokhttpswwwtiktokcomdenkimokuroku 公式XhttpsxcomSparksofTmr 公式Blueskyhttpsbskyappprofilesparks-of-tmrbskysocial 結城弘京都アニメーション 明滋電氣商工会 二十世紀電氣目録 ユーレカエリカ,第參話 二人の夢 ノンクレジットOP 二十世紀電氣目録-ユーレカエリカ- 2026年7月5日よりABCテレビTOKYO MXテレビ愛知BS11にて放送開始 Netflixにて世界独占配信 公式サイト httpsdenkimokurokujp 放送情報 2026年7月5日よりテレビ放送開始 TOKYO MX 毎週日曜 2300〜 BS11 毎週日曜 2330〜 ABCテレビ 毎週日曜 2440〜 テレビ愛知 毎週日曜 2520 配信情報 Netflixにて世界独占配信 2026年7月5日より毎週日曜2300最新エピソード配信 ストーリー 電氣の時代を夢見る少年たちがいた 二十世紀電氣目録 に思い描く電氣の発明を書き込む主人公坂本喜八 憧れの兄坂本清六と共に夢の実現を誓う喜八だったが 清六は 二十世紀電氣目録 を持って戦争に行き帰らぬ人となる 月日は流れ酒造の娘百川稲子との出会いによって 失われたはずの 二十世紀電氣目録 が喜八の前に現れる それを狙うのは稲子との政略結婚を進める蒸気の財閥御曹司三添洋輔 洋輔に対抗する喜八と稲子の夢をかけた電氣の挑戦が始まる なぜ洋輔は 二十世紀電氣目録 を追い求めるのか そして洋輔と清六だけが知る 二十世紀電氣目録 の秘密とは 二十世紀電氣目録 を巡り少年少女の夢が再び動き出す これは再生の物語 スタッフ 原作 二十世紀電氣目録 結城 弘KAエスマ文庫 京都アニメーション 監督太田 稔 シリーズ構成浦畑達彦 キャラクターデザイン総作画監督岡村公平 世界観設定鈴木貴昭 美術監督高山真緒 色彩設計大塚芙由紀 小物設定疋田 彩 撮影監督植田弘貴 3D監督髙木美槻 音響監督鶴岡陽太 音楽湖東ひとみ 音楽制作ランティス ハートカンパニー アニメーション制作京都アニメーション 製作明滋電氣商工会 オープニング主題歌五阿弥ルナ ユーレカエリカ エンディング主題歌Ginger Root Soarin キャスト 坂本喜八内田雄馬 百川稲子雨宮 天 三添洋輔内山昂輝 坂本清六小野大輔 陸 健吾武内駿輔 百川規子寿 美菜子 原島すず大地 葉 大倉ケイト川井田夏海 矢倉弥治郎浦 和希 鱒淵伊蔵平川大輔 百川甚右衛門家中 宏 百川苗子浅野まゆみ 矢倉文七遠藤大智 とめ イナリ高垣彩陽 information 公式サイトhttpsdenkimokurokujp 公式Xhttpsxcomdenkimokuroku 公式Instagramhttpswwwinstagramcomdenkimokuroku 公式Threadshttpswwwthreadscomdenkimokuroku 公式TikTokhttpswwwtiktokcomdenkimokuroku 公式XhttpsxcomSparksofTmr 公式Blueskyhttpsbskyappprofilesparks-of-tmrbskysocial 結城弘京都アニメーション 明滋電氣商工会 二十世紀電氣目録 ユーレカエリカ,第參話 二人の夢 ノンクレジットOP 二十世紀電氣目録-ユーレカエリカ- 2026年7月5日よりABCテレビTOKYO MXテレビ愛知BS11にて放送開始 Netflixにて世界独占配信 公式サイト httpsdenkimokurokujp 放送情報 2026年7月5日よりテレビ放送開始 TOKYO MX 毎週日曜 2300〜 BS11 毎週日曜 2330〜 ABCテレビ 毎週日曜 2440〜 テレビ愛知 毎週日曜 2520 配信情報 Netflixにて世界独占配信 2026年7月5日より毎週日曜2300最新エピソード配信 ストーリー 電氣の時代を夢見る少年たちがいた 二十世紀電氣目録 に思い描く電氣の発明を書き込む主人公坂本喜八 憧れの兄坂本清六と共に夢の実現を誓う喜八だったが 清六は 二十世紀電氣目録 を持って戦争に行き帰らぬ人となる 月日は流れ酒造の娘百川稲子との出会いによって 失われたはずの 二十世紀電氣目録 が喜八の前に現れる それを狙うのは稲子との政略結婚を進める蒸気の財閥御曹司三添洋輔 洋輔に対抗する喜八と稲子の夢をかけた電氣の挑戦が始まる なぜ洋輔は 二十世紀電氣目録 を追い求めるのか そして洋輔と清六だけが知る 二十世紀電氣目録 の秘密とは 二十世紀電氣目録 を巡り少年少女の夢が再び動き出す これは再生の物語 スタッフ 原作 二十世紀電氣目録 結城 弘KAエスマ文庫 京都アニメーション 監督太田 稔 シリーズ構成浦畑達彦 キャラクターデザイン総作画監督岡村公平 世界観設定鈴木貴昭 美術監督高山真緒 色彩設計大塚芙由紀 小物設定疋田 彩 撮影監督植田弘貴 3D監督髙木美槻 音響監督鶴岡陽太 音楽湖東ひとみ 音楽制作ランティス ハートカンパニー アニメーション制作京都アニメーション 製作明滋電氣商工会 オープニング主題歌五阿弥ルナ ユーレカエリカ エンディング主題歌Ginger Root Soarin キャスト 坂本喜八内田雄馬 百川稲子雨宮 天 三添洋輔内山昂輝 坂本清六小野大輔 陸 健吾武内駿輔 百川規子寿 美菜子 原島すず大地 葉 大倉ケイト川井田夏海 矢倉弥治郎浦 和希 鱒淵伊蔵平川大輔 百川甚右衛門家中 宏 百川苗子浅野まゆみ 矢倉文七遠藤大智 とめ イナリ高垣彩陽 information 公式サイトhttpsdenkimokurokujp 公式Xhttpsxcomdenkimokuroku 公式Instagramhttpswwwinstagramcomdenkimokuroku 公式Threadshttpswwwthreadscomdenkimokuroku 公式TikTokhttpswwwtiktokcomdenkimokuroku 公式XhttpsxcomSparksofTmr 公式Blueskyhttpsbskyappprofilesparks-of-tmrbskysocial 結城弘京都アニメーション 明滋電氣商工会 二十世紀電氣目録 ユーレカエリカ,99,未分類,op,OP,0,https://yt3.ggpht.com/QwSNIxqlBPg3q8URSe616n_qFbS2OCXx4_nUUJc7MvmSBrYKuxvIyXABm5lfJz2UY6nLggnl=s800-c-k-c0x00ffffff-no-rj,788000
H_Ab3nKZUfM,【ノンクレジットED】TVアニメ「透明な夜に駆ける君と、目に見えない恋をした。」｜櫻井優衣「光」,"TVアニメ『透明な夜に駆ける君と、目に見えない恋をした。』
ノンクレジットエンディング映像

櫻井優衣「光」
（ユニバーサル ミュージック）
2026年7月7日(火) 配信リリース

────────────────────

TVアニメ『透明な夜に駆ける君と、目に見えない恋をした。』
2026年7月6日より好評放送中！

▼公式サイト
https://sh-anime.shochiku.co.jp/kakekoi/

▼放送情報
●TOKYO MX
7月6日より毎週月曜日22:00～
●MBS
7月6日より毎週月曜日26:45～
●BS11
7月7日より毎週火曜日24:00～
●AT-X
＜通常音声版＞
7月6日より毎週月曜日21:00～
【リピート放送】毎週水曜日9:00～／毎週金曜日15:00～
＜バリアフリー音声ガイド版＞
7月6日より毎週月曜日28:00～
●テレビ山口
7月12日より毎週日曜日27:00〜

※放送日時は変更になる場合がございます。
※各放送局でバリアフリー音声ガイドに対応しています。
※AT-Xの放送は音声切り替えに対応しておりません。
バリアフリー音声をお楽しみいただく場合は＜バリアフリー音声ガイド版＞でのご視聴をお願いいたします。

────────────────────
原作：志馬なにがし『透明な夜に駆ける君と、目に見えない恋をした。』（GA文庫／SBクリエイティブ刊）

▼キャスト
空野かける (CV：入野自由)
冬月小春(CV：早見沙織)
早瀬優子 (CV：小原好美)
鳴海潮 (CV：阿座上洋平)

▼スタッフ
原作 :志馬なにがし（GA文庫／SBクリエイティブ刊）
キャラクター原案：raemz
監督 :吉崎譲
シリーズ構成 :柿原優子
キャラクターデザイナー：澤田慶宏・石井優月
美術監修：増山修
美術監督：中村朝咲・川嶋みゆき　
色彩設計：平出真弓
撮影監督：松本乃吾・桑良人
音響監督：本山哲
音楽：富貴晴美
オープニングテーマ：秦 基博「ひとひら」（ユニバーサル ミュージック / AUGUSTA RECORDS）
エンディングテーマ：櫻井優衣「光」（ユニバーサル ミュージック）
アニメーション制作 :マカリア
製作：かけ恋製作委員会


■公式サイト
https://sh-anime.shochiku.co.jp/kakekoi/
■公式X
https://x.com/anime_kakekoi/

 ©志馬なにがし・SBクリエイティブ／かけ恋製作委員会

#anime_kakekoi #かけ恋 #入野自由 #早見沙織 #小原好美 #阿座上洋平 #櫻井優衣 #FRUITSZIPPER",2026-08-04T09:00:25Z,SHOCHIKU animeチャンネル【公式】,UC6VPE3kztGEtFVcJI0oIiUg,31417,https://i.ytimg.com/vi/H_Ab3nKZUfM/hqdefault.jpg,ノンクレジットED 透明な夜に駆ける君と目に見えない恋をした 櫻井優衣 光 透明な夜に駆ける君と目に見えない恋をした ノンクレジットエンディング映像 櫻井優衣 光 ユニバーサル ミュージック 2026年7月7日 配信リリース 透明な夜に駆ける君と目に見えない恋をした 2026年7月6日より好評放送中 公式サイト httpssh- shochikucojpkakekoi 放送情報 TOKYO MX 7月6日より毎週月曜日2200 MBS 7月6日より毎週月曜日2645 BS11 7月7日より毎週火曜日2400 AT-X 通常音声版 7月6日より毎週月曜日2100 リピート放送 毎週水曜日900 毎週金曜日1500 バリアフリー音声ガイド版 7月6日より毎週月曜日2800 テレビ山口 7月12日より毎週日曜日2700〜 放送日時は変更になる場合がございます 各放送局でバリアフリー音声ガイドに対応しています AT-Xの放送は音声切り替えに対応しておりません バリアフリー音声をお楽しみいただく場合はバリアフリー音声ガイド版でのご視聴をお願いいたします 原作志馬なにがし 透明な夜に駆ける君と目に見えない恋をした GA文庫 SBクリエイティブ刊 キャスト 空野かける 冬月小春 早瀬優子 鳴海潮 スタッフ 原作 志馬なにがしGA文庫 SBクリエイティブ刊 キャラクター原案raemz 監督 吉崎譲 シリーズ構成 柿原優子 キャラクターデザイナー澤田慶宏石井優月 美術監修増山修 美術監督中村朝咲川嶋みゆき 色彩設計平出真弓 撮影監督松本乃吾桑良人 音響監督本山哲 音楽富貴晴美 オープニングテーマ秦 基博 ひとひら ユニバーサル ミュージック AUGUSTA RECORDS エンディングテーマ櫻井優衣 光 ユニバーサル ミュージック アニメーション制作 マカリア 製作かけ恋製作委員会 公式サイト httpssh- shochikucojpkakekoi 公式X httpsxcomanimekakekoi 志馬なにがしSBクリエイティブ かけ恋製作委員会 animekakekoi かけ恋 入野自由 早見沙織 小原好美 阿座上洋平 櫻井優衣 FRUITSZIPPER,ノンクレジットED 透明な夜に駆ける君と目に見えない恋をした 櫻井優衣 光 透明な夜に駆ける君と目に見えない恋をした ノンクレジットエンディング映像 櫻井優衣 光 ユニバーサル ミュージック 2026年7月7日 配信リリース 透明な夜に駆ける君と目に見えない恋をした 2026年7月6日より好評放送中 公式サイト httpssh- shochikucojpkakekoi 放送情報 TOKYO MX 7月6日より毎週月曜日2200 MBS 7月6日より毎週月曜日2645 BS11 7月7日より毎週火曜日2400 AT-X 通常音声版 7月6日より毎週月曜日2100 リピート放送 毎週水曜日900 毎週金曜日1500 バリアフリー音声ガイド版 7月6日より毎週月曜日2800 テレビ山口 7月12日より毎週日曜日2700〜 放送日時は変更になる場合がございます 各放送局でバリアフリー音声ガイドに対応しています AT-Xの放送は音声切り替えに対応しておりません バリアフリー音声をお楽しみいただく場合はバリアフリー音声ガイド版でのご視聴をお願いいたします 原作志馬なにがし 透明な夜に駆ける君と目に見えない恋をした GA文庫 SBクリエイティブ刊 キャスト 空野かける 冬月小春 早瀬優子 鳴海潮 スタッフ 原作 志馬なにがしGA文庫 SBクリエイティブ刊 キャラクター原案raemz 監督 吉崎譲 シリーズ構成 柿原優子 キャラクターデザイナー澤田慶宏石井優月 美術監修増山修 美術監督中村朝咲川嶋みゆき 色彩設計平出真弓 撮影監督松本乃吾桑良人 音響監督本山哲 音楽富貴晴美 オープニングテーマ秦 基博 ひとひら ユニバーサル ミュージック AUGUSTA RECORDS エンディングテーマ櫻井優衣 光 ユニバーサル ミュージック アニメーション制作 マカリア 製作かけ恋製作委員会 公式サイト httpssh- shochikucojpkakekoi 公式X httpsxcomanimekakekoi 志馬なにがしSBクリエイティブ かけ恋製作委員会 animekakekoi かけ恋 入野自由 早見沙織 小原好美 阿座上洋平 櫻井優衣 FRUITSZIPPER,ノンクレジットED 透明な夜に駆ける君と目に見えない恋をした 櫻井優衣 光 透明な夜に駆ける君と目に見えない恋をした ノンクレジットエンディング映像 櫻井優衣 光 ユニバーサル ミュージック 2026年7月7日 配信リリース 透明な夜に駆ける君と目に見えない恋をした 2026年7月6日より好評放送中 公式サイト httpssh- shochikucojpkakekoi 放送情報 TOKYO MX 7月6日より毎週月曜日2200 MBS 7月6日より毎週月曜日2645 BS11 7月7日より毎週火曜日2400 AT-X 通常音声版 7月6日より毎週月曜日2100 リピート放送 毎週水曜日900 毎週金曜日1500 バリアフリー音声ガイド版 7月6日より毎週月曜日2800 テレビ山口 7月12日より毎週日曜日2700〜 放送日時は変更になる場合がございます 各放送局でバリアフリー音声ガイドに対応しています AT-Xの放送は音声切り替えに対応しておりません バリアフリー音声をお楽しみいただく場合はバリアフリー音声ガイド版でのご視聴をお願いいたします 原作志馬なにがし 透明な夜に駆ける君と目に見えない恋をした GA文庫 SBクリエイティブ刊 キャスト 空野かける 冬月小春 早瀬優子 鳴海潮 スタッフ 原作 志馬なにがしGA文庫 SBクリエイティブ刊 キャラクター原案raemz 監督 吉崎譲 シリーズ構成 柿原優子 キャラクターデザイナー澤田慶宏石井優月 美術監修増山修 美術監督中村朝咲川嶋みゆき 色彩設計平出真弓 撮影監督松本乃吾桑良人 音響監督本山哲 音楽富貴晴美 オープニングテーマ秦 基博 ひとひら ユニバーサル ミュージック AUGUSTA RECORDS エンディングテーマ櫻井優衣 光 ユニバーサル ミュージック アニメーション制作 マカリア 製作かけ恋製作委員会 公式サイト httpssh- shochikucojpkakekoi 公式X httpsxcomanimekakekoi 志馬なにがしSBクリエイティブ かけ恋製作委員会 animekakekoi かけ恋 入野自由 早見沙織 小原好美 阿座上洋平 櫻井優衣 FRUITSZIPPER,99,未分類,op,OP,0,https://yt3.ggpht.com/NsTvqg27tbAF-BNEIy6brMZ1BmSJvqY8KGzw4cWpg8amFL3zmARjR5wj2Ho3SLVHqGmjPCOf=s800-c-k-c0x00ffffff-no-rj,127000
jW-nRpVHw8c,TVアニメ『きみ愛』ノンクレジットエンディング｜sorato「最終回」,"TVアニメ『「きみを愛する気はない」と言った次期公爵様がなぜか溺愛してきます』（通称 『#きみ愛』）
soratoが歌うエンディングテーマ「最終回」のノンクレジットオープニング映像を公開！

📺️TVアニメは毎週土曜日・テレビ朝日系全国24局ネット“NUMAnimation”枠にて放送中！
https://kimiai-anime.com/onair/

🎧️sorato「最終回」
最新アルバム『空とツキ』から先行リリース決定
Pre-Add / Pre-save📲  https://tf.lnk.to/soratotsuki_CD

2026年8月19日(水)
「最終回」収録アルバム sorato『空とツキ』リリース
詳細・予約🛒 https://tf.lnk.to/soratotsuki_CD


✦•• スタッフ
原作：水埜なつ／三沢ケイ
『「きみを愛する気はない」と言った次期公爵様がなぜか溺愛してきます』
（「COMICポラリス」連載／フレックスコミックス刊）

監督：まついひとゆき
演出設計：鈴木 薫
シリーズ構成：金春智子
キャラクターデザイン：八尋裕子
サブキャラクターデザイン：杉本幸子・川村敏江・鈴木美音織
美術監督：高橋 忍（スタジオアカンサス）
美術設定：西川淳一郎
プロップデザイン：園田大勢
色彩設計：小島真喜子（スタジオ・ロード）
撮影監督：國重元宏
編集：徳田 俊
音楽：未知瑠
音響監督：阿部秀平
音響制作：セイバーリンクス
制作：ゼロジー×グラス
製作：きみ愛製作委員会

✦•• キャスト
エルサ・ユカライネン：石川由依
ユリウス・ロイアス：斉藤壮馬
ヤルモ・パルニラ：石川界人
セラフィーナ・パルニラ：安済知佳
レベッカ・リーコネン：山村響
ハンネス・ユカライネン：榎木淳弥
アレクシス・ヨーセフ・ラルト：木村良平
イエレ・エクルース：鈴木崚汰
ルーカス・ユカライネン：浪川大輔
ソフィア・ユカライネン：國府田マリ子
スティム：田村真
ターニャ：内田真礼

©水埜なつ・三沢ケイ・フレックスコミックス／きみ愛製作委員会

🌿公式HP： https://kimiai-anime.com/
🌿公式X： https://x.com/kimiai_official
🌿公式TikTok：https://www.tiktok.com/@kimiai_official
🌿公式Instagram：https://www.instagram.com/kimiai_official/

#きみ愛 #sorato  #石川由依 #斉藤壮馬 #きみ愛アニメ ＃2026年夏アニメ #アニメ #anime",2026-07-11T17:00:06Z,avex pictures,UCKlXiCjg_VI0eZ9kKBeNJgw,26486,https://i.ytimg.com/vi/jW-nRpVHw8c/hqdefault.jpg,きみ愛 ノンクレジットエンディング sorato 最終回 きみを愛する気はない と言った次期公爵様がなぜか溺愛してきます 通称 きみ愛 soratoが歌うエンディングテーマ 最終回 のノンクレジットオープニング映像を公開 TVアニメは毎週土曜日テレビ朝日系全国24局ネットNUMAnimation枠にて放送中 httpskimiai- comonair sorato 最終回 最新アルバム 空とツキ から先行リリース決定 Pre-Add Pre-save httpstflnktosoratotsukiCD 2026年8月19日 最終回 収録アルバム sorato 空とツキ リリース 詳細予約 httpstflnktosoratotsukiCD スタッフ 原作水埜なつ 三沢ケイ きみを愛する気はない と言った次期公爵様がなぜか溺愛してきます COMICポラリス 連載 フレックスコミックス刊 監督まついひとゆき 演出設計鈴木 薫 シリーズ構成金春智子 キャラクターデザイン八尋裕子 サブキャラクターデザイン杉本幸子川村敏江鈴木美音織 美術監督高橋 忍スタジオアカンサス 美術設定西川淳一郎 プロップデザイン園田大勢 色彩設計小島真喜子スタジオロード 撮影監督國重元宏 編集徳田 俊 音楽未知瑠 音響監督阿部秀平 音響制作セイバーリンクス 制作ゼロジーグラス 製作きみ愛製作委員会 キャスト エルサユカライネン石川由依 ユリウスロイアス斉藤壮馬 ヤルモパルニラ石川界人 セラフィーナパルニラ安済知佳 レベッカリーコネン山村響 ハンネスユカライネン榎木淳弥 アレクシスヨーセフラルト木村良平 イエレエクルース鈴木崚汰 ルーカスユカライネン浪川大輔 ソフィアユカライネン國府田マリ子 スティム田村真 ターニャ内田真礼 水埜なつ三沢ケイフレックスコミックス きみ愛製作委員会 公式HP httpskimiai- com 公式X httpsxcomkimiaiofficial 公式TikTokhttpswwwtiktokcomkimiaiofficial 公式Instagramhttpswwwinstagramcomkimiaiofficial きみ愛 sorato 石川由依 斉藤壮馬 きみ愛アニメ 2026年夏アニメ,きみ愛 ノンクレジットエンディング sorato 最終回 きみを愛する気はない と言った次期公爵様がなぜか溺愛してきます 通称 きみ愛 soratoが歌うエンディングテーマ 最終回 のノンクレジットオープニング映像を公開 TVアニメは毎週土曜日テレビ朝日系全国24局ネットNUMAnimation枠にて放送中 httpskimiai- comonair sorato 最終回 最新アルバム 空とツキ から先行リリース決定 Pre-Add Pre-save httpstflnktosoratotsukiCD 2026年8月19日 最終回 収録アルバム sorato 空とツキ リリース 詳細予約 httpstflnktosoratotsukiCD スタッフ 原作水埜なつ 三沢ケイ きみを愛する気はない と言った次期公爵様がなぜか溺愛してきます COMICポラリス 連載 フレックスコミックス刊 監督まついひとゆき 演出設計鈴木 薫 シリーズ構成金春智子 キャラクターデザイン八尋裕子 サブキャラクターデザイン杉本幸子川村敏江鈴木美音織 美術監督高橋 忍スタジオアカンサス 美術設定西川淳一郎 プロップデザイン園田大勢 色彩設計小島真喜子スタジオロード 撮影監督國重元宏 編集徳田 俊 音楽未知瑠 音響監督阿部秀平 音響制作セイバーリンクス 制作ゼロジーグラス 製作きみ愛製作委員会 キャスト エルサユカライネン石川由依 ユリウスロイアス斉藤壮馬 ヤルモパルニラ石川界人 セラフィーナパルニラ安済知佳 レベッカリーコネン山村響 ハンネスユカライネン榎木淳弥 アレクシスヨーセフラルト木村良平 イエレエクルース鈴木崚汰 ルーカスユカライネン浪川大輔 ソフィアユカライネン國府田マリ子 スティム田村真 ターニャ内田真礼 水埜なつ三沢ケイフレックスコミックス きみ愛製作委員会 公式HP httpskimiai- com 公式X httpsxcomkimiaiofficial 公式TikTokhttpswwwtiktokcomkimiaiofficial 公式Instagramhttpswwwinstagramcomkimiaiofficial きみ愛 sorato 石川由依 斉藤壮馬 きみ愛アニメ 2026年夏アニメ,きみ愛 ノンクレジットエンディング sorato 最終回 きみを愛する気はない と言った次期公爵様がなぜか溺愛してきます 通称 きみ愛 soratoが歌うエンディングテーマ 最終回 のノンクレジットオープニング映像を公開 TVアニメは毎週土曜日テレビ朝日系全国24局ネットNUMAnimation枠にて放送中 httpskimiai- comonair sorato 最終回 最新アルバム 空とツキ から先行リリース決定 Pre-Add Pre-save httpstflnktosoratotsukiCD 2026年8月19日 最終回 収録アルバム sorato 空とツキ リリース 詳細予約 httpstflnktosoratotsukiCD スタッフ 原作水埜なつ 三沢ケイ きみを愛する気はない と言った次期公爵様がなぜか溺愛してきます COMICポラリス 連載 フレックスコミックス刊 監督まついひとゆき 演出設計鈴木 薫 シリーズ構成金春智子 キャラクターデザイン八尋裕子 サブキャラクターデザイン杉本幸子川村敏江鈴木美音織 美術監督高橋 忍スタジオアカンサス 美術設定西川淳一郎 プロップデザイン園田大勢 色彩設計小島真喜子スタジオロード 撮影監督國重元宏 編集徳田 俊 音楽未知瑠 音響監督阿部秀平 音響制作セイバーリンクス 制作ゼロジーグラス 製作きみ愛製作委員会 キャスト エルサユカライネン石川由依 ユリウスロイアス斉藤壮馬 ヤルモパルニラ石川界人 セラフィーナパルニラ安済知佳 レベッカリーコネン山村響 ハンネスユカライネン榎木淳弥 アレクシスヨーセフラルト木村良平 イエレエクルース鈴木崚汰 ルーカスユカライネン浪川大輔 ソフィアユカライネン國府田マリ子 スティム田村真 ターニャ内田真礼 水埜なつ三沢ケイフレックスコミックス きみ愛製作委員会 公式HP httpskimiai- com 公式X httpsxcomkimiaiofficial 公式TikTokhttpswwwtiktokcomkimiaiofficial 公式Instagramhttpswwwinstagramcomkimiaiofficial きみ愛 sorato 石川由依 斉藤壮馬 きみ愛アニメ 2026年夏アニメ,99,未分類,op,OP,0,https://yt3.ggpht.com/KLeAp_Ld3R_SPHCzNT0prmj4QDQLalKIW_P_HNnsN_e2mZPcHeu4QsnoWtaonoguDcdVJ_8svw=s800-c-k-c0x00ffffff-no-rj,487000
TOj2RisiiwY,TVアニメ『無自覚聖女は今日も無意識に力を垂れ流す』ノンクレジットオープニング映像┋2026年6月30日より、AT-X・TOKYO MX・BS11ほかにて放送中！,"これは、落ちこぼれ令嬢と不器用な皇子が幸せをつかみ取る、愛の物語──。
TVアニメ『無自覚聖女は今日も無意識に力を垂れ流す』2026年6月30日より、AT-X・TOKYO MX・BS11ほかにて放送中！
dアニメストア、U-NEXT、ABEMAにて地上波1週間先行配信中！その他プラットフォームにて、7月7日より順次配信！

▶︎公式サイト：https://mujikaku-seijo.com/
▶︎公式X：https://x.com/mujikaku_seijo
推奨ハッシュタグ：#無自覚聖女

ノンクレジットオープニング映像を公開！
花耶によるオープニングテーマ「Windmaker」と共にお楽しみください！
▼楽曲配信はこちら
https://nex-tone.link/A00221343

▼楽曲MVはこちら
https://youtu.be/sg1p3sEU88Q


━━ TVアニメ『無自覚聖女は今日も無意識に力を垂れ流す』作品情報 ━━

◇◇◇ イントロダクション ◇◇◇
優秀なサンチェス公爵家には二人の姉妹がいた。
姉のフローラは才色兼備な聖女候補。
妹のカロリーナは地味で才能もない落ちこぼれ……。
カロリーナは優秀な姉と比べられ、劣等感を抱える日々を送っていた。

ある日、カロリーナのもとに隣国との関係調整のため第二皇子との縁談が舞い込む。
ただし、皇子は“野蛮”で“残酷無比”と噂の人物。

「お役に立てるなら」

国を守るため政略結婚を受け入れるカロリーナだったが、
この決断が人生を一変させる──。

噂に反して紳士的な皇子や新しい家族に正当に評価され、
少しずつ自分を認められるようになっていくカロリーナ。
さらに、不思議な力が宿っていることが判明する。

一方、王国に残されたフローラは不調続きで……。

「第2回アース・スターノベル大賞」奨励賞受賞、
シリーズ累計200万部突破の人気タイトルが、待望のアニメ化決定！

これは、落ちこぼれ令嬢と不器用な皇子が
幸せをつかみ取る、愛の物語──。


◇◇◇ 放送/配信情報 ◇◇◇
2026年6月30日より、AT-X・TOKYO MX・BS11ほかにて放送中！
AT-X：6月30日より、毎週火曜日22:00～
(※リピート放送：毎週木曜日10:00～/毎週月曜日16:00～)
TOKYO MX：7月7日より、毎週火曜日23:00～
BS11：7月9日より、毎週木曜日25:00～
とちぎテレビ：7月9日より、毎週木曜日23:00～
群馬テレビ：7月10日より、毎週金曜日24:30～

dアニメストア、U-NEXT、ABEMAにて地上波1週間先行配信中！
その他プラットフォームにて、7月7日より順次配信

※日時は予告なく変更となる場合がございます


◇◇◇ STAFF ◇◇◇
原作：あーもんど(アース・スター ルナ/アース・スター エンターテイメント刊)
原作イラスト・キャラクターデザイン原案：あんべよしろう
コミカライズ：えとうヨナ

監督：熨斗谷充孝
シリーズ構成：待田堂子
キャラクターデザイン：永井泰平
プロップ・サブキャラクターデザイン：榎本彩芽
美術設定、美術監督：池田 尚
色彩設計：猪又菜美
撮影監督：山本耕平（エースクリエイション）
編集：小野寺絵美
音響監督：髙桑 一
音楽：SUPA LOVE
アニメーション制作：マジックバス×ピカンテサーカス


◇◇◇ CAST ◇◇◇
カロリーナ：高橋李依
エドワード：古川 慎
フローラ：白石晴香
テオドール：土岐隼一
マリッサ：水瀬いのり
ギルバート：田丸篤志
オーウェン：岡本信彦


◇◇◇ MUSIC ◇◇◇
オープニングテーマ：花耶「Windmaker」
エンディングテーマ：ウタヒメドリーム オールスターズ【夢咲いぶき（CV:山﨑玲奈）, 桜木舞華（CV:鈴木杏奈）, 真白清美（CV:其原有沙）, HiREN（CV:花耶）, 水月ひかり（CV:礒部花凜）, 高木凛（CV:鷲見友美ジェナ）, 萩原ひまわり（CV:倉知玲鳳）, SAKURAKO（CV:竹内夢）】「アンノウンミー」


◇◇◇ 原作情報 ◇◇◇

【原作ノベル】
『無自覚聖女は今日も無意識に力を垂れ流す 今代の聖女は姉ではなく、妹の私だったみたいです』

著：あーもんど
イラスト：あんべよしろう

「アース・スター ルナ」アース・スター エンターテイメント刊
全4巻、好評発売中！

▼原作ノベル特集ページはこちら
https://www.es-luna.jp/feature/1million/mujikaku/

▼Amazon購入はこちら
https://www.amazon.co.jp/dp/4803015309/

【コミック】
『無自覚聖女は今日も無意識に力を垂れ流す 〜公爵家の落ちこぼれ令嬢、嫁ぎ先で幸せを掴み取る〜』

原作：あーもんど・あんべよしろう
漫画：えとうヨナ

「コミック アース・スター」連載
1～7巻、好評発売中！

▼「コミック アース・スター」連載ページはこちら
https://comic-earthstar.com/episode/14079602755509004886

▼Amazon購入はこちら
https://www.amazon.co.jp/dp/4803016976/


━━━━━━━━━━━━━━━━━━━
#アーススター #あーもんど #あんべよしろう #えとうヨナ #高橋李依 #古川慎 #白石晴香 #土岐隼一 #水瀬いのり #花耶 #ウタヒメドリーム #ウタドリ #田丸篤志 #岡本信彦

©あーもんど/アース・スター エンターテイメント/無自覚聖女は今日も無意識に力を垂れ流す製作委員会",2026-07-09T16:30:08Z,【公式】アース・スター エンターテイメント,UCBoHPnjDHd2W6mY7lHCTzXA,26053,https://i.ytimg.com/vi/TOj2RisiiwY/hqdefault.jpg,無自覚聖女は今日も無意識に力を垂れ流す ノンクレジットオープニング映像2026年6月30日よりAT-XTOKYO MXBS11ほかにて放送中 これは落ちこぼれ令嬢と不器用な皇子が幸せをつかみ取る愛の物語 無自覚聖女は今日も無意識に力を垂れ流す 2026年6月30日よりAT-XTOKYO MXBS11ほかにて放送中 dアニメストアU-NEXTABEMAにて地上波1週間先行配信中その他プラットフォームにて7月7日より順次配信 公式サイトhttpsmujikaku-seijocom 公式Xhttpsxcommujikakuseijo 推奨ハッシュタグ無自覚聖女 ノンクレジットオープニング映像を公開 花耶によるオープニングテーマ Windmaker と共にお楽しみください 楽曲配信はこちら httpsnex-tonelinkA00221343 楽曲MVはこちら httpsyoutubesg1p3sEU88Q 無自覚聖女は今日も無意識に力を垂れ流す 作品情報 イントロダクション 優秀なサンチェス公爵家には二人の姉妹がいた 姉のフローラは才色兼備な聖女候補 妹のカロリーナは地味で才能もない落ちこぼれ カロリーナは優秀な姉と比べられ劣等感を抱える日を送っていた ある日カロリーナのもとに隣国との関係調整のため第二皇子との縁談が舞い込む ただし皇子は野蛮で残酷無比と噂の人物 お役に立てるなら 国を守るため政略結婚を受け入れるカロリーナだったが この決断が人生を一変させる 噂に反して紳士的な皇子や新しい家族に正当に評価され 少しずつ自分を認められるようになっていくカロリーナ さらに不思議な力が宿っていることが判明する 一方王国に残されたフローラは不調続きで 第2回アーススターノベル大賞 奨励賞受賞 シリーズ累計200万部突破の人気タイトルが待望のアニメ化決定 これは落ちこぼれ令嬢と不器用な皇子が 幸せをつかみ取る愛の物語 放送配信情報 2026年6月30日よりAT-XTOKYO MXBS11ほかにて放送中 AT-X6月30日より毎週火曜日2200 TOKYO MX7月7日より毎週火曜日2300 BS117月9日より毎週木曜日2500 とちぎテレビ7月9日より毎週木曜日2300 群馬テレビ7月10日より毎週金曜日2430 dアニメストアU-NEXTABEMAにて地上波1週間先行配信中 その他プラットフォームにて7月7日より順次配信 日時は予告なく変更となる場合がございます STAFF 原作あーもんど 原作イラストキャラクターデザイン原案あんべよしろう コミカライズえとうヨナ 監督熨斗谷充孝 シリーズ構成待田堂子 キャラクターデザイン永井泰平 プロップサブキャラクターデザイン榎本彩芽 美術設定美術監督池田 尚 色彩設計猪又菜美 撮影監督山本耕平エースクリエイション 編集小野寺絵美 音響監督髙桑 一 音楽SUPA LOVE アニメーション制作マジックバスピカンテサーカス CAST カロリーナ高橋李依 エドワード古川 慎 フローラ白石晴香 テオドール土岐隼一 マリッサ水瀬いのり ギルバート田丸篤志 オーウェン岡本信彦 MUSIC オープニングテーマ花耶 Windmaker エンディングテーマウタヒメドリーム オールスターズ 夢咲いぶきCV山玲奈 桜木舞華CV鈴木杏奈 真白清美CV其原有沙 HiRENCV花耶 水月ひかりCV礒部花凜 高木凛CV鷲見友美ジェナ 萩原ひまわりCV倉知玲鳳 SAKURAKOCV竹内夢 アンノウンミー 原作情報 原作ノベル 無自覚聖女は今日も無意識に力を垂れ流す 今代の聖女は姉ではなく妹の私だったみたいです 著あーもんど イラストあんべよしろう アーススター ルナ アーススター エンターテイメント刊 全4巻好評発売中 原作ノベル特集ページはこちら httpswwwes-lunajpfeature1millionmujikaku Amazon購入はこちら httpswwwamazoncojpdp4803015309 コミック 無自覚聖女は今日も無意識に力を垂れ流す 〜公爵家の落ちこぼれ令嬢嫁ぎ先で幸せを掴み取る〜 原作あーもんどあんべよしろう 漫画えとうヨナ コミック アーススター 連載 17巻好評発売中 コミック アーススター 連載ページはこちら httpscomic-earthstarcomepisode14079602755509004886 Amazon購入はこちら httpswwwamazoncojpdp4803016976 アーススター あーもんど あんべよしろう えとうヨナ 高橋李依 古川慎 白石晴香 土岐隼一 水瀬いのり 花耶 ウタヒメドリーム ウタドリ 田丸篤志 岡本信彦 あーもんどアーススター エンターテイメント無自覚聖女は今日も無意識に力を垂れ流す製作委員会,無自覚聖女は今日も無意識に力を垂れ流す ノンクレジットオープニング映像2026年6月30日よりAT-XTOKYO MXBS11ほかにて放送中 これは落ちこぼれ令嬢と不器用な皇子が幸せをつかみ取る愛の物語 無自覚聖女は今日も無意識に力を垂れ流す 2026年6月30日よりAT-XTOKYO MXBS11ほかにて放送中 dアニメストアU-NEXTABEMAにて地上波1週間先行配信中その他プラットフォームにて7月7日より順次配信 公式サイトhttpsmujikaku-seijocom 公式Xhttpsxcommujikakuseijo 推奨ハッシュタグ無自覚聖女 ノンクレジットオープニング映像を公開 花耶によるオープニングテーマ Windmaker と共にお楽しみください 楽曲配信はこちら httpsnex-tonelinkA00221343 楽曲MVはこちら httpsyoutubesg1p3sEU88Q 無自覚聖女は今日も無意識に力を垂れ流す 作品情報 イントロダクション 優秀なサンチェス公爵家には二人の姉妹がいた 姉のフローラは才色兼備な聖女候補 妹のカロリーナは地味で才能もない落ちこぼれ カロリーナは優秀な姉と比べられ劣等感を抱える日を送っていた ある日カロリーナのもとに隣国との関係調整のため第二皇子との縁談が舞い込む ただし皇子は野蛮で残酷無比と噂の人物 お役に立てるなら 国を守るため政略結婚を受け入れるカロリーナだったが この決断が人生を一変させる 噂に反して紳士的な皇子や新しい家族に正当に評価され 少しずつ自分を認められるようになっていくカロリーナ さらに不思議な力が宿っていることが判明する 一方王国に残されたフローラは不調続きで 第2回アーススターノベル大賞 奨励賞受賞 シリーズ累計200万部突破の人気タイトルが待望のアニメ化決定 これは落ちこぼれ令嬢と不器用な皇子が 幸せをつかみ取る愛の物語 放送配信情報 2026年6月30日よりAT-XTOKYO MXBS11ほかにて放送中 AT-X6月30日より毎週火曜日2200 TOKYO MX7月7日より毎週火曜日2300 BS117月9日より毎週木曜日2500 とちぎテレビ7月9日より毎週木曜日2300 群馬テレビ7月10日より毎週金曜日2430 dアニメストアU-NEXTABEMAにて地上波1週間先行配信中 その他プラットフォームにて7月7日より順次配信 日時は予告なく変更となる場合がございます STAFF 原作あーもんど 原作イラストキャラクターデザイン原案あんべよしろう コミカライズえとうヨナ 監督熨斗谷充孝 シリーズ構成待田堂子 キャラクターデザイン永井泰平 プロップサブキャラクターデザイン榎本彩芽 美術設定美術監督池田 尚 色彩設計猪又菜美 撮影監督山本耕平エースクリエイション 編集小野寺絵美 音響監督髙桑 一 音楽SUPA LOVE アニメーション制作マジックバスピカンテサーカス CAST カロリーナ高橋李依 エドワード古川 慎 フローラ白石晴香 テオドール土岐隼一 マリッサ水瀬いのり ギルバート田丸篤志 オーウェン岡本信彦 MUSIC オープニングテーマ花耶 Windmaker エンディングテーマウタヒメドリーム オールスターズ 夢咲いぶきCV山玲奈 桜木舞華CV鈴木杏奈 真白清美CV其原有沙 HiRENCV花耶 水月ひかりCV礒部花凜 高木凛CV鷲見友美ジェナ 萩原ひまわりCV倉知玲鳳 SAKURAKOCV竹内夢 アンノウンミー 原作情報 原作ノベル 無自覚聖女は今日も無意識に力を垂れ流す 今代の聖女は姉ではなく妹の私だったみたいです 著あーもんど イラストあんべよしろう アーススター ルナ アーススター エンターテイメント刊 全4巻好評発売中 原作ノベル特集ページはこちら httpswwwes-lunajpfeature1millionmujikaku Amazon購入はこちら httpswwwamazoncojpdp4803015309 コミック 無自覚聖女は今日も無意識に力を垂れ流す 〜公爵家の落ちこぼれ令嬢嫁ぎ先で幸せを掴み取る〜 原作あーもんどあんべよしろう 漫画えとうヨナ コミック アーススター 連載 17巻好評発売中 コミック アーススター 連載ページはこちら httpscomic-earthstarcomepisode14079602755509004886 Amazon購入はこちら httpswwwamazoncojpdp4803016976 アーススター あーもんど あんべよしろう えとうヨナ 高橋李依 古川慎 白石晴香 土岐隼一 水瀬いのり 花耶 ウタヒメドリーム ウタドリ 田丸篤志 岡本信彦 あーもんどアーススター エンターテイメント無自覚聖女は今日も無意識に力を垂れ流す製作委員会,無自覚聖女は今日も無意識に力を垂れ流す ノンクレジットオープニング映像2026年6月30日よりAT-XTOKYO MXBS11ほかにて放送中 これは落ちこぼれ令嬢と不器用な皇子が幸せをつかみ取る愛の物語 無自覚聖女は今日も無意識に力を垂れ流す 2026年6月30日よりAT-XTOKYO MXBS11ほかにて放送中 dアニメストアU-NEXTABEMAにて地上波1週間先行配信中その他プラットフォームにて7月7日より順次配信 公式サイトhttpsmujikaku-seijocom 公式Xhttpsxcommujikakuseijo 推奨ハッシュタグ無自覚聖女 ノンクレジットオープニング映像を公開 花耶によるオープニングテーマ Windmaker と共にお楽しみください 楽曲配信はこちら httpsnex-tonelinkA00221343 楽曲MVはこちら httpsyoutubesg1p3sEU88Q 無自覚聖女は今日も無意識に力を垂れ流す 作品情報 イントロダクション 優秀なサンチェス公爵家には二人の姉妹がいた 姉のフローラは才色兼備な聖女候補 妹のカロリーナは地味で才能もない落ちこぼれ カロリーナは優秀な姉と比べられ劣等感を抱える日を送っていた ある日カロリーナのもとに隣国との関係調整のため第二皇子との縁談が舞い込む ただし皇子は野蛮で残酷無比と噂の人物 お役に立てるなら 国を守るため政略結婚を受け入れるカロリーナだったが この決断が人生を一変させる 噂に反して紳士的な皇子や新しい家族に正当に評価され 少しずつ自分を認められるようになっていくカロリーナ さらに不思議な力が宿っていることが判明する 一方王国に残されたフローラは不調続きで 第2回アーススターノベル大賞 奨励賞受賞 シリーズ累計200万部突破の人気タイトルが待望のアニメ化決定 これは落ちこぼれ令嬢と不器用な皇子が 幸せをつかみ取る愛の物語 放送配信情報 2026年6月30日よりAT-XTOKYO MXBS11ほかにて放送中 AT-X6月30日より毎週火曜日2200 TOKYO MX7月7日より毎週火曜日2300 BS117月9日より毎週木曜日2500 とちぎテレビ7月9日より毎週木曜日2300 群馬テレビ7月10日より毎週金曜日2430 dアニメストアU-NEXTABEMAにて地上波1週間先行配信中 その他プラットフォームにて7月7日より順次配信 日時は予告なく変更となる場合がございます STAFF 原作あーもんど 原作イラストキャラクターデザイン原案あんべよしろう コミカライズえとうヨナ 監督熨斗谷充孝 シリーズ構成待田堂子 キャラクターデザイン永井泰平 プロップサブキャラクターデザイン榎本彩芽 美術設定美術監督池田 尚 色彩設計猪又菜美 撮影監督山本耕平エースクリエイション 編集小野寺絵美 音響監督髙桑 一 音楽SUPA LOVE アニメーション制作マジックバスピカンテサーカス CAST カロリーナ高橋李依 エドワード古川 慎 フローラ白石晴香 テオドール土岐隼一 マリッサ水瀬いのり ギルバート田丸篤志 オーウェン岡本信彦 MUSIC オープニングテーマ花耶 Windmaker エンディングテーマウタヒメドリーム オールスターズ 夢咲いぶきCV山玲奈 桜木舞華CV鈴木杏奈 真白清美CV其原有沙 HiRENCV花耶 水月ひかりCV礒部花凜 高木凛CV鷲見友美ジェナ 萩原ひまわりCV倉知玲鳳 SAKURAKOCV竹内夢 アンノウンミー 原作情報 原作ノベル 無自覚聖女は今日も無意識に力を垂れ流す 今代の聖女は姉ではなく妹の私だったみたいです 著あーもんど イラストあんべよしろう アーススター ルナ アーススター エンターテイメント刊 全4巻好評発売中 原作ノベル特集ページはこちら httpswwwes-lunajpfeature1millionmujikaku Amazon購入はこちら httpswwwamazoncojpdp4803015309 コミック 無自覚聖女は今日も無意識に力を垂れ流す 〜公爵家の落ちこぼれ令嬢嫁ぎ先で幸せを掴み取る〜 原作あーもんどあんべよしろう 漫画えとうヨナ コミック アーススター 連載 17巻好評発売中 コミック アーススター 連載ページはこちら httpscomic-earthstarcomepisode14079602755509004886 Amazon購入はこちら httpswwwamazoncojpdp4803016976 アーススター あーもんど あんべよしろう えとうヨナ 高橋李依 古川慎 白石晴香 土岐隼一 水瀬いのり 花耶 ウタヒメドリーム ウタドリ 田丸篤志 岡本信彦 あーもんどアーススター エンターテイメント無自覚聖女は今日も無意識に力を垂れ流す製作委員会,99,未分類,op,OP,0,https://yt3.ggpht.com/AwvZ9pGFT_eE8tbMhKVyfYLlbvvtpWzRIkEMltel3LJNHY8itGNvUYs4jwwRU2KMr_sxI2Pn=s800-c-k-c0x00ffffff-no-rj,30300
FXO4KFzLwfk,『無職転生Ⅲ』第7話ノンクレジットOPムービー／OPテーマ：「芽吹の唄」大原ゆい子,"TVアニメ第3期
『無職転生Ⅲ ～異世界行ったら本気だす～』
8月9日(日)放送 第7話「第四段階」ノンクレジットOP

「芽吹の唄」#大原ゆい子 
楽曲配信▶https://nex-tone.link/9cfVwZ92i

毎週日曜 放送中
24:00 TOKYO MX／25:30 サンテレビ／24:45 KBS京都
ABEMA・dアニメストア地上波同時・最速先行配信
他配信サービス 毎週水曜24:00順次配信

原作：理不尽な孫の手（MFブックス／KADOKAWA刊）
キャラクター原案：シロタカ　　原作企画：フロンティアワークス
監督：渋谷亮介　シリーズ構成：渋谷亮介・谷内直人
キャラクターデザイン：嶋田真恵・古川良太
総作画監督：中野圭哉・嶋田聡史　美術監督：三宅昌和
色彩設計：土居真紀子　　撮影監督：頓所信二
編集：三嶋章紀　　音響監督：明田川仁　　音響効果：上野 励
音響制作：マジックカプセル　　音楽：藤澤慶昌
オープニングテーマ：「決意の唄」大原ゆい子
エンディングテーマ：「祈り、終われば」中島美嘉
プロデュース：EGG FIRM　　制作：スタジオバインド

【キャスト】
ルーデウス・グレイラット：内山夕実
前世の男：杉田智和
シルフィエット・グレイラット：茅野愛衣
ロキシー・ミグルディア・グレイラット：小原好美
ゼニス・グレイラット：金元寿子
リーリャ・グレイラット：Lynn
ノルン・グレイラット：会沢紗弥
アイシャ・グレイラット：高田憂希
エリナリーゼ・ドラゴンロード：田中理恵
ザノバ・シーローン：鶴岡 聡
クリフ・グリモル：逢坂良太
アリエル・アネモイ・アスラ：上田麗奈
ルーク・ノトス・グレイラット：興津和幸
リニアーナ・デドルディア：ファイルーズあい
プルセナ・アドルディア：田中美海
ジュリエット：諸星すみれ
ナナホシ・シズカ：若山詩音

公式サイト：https://mushokutensei.jp
公式X：https://x.com/mushokutensei_A
公式TikTok：http://tiktok.com/@mushokutensei_a

©理不尽な孫の手/MFブックス/「無職転生Ⅲ」製作委員会

#無職転生 #無職転生3期 #アニメ
-----------------------------------------------
TOHO animation
Portal Site：https://tohoanimation.jp/portal/
Official X(JP)：https://x.com/TOHOanimation
Official X(EN)：https://x.com/tohoanimationen
Official TikTok(JP)：https://www.tiktok.com/@tohoanimationch
Official TikTok(EN)：https://www.tiktok.com/@tohoanimationen
Official Instagram(JP)：https://www.instagram.com/tohoanimation_info/
Official Threads(JP)：https://www.threads.com/@tohoanimation_info/
-----------------------------------------------
TOHO animation STORE
Online Store：https://tohoanimationstore.com/shop/
Official X：https://x.com/TOHOanimeSTORE
-----------------------------------------------",2026-08-10T09:59:25Z,TOHO animation チャンネル,UC14Yc2Qv92DMuyNRlHvpo2Q,25545,https://i.ytimg.com/vi/FXO4KFzLwfk/hqdefault.jpg,無職転生 第7話ノンクレジットOPムービー OPテーマ 芽吹の唄 大原ゆい子 TVアニメ 無職転生 異世界行ったら本気だす 8月9日 放送 第7話 第四段階 ノンクレジットOP 芽吹の唄 大原ゆい子 楽曲配信httpsnex-tonelink9cfVwZ92i 毎週日曜 放送中 2400 TOKYO MX 2530 サンテレビ 2445 KBS京都 ABEMAdアニメストア地上波同時最速先行配信 他配信サービス 毎週水曜2400順次配信 原作理不尽な孫の手MFブックス KADOKAWA刊 キャラクター原案シロタカ 原作企画フロンティアワークス 監督渋谷亮介 シリーズ構成渋谷亮介谷内直人 キャラクターデザイン嶋田真恵古川良太 総作画監督中野圭哉嶋田聡史 美術監督三宅昌和 色彩設計土居真紀子 撮影監督頓所信二 編集三嶋章紀 音響監督明田川仁 音響効果上野 励 音響制作マジックカプセル 音楽藤澤慶昌 オープニングテーマ 決意の唄 大原ゆい子 エンディングテーマ 祈り終われば 中島美嘉 プロデュースEGG FIRM 制作スタジオバインド キャスト ルーデウスグレイラット内山夕実 前世の男杉田智和 シルフィエットグレイラット茅野愛衣 ロキシーミグルディアグレイラット小原好美 ゼニスグレイラット金元寿子 リーリャグレイラットLynn ノルングレイラット会沢紗弥 アイシャグレイラット高田憂希 エリナリーゼドラゴンロード田中理恵 ザノバシーローン鶴岡 聡 クリフグリモル逢坂良太 アリエルアネモイアスラ上田麗奈 ルークノトスグレイラット興津和幸 リニアーナデドルディアファイルーズあい プルセナアドルディア田中美海 ジュリエット諸星すみれ ナナホシシズカ若山詩音 公式サイトhttpsmushokutenseijp 公式XhttpsxcommushokutenseiA 公式TikTokhttptiktokcommushokutenseia 理不尽な孫の手MFブックス 無職転生 製作委員会 無職転生 無職転生3期 ----------------------------------------------- TOHO animation Portal Sitehttpstohoanimationjpportal X httpsxcomTOHOanimation X httpsxcomtohoanimationen TikTok httpswwwtiktokcomtohoanimationch TikTok httpswwwtiktokcomtohoanimationen Instagram httpswwwinstagramcomtohoanimationinfo Threads httpswwwthreadscomtohoanimationinfo ----------------------------------------------- TOHO animation STORE Online Storehttpstohoanimationstorecomshop XhttpsxcomTOHOanimeSTORE,無職転生 第7話ノンクレジットOPムービー OPテーマ 芽吹の唄 大原ゆい子 TVアニメ 無職転生 異世界行ったら本気だす 8月9日 放送 第7話 第四段階 ノンクレジットOP 芽吹の唄 大原ゆい子 楽曲配信httpsnex-tonelink9cfVwZ92i 毎週日曜 放送中 2400 TOKYO MX 2530 サンテレビ 2445 KBS京都 ABEMAdアニメストア地上波同時最速先行配信 他配信サービス 毎週水曜2400順次配信 原作理不尽な孫の手MFブックス KADOKAWA刊 キャラクター原案シロタカ 原作企画フロンティアワークス 監督渋谷亮介 シリーズ構成渋谷亮介谷内直人 キャラクターデザイン嶋田真恵古川良太 総作画監督中野圭哉嶋田聡史 美術監督三宅昌和 色彩設計土居真紀子 撮影監督頓所信二 編集三嶋章紀 音響監督明田川仁 音響効果上野 励 音響制作マジックカプセル 音楽藤澤慶昌 オープニングテーマ 決意の唄 大原ゆい子 エンディングテーマ 祈り終われば 中島美嘉 プロデュースEGG FIRM 制作スタジオバインド キャスト ルーデウスグレイラット内山夕実 前世の男杉田智和 シルフィエットグレイラット茅野愛衣 ロキシーミグルディアグレイラット小原好美 ゼニスグレイラット金元寿子 リーリャグレイラットLynn ノルングレイラット会沢紗弥 アイシャグレイラット高田憂希 エリナリーゼドラゴンロード田中理恵 ザノバシーローン鶴岡 聡 クリフグリモル逢坂良太 アリエルアネモイアスラ上田麗奈 ルークノトスグレイラット興津和幸 リニアーナデドルディアファイルーズあい プルセナアドルディア田中美海 ジュリエット諸星すみれ ナナホシシズカ若山詩音 公式サイトhttpsmushokutenseijp 公式XhttpsxcommushokutenseiA 公式TikTokhttptiktokcommushokutenseia 理不尽な孫の手MFブックス 無職転生 製作委員会 無職転生 無職転生3期 ----------------------------------------------- TOHO animation Portal Sitehttpstohoanimationjpportal X httpsxcomTOHOanimation X httpsxcomtohoanimationen TikTok httpswwwtiktokcomtohoanimationch TikTok httpswwwtiktokcomtohoanimationen Instagram httpswwwinstagramcomtohoanimationinfo Threads httpswwwthreadscomtohoanimationinfo ----------------------------------------------- TOHO animation STORE Online Storehttpstohoanimationstorecomshop XhttpsxcomTOHOanimeSTORE,無職転生 第7話ノンクレジットOPムービー OPテーマ 芽吹の唄 大原ゆい子 TVアニメ 無職転生 異世界行ったら本気だす 8月9日 放送 第7話 第四段階 ノンクレジットOP 芽吹の唄 大原ゆい子 楽曲配信httpsnex-tonelink9cfVwZ92i 毎週日曜 放送中 2400 TOKYO MX 2530 サンテレビ 2445 KBS京都 ABEMAdアニメストア地上波同時最速先行配信 他配信サービス 毎週水曜2400順次配信 原作理不尽な孫の手MFブックス KADOKAWA刊 キャラクター原案シロタカ 原作企画フロンティアワークス 監督渋谷亮介 シリーズ構成渋谷亮介谷内直人 キャラクターデザイン嶋田真恵古川良太 総作画監督中野圭哉嶋田聡史 美術監督三宅昌和 色彩設計土居真紀子 撮影監督頓所信二 編集三嶋章紀 音響監督明田川仁 音響効果上野 励 音響制作マジックカプセル 音楽藤澤慶昌 オープニングテーマ 決意の唄 大原ゆい子 エンディングテーマ 祈り終われば 中島美嘉 プロデュースEGG FIRM 制作スタジオバインド キャスト ルーデウスグレイラット内山夕実 前世の男杉田智和 シルフィエットグレイラット茅野愛衣 ロキシーミグルディアグレイラット小原好美 ゼニスグレイラット金元寿子 リーリャグレイラットLynn ノルングレイラット会沢紗弥 アイシャグレイラット高田憂希 エリナリーゼドラゴンロード田中理恵 ザノバシーローン鶴岡 聡 クリフグリモル逢坂良太 アリエルアネモイアスラ上田麗奈 ルークノトスグレイラット興津和幸 リニアーナデドルディアファイルーズあい プルセナアドルディア田中美海 ジュリエット諸星すみれ ナナホシシズカ若山詩音 公式サイトhttpsmushokutenseijp 公式XhttpsxcommushokutenseiA 公式TikTokhttptiktokcommushokutenseia 理不尽な孫の手MFブックス 無職転生 製作委員会 無職転生 無職転生3期 ----------------------------------------------- TOHO animation Portal Sitehttpstohoanimationjpportal X httpsxcomTOHOanimation X httpsxcomtohoanimationen TikTok httpswwwtiktokcomtohoanimationch TikTok httpswwwtiktokcomtohoanimationen Instagram httpswwwinstagramcomtohoanimationinfo Threads httpswwwthreadscomtohoanimationinfo ----------------------------------------------- TOHO animation STORE Online Storehttpstohoanimationstorecomshop XhttpsxcomTOHOanimeSTORE,3,第3クール,op,OP,0,https://yt3.ggpht.com/eWI91qDASaVas8dGoEkvje7u30u0Wo8buZBhtX9xsMnzGsgzJWiY4WLUzoDXimWFJBbNlc_OXA=s800-c-k-c0x00ffffff-no-rj,4440000
sbaSQw9Soks,TVアニメ「落第賢者の学院無双」ノンクレジットエンディングアナスタシアVer.｜TrySail「憧憬」,"TVアニメ
『落第賢者の学院無双～二度目の転生、Sランクチート魔術師冒険録～』
TrySailが歌う「憧憬」ノンクレジットエンディング映像アナスタシアVer.公開！
毎週水曜 24時00分～TOKYO MXほかにて好評放送中！！

✦放送情報
TOKYO MX：毎週水曜 24時00分～
ABCテレビ：毎週土曜 深夜2時30分～
BSフジ CH182：毎週金曜 23時30分～
WOWOW：毎週火曜 24時30分～　全話無料放送

✦地上波先行・最速配信中！
dアニメストア：地上波6日先行　毎週木曜24:00～
ABEMA：地上波6日先行　毎週木曜24:00～
U-NEXT：地上波6日先行　毎週木曜24:00～

-----------------------------------------------
原作コミックス最新9巻、絶賛発売中！
マンガUP!にて好評連載中！
https://www.manga-up.com/titles/506
-----------------------------------------------

✦スタッフ
原作：白石 新
漫画：けんたろう
キャラクター原案：魚デニム （掲載 「マンガUP!」スクウェア・エニックス刊）

監督：石井久志　シリーズ構成：赤尾でこ
キャラクターデザイン：古川英樹　音楽：中橋孝晃
アニメーション制作：EMTスクエアード

公式サイト：https://rakudai-anime.com/
公式X：https://x.com/rakudai_anime

✦キャスト
エフタル： 梅田修一朗
アナスタシア： 小山内怜央
マーリン： 白石晴香　ほか

✦テーマソング
【オープニング】
「＋ENCOUNT」
FLOW
作詞：KOHSHI ASAKAWA
作曲：TAKESHI ASAKAWA　
編曲：FLOW
（SACRA MUSIC / Sony Music Labels）
主題歌協力：田坂健太、田村建吾

【エンディング】
「憧憬」
TrySail
作詞・作曲・編曲：sabio
（SACRA MUSIC / Sony Music Labels）

✦イントロダクション
現代から転生し、人生のすべてを魔導の研究に費やした大賢者エフタル。
しかし彼は己の才能の限界を知り、絶望と後悔の果てに命を落としてしまう。

――それから400年。
前世の知識と魔術を携え、二度目の転生を遂げたエフタルは、再び魔導の頂きを目指すことを決意する。だが彼を待っていたのは、なぜか魔法文明が著しく衰退した世界だった。彼の扱う魔法は、もはや“奇跡”と呼ばれる領域――。

それでもなお魔導には上があると信じ、彼は旅の途中で出会った奴隷の少女、アナスタシアとともに魔法学院の入学試験へと向かう。
その前にたちはだかったのは、魔族屈指の魔術師にして名門学院の学長マーリン――400年を越えてなお、師であるエフタルを想い続ける“かつての弟子”だった。

絶望から転生した賢者が、世界の常識を塗り替える。
規格外の学院ファンタジー、開幕！

©白石新・けんたろう・魚デニム／SQUARE ENIX・「落第賢者の学院無双〜二度目の転生、Ｓランクチート魔術師冒険録〜」製作委員会

#落第賢者 #梅田修一朗 #小山内怜央  #白石晴香 #2026アニメ #anime",2026-07-22T15:30:33Z,NBCUniversal Anime/Music,UCeOMz8AiNhsDhEovu5_3ujQ,25189,https://i.ytimg.com/vi/sbaSQw9Soks/hqdefault.jpg,落第賢者の学院無双 ノンクレジットエンディングアナスタシアVer TrySail 憧憬 落第賢者の学院無双二度目の転生Sランクチート魔術師冒険録 TrySailが歌う 憧憬 ノンクレジットエンディング映像アナスタシアVer公開 毎週水曜 24時00分TOKYO MXほかにて好評放送中 放送情報 TOKYO MX毎週水曜 24時00分 ABCテレビ毎週土曜 深夜2時30分 BSフジ CH182毎週金曜 23時30分 WOWOW毎週火曜 24時30分 全話無料放送 地上波先行最速配信中 dアニメストア地上波6日先行 毎週木曜2400 ABEMA地上波6日先行 毎週木曜2400 U-NEXT地上波6日先行 毎週木曜2400 ----------------------------------------------- 原作コミックス最新9巻絶賛発売中 マンガUPにて好評連載中 httpswwwmanga-upcomtitles506 ----------------------------------------------- スタッフ 原作白石 新 漫画けんたろう キャラクター原案魚デニム 掲載 マンガUP スクウェアエニックス刊 監督石井久志 シリーズ構成赤尾でこ キャラクターデザイン古川英樹 音楽中橋孝晃 アニメーション制作EMTスクエアード 公式サイトhttpsrakudai- com 公式Xhttpsxcomrakudaianime キャスト エフタル 梅田修一朗 アナスタシア 小山内怜央 マーリン 白石晴香 ほか テーマソング ENCOUNT FLOW 作詞KOHSHI ASAKAWA 作曲TAKESHI ASAKAWA 編曲FLOW SACRA MUSIC Sony Music Labels 主題歌協力田坂健太田村建吾 憧憬 TrySail 作詞作曲編曲sabio SACRA MUSIC Sony Music Labels イントロダクション 現代から転生し人生のすべてを魔導の研究に費やした大賢者エフタル しかし彼は己の才能の限界を知り絶望と後悔の果てに命を落としてしまう それから400年 前世の知識と魔術を携え二度目の転生を遂げたエフタルは再び魔導の頂きを目指すことを決意するだが彼を待っていたのはなぜか魔法文明が著しく衰退した世界だった彼の扱う魔法はもはや奇跡と呼ばれる領域 それでもなお魔導には上があると信じ彼は旅の途中で出会った奴隷の少女アナスタシアとともに魔法学院の入学試験へと向かう その前にたちはだかったのは魔族屈指の魔術師にして名門学院の学長マーリン400年を越えてなお師であるエフタルを想い続けるかつての弟子だった 絶望から転生した賢者が世界の常識を塗り替える 規格外の学院ファンタジー開幕 白石新けんたろう魚デニム SQUARE ENIX 落第賢者の学院無双〜二度目の転生ランクチート魔術師冒険録〜 製作委員会 落第賢者 梅田修一朗 小山内怜央 白石晴香 2026アニメ,落第賢者の学院無双 ノンクレジットエンディングアナスタシアVer TrySail 憧憬 落第賢者の学院無双二度目の転生Sランクチート魔術師冒険録 TrySailが歌う 憧憬 ノンクレジットエンディング映像アナスタシアVer公開 毎週水曜 24時00分TOKYO MXほかにて好評放送中 放送情報 TOKYO MX毎週水曜 24時00分 ABCテレビ毎週土曜 深夜2時30分 BSフジ CH182毎週金曜 23時30分 WOWOW毎週火曜 24時30分 全話無料放送 地上波先行最速配信中 dアニメストア地上波6日先行 毎週木曜2400 ABEMA地上波6日先行 毎週木曜2400 U-NEXT地上波6日先行 毎週木曜2400 ----------------------------------------------- 原作コミックス最新9巻絶賛発売中 マンガUPにて好評連載中 httpswwwmanga-upcomtitles506 ----------------------------------------------- スタッフ 原作白石 新 漫画けんたろう キャラクター原案魚デニム 掲載 マンガUP スクウェアエニックス刊 監督石井久志 シリーズ構成赤尾でこ キャラクターデザイン古川英樹 音楽中橋孝晃 アニメーション制作EMTスクエアード 公式サイトhttpsrakudai- com 公式Xhttpsxcomrakudaianime キャスト エフタル 梅田修一朗 アナスタシア 小山内怜央 マーリン 白石晴香 ほか テーマソング ENCOUNT FLOW 作詞KOHSHI ASAKAWA 作曲TAKESHI ASAKAWA 編曲FLOW SACRA MUSIC Sony Music Labels 主題歌協力田坂健太田村建吾 憧憬 TrySail 作詞作曲編曲sabio SACRA MUSIC Sony Music Labels イントロダクション 現代から転生し人生のすべてを魔導の研究に費やした大賢者エフタル しかし彼は己の才能の限界を知り絶望と後悔の果てに命を落としてしまう それから400年 前世の知識と魔術を携え二度目の転生を遂げたエフタルは再び魔導の頂きを目指すことを決意するだが彼を待っていたのはなぜか魔法文明が著しく衰退した世界だった彼の扱う魔法はもはや奇跡と呼ばれる領域 それでもなお魔導には上があると信じ彼は旅の途中で出会った奴隷の少女アナスタシアとともに魔法学院の入学試験へと向かう その前にたちはだかったのは魔族屈指の魔術師にして名門学院の学長マーリン400年を越えてなお師であるエフタルを想い続けるかつての弟子だった 絶望から転生した賢者が世界の常識を塗り替える 規格外の学院ファンタジー開幕 白石新けんたろう魚デニム SQUARE ENIX 落第賢者の学院無双〜二度目の転生ランクチート魔術師冒険録〜 製作委員会 落第賢者 梅田修一朗 小山内怜央 白石晴香 2026アニメ,落第賢者の学院無双 ノンクレジットエンディングアナスタシアVer TrySail 憧憬 落第賢者の学院無双二度目の転生Sランクチート魔術師冒険録 TrySailが歌う 憧憬 ノンクレジットエンディング映像アナスタシアVer公開 毎週水曜 24時00分TOKYO MXほかにて好評放送中 放送情報 TOKYO MX毎週水曜 24時00分 ABCテレビ毎週土曜 深夜2時30分 BSフジ CH182毎週金曜 23時30分 WOWOW毎週火曜 24時30分 全話無料放送 地上波先行最速配信中 dアニメストア地上波6日先行 毎週木曜2400 ABEMA地上波6日先行 毎週木曜2400 U-NEXT地上波6日先行 毎週木曜2400 ----------------------------------------------- 原作コミックス最新9巻絶賛発売中 マンガUPにて好評連載中 httpswwwmanga-upcomtitles506 ----------------------------------------------- スタッフ 原作白石 新 漫画けんたろう キャラクター原案魚デニム 掲載 マンガUP スクウェアエニックス刊 監督石井久志 シリーズ構成赤尾でこ キャラクターデザイン古川英樹 音楽中橋孝晃 アニメーション制作EMTスクエアード 公式サイトhttpsrakudai- com 公式Xhttpsxcomrakudaianime キャスト エフタル 梅田修一朗 アナスタシア 小山内怜央 マーリン 白石晴香 ほか テーマソング ENCOUNT FLOW 作詞KOHSHI ASAKAWA 作曲TAKESHI ASAKAWA 編曲FLOW SACRA MUSIC Sony Music Labels 主題歌協力田坂健太田村建吾 憧憬 TrySail 作詞作曲編曲sabio SACRA MUSIC Sony Music Labels イントロダクション 現代から転生し人生のすべてを魔導の研究に費やした大賢者エフタル しかし彼は己の才能の限界を知り絶望と後悔の果てに命を落としてしまう それから400年 前世の知識と魔術を携え二度目の転生を遂げたエフタルは再び魔導の頂きを目指すことを決意するだが彼を待っていたのはなぜか魔法文明が著しく衰退した世界だった彼の扱う魔法はもはや奇跡と呼ばれる領域 それでもなお魔導には上があると信じ彼は旅の途中で出会った奴隷の少女アナスタシアとともに魔法学院の入学試験へと向かう その前にたちはだかったのは魔族屈指の魔術師にして名門学院の学長マーリン400年を越えてなお師であるエフタルを想い続けるかつての弟子だった 絶望から転生した賢者が世界の常識を塗り替える 規格外の学院ファンタジー開幕 白石新けんたろう魚デニム SQUARE ENIX 落第賢者の学院無双〜二度目の転生ランクチート魔術師冒険録〜 製作委員会 落第賢者 梅田修一朗 小山内怜央 白石晴香 2026アニメ,99,未分類,op,OP,0,https://yt3.ggpht.com/DpIpvILSTQVJn40L0KZwJOL_j_2fv2i_cZpvuzn7ISw0h6mZajbfJZZPCrcn68RuiaKidABC1wQ=s800-c-k-c0x00ffffff-no-rj,511000
GKtdRThIuuE,TVアニメ『対ありでした。～お嬢さまは格闘ゲームなんてしない～』ノンクレジットエンディング映像│halca 「NEW GAME」,"TVアニメ『対ありでした。～お嬢さまは格闘ゲームなんてしない～』ノンクレジットエンディング映像公開！
エンディング主題歌：halca 「NEW GAME」

お嬢さまたちの熱き格ゲーライフの火蓋が切って落とされる!!

■放送・配信情報
2026年7月7日(火)よりAT-X、TOKYO MX、MBS、ＢＳ日テレ、NBC長崎放送にて放送開始！
2026年7月7日(火)より毎週火曜21時30分～U-NEXT・アニメ放題・dアニメストアにて地上波先行・最速配信！
2026年7月12日(日)より毎週日曜21時30分～各配信サイトにて順次配信開始！

■キャスト
深月 綾：#長谷川育美
夜絵美緒：#市ノ瀬加那
犬井 夕：#千本木彩花
一ノ瀬珠樹：#下地紫野
藤宮亜里沙：#長縄まりあ
一ノ瀬 花：#花守ゆみり
gekido：#檜山修之
禍腐餌悪霊：#阿座上洋平
星識：#八代拓
フランベルジュ：#アール

■スタッフ
原作：江島絵理「対ありでした。 ～お嬢さまは格闘ゲームなんてしない～」（MFコミックス　フラッパーシリーズ／KADOKAWA刊）
監督：井畑翔太
シリーズ構成：渡 航
キャラクターデザイン：松本麻友子
美術設定：高橋麻穂
美術監督：Scott MacDonald
色彩設計：林 由稀
撮影監督：伊藤康行
編集：小島俊彦
音響監督：立石弥生
音楽：橋口佳奈
収録協力：FAV gaming
アニメーション制作：ディオメディア

■イントロダクション
お嬢さま学校に入学した庶民・深月綾は、
校内で最も注目を集める存在「白百合さま」こと夜絵美緒に憧れていた。

「……私もお嬢さまオーラを全身に纏いたい……！」

しかしある日、綾は美緒が誰もいない教室で対戦格闘ゲームに興じている場面を目撃してしまう。
そして、美緒は綾が格闘ゲーマーであることを見抜き――!?

学内でゲームをすることは厳禁。それでも二人は、今、戦いたい！

お嬢さまたちの熱き格ゲーライフの火蓋が切って落とされる!!

アニメ公式サイト ：https://taiari-anime.com
アニメ公式X　　  ：＠taiari_anime

■オープニング主題歌
花冷え。「命短し対する乙女よ」

■エンディング主題歌
halca「NEW GAME」

©2025 江島絵理/KADOKAWA/「対ありでした。」製作委員会
© Eri Ejima
#対ありでした　#対ありアニメ　#江島絵理",2026-07-14T13:30:01Z,KADOKAWAanime,UCY5fcqgSrQItPAX_Z5Frmwg,25609,https://i.ytimg.com/vi/GKtdRThIuuE/hqdefault.jpg,対ありでしたお嬢さまは格闘ゲームなんてしない ノンクレジットエンディング映像halca NEW GAME 対ありでしたお嬢さまは格闘ゲームなんてしない ノンクレジットエンディング映像公開 エンディング主題歌halca NEW GAME お嬢さまたちの熱き格ゲーライフの火蓋が切って落とされる 放送配信情報 2026年7月7日 よりAT-XTOKYO MXMBS日テレNBC長崎放送にて放送開始 2026年7月7日 より毎週火曜21時30分U-NEXTアニメ放題dアニメストアにて地上波先行最速配信 2026年7月12日 より毎週日曜21時30分各配信サイトにて順次配信開始 キャスト 深月 綾長谷川育美 夜絵美緒市ノ瀬加那 犬井 夕千本木彩花 一ノ瀬珠樹下地紫野 藤宮亜里沙長縄まりあ 一ノ瀬 花花守ゆみり gekido檜山修之 禍腐餌悪霊阿座上洋平 星識八代拓 フランベルジュアール スタッフ 原作江島絵理 対ありでした お嬢さまは格闘ゲームなんてしない MFコミックス フラッパーシリーズ KADOKAWA刊 監督井畑翔太 シリーズ構成渡 航 キャラクターデザイン松本麻友子 美術設定高橋麻穂 美術監督Scott MacDonald 色彩設計林 由稀 撮影監督伊藤康行 編集小島俊彦 音響監督立石弥生 音楽橋口佳奈 収録協力FAV gaming アニメーション制作ディオメディア イントロダクション お嬢さま学校に入学した庶民深月綾は 校内で最も注目を集める存在 白百合さま こと夜絵美緒に憧れていた 私もお嬢さまオーラを全身に纏いたい しかしある日綾は美緒が誰もいない教室で対戦格闘ゲームに興じている場面を目撃してしまう そして美緒は綾が格闘ゲーマーであることを見抜き 学内でゲームをすることは厳禁それでも二人は今戦いたい お嬢さまたちの熱き格ゲーライフの火蓋が切って落とされる アニメ公式サイト httpstaiari- com アニメ公式X taiarianime オープニング主題歌 花冷え 命短し対する乙女よ エンディング主題歌 halca NEW GAME 2025 江島絵理KADOKAWA 対ありでした 製作委員会 Eri Ejima 対ありでした 対ありアニメ 江島絵理,対ありでしたお嬢さまは格闘ゲームなんてしない ノンクレジットエンディング映像halca NEW GAME 対ありでしたお嬢さまは格闘ゲームなんてしない ノンクレジットエンディング映像公開 エンディング主題歌halca NEW GAME お嬢さまたちの熱き格ゲーライフの火蓋が切って落とされる 放送配信情報 2026年7月7日 よりAT-XTOKYO MXMBS日テレNBC長崎放送にて放送開始 2026年7月7日 より毎週火曜21時30分U-NEXTアニメ放題dアニメストアにて地上波先行最速配信 2026年7月12日 より毎週日曜21時30分各配信サイトにて順次配信開始 キャスト 深月 綾長谷川育美 夜絵美緒市ノ瀬加那 犬井 夕千本木彩花 一ノ瀬珠樹下地紫野 藤宮亜里沙長縄まりあ 一ノ瀬 花花守ゆみり gekido檜山修之 禍腐餌悪霊阿座上洋平 星識八代拓 フランベルジュアール スタッフ 原作江島絵理 対ありでした お嬢さまは格闘ゲームなんてしない MFコミックス フラッパーシリーズ KADOKAWA刊 監督井畑翔太 シリーズ構成渡 航 キャラクターデザイン松本麻友子 美術設定高橋麻穂 美術監督Scott MacDonald 色彩設計林 由稀 撮影監督伊藤康行 編集小島俊彦 音響監督立石弥生 音楽橋口佳奈 収録協力FAV gaming アニメーション制作ディオメディア イントロダクション お嬢さま学校に入学した庶民深月綾は 校内で最も注目を集める存在 白百合さま こと夜絵美緒に憧れていた 私もお嬢さまオーラを全身に纏いたい しかしある日綾は美緒が誰もいない教室で対戦格闘ゲームに興じている場面を目撃してしまう そして美緒は綾が格闘ゲーマーであることを見抜き 学内でゲームをすることは厳禁それでも二人は今戦いたい お嬢さまたちの熱き格ゲーライフの火蓋が切って落とされる アニメ公式サイト httpstaiari- com アニメ公式X taiarianime オープニング主題歌 花冷え 命短し対する乙女よ エンディング主題歌 halca NEW GAME 2025 江島絵理KADOKAWA 対ありでした 製作委員会 Eri Ejima 対ありでした 対ありアニメ 江島絵理,対ありでしたお嬢さまは格闘ゲームなんてしない ノンクレジットエンディング映像halca NEW GAME 対ありでしたお嬢さまは格闘ゲームなんてしない ノンクレジットエンディング映像公開 エンディング主題歌halca NEW GAME お嬢さまたちの熱き格ゲーライフの火蓋が切って落とされる 放送配信情報 2026年7月7日 よりAT-XTOKYO MXMBS日テレNBC長崎放送にて放送開始 2026年7月7日 より毎週火曜21時30分U-NEXTアニメ放題dアニメストアにて地上波先行最速配信 2026年7月12日 より毎週日曜21時30分各配信サイトにて順次配信開始 キャスト 深月 綾長谷川育美 夜絵美緒市ノ瀬加那 犬井 夕千本木彩花 一ノ瀬珠樹下地紫野 藤宮亜里沙長縄まりあ 一ノ瀬 花花守ゆみり gekido檜山修之 禍腐餌悪霊阿座上洋平 星識八代拓 フランベルジュアール スタッフ 原作江島絵理 対ありでした お嬢さまは格闘ゲームなんてしない MFコミックス フラッパーシリーズ KADOKAWA刊 監督井畑翔太 シリーズ構成渡 航 キャラクターデザイン松本麻友子 美術設定高橋麻穂 美術監督Scott MacDonald 色彩設計林 由稀 撮影監督伊藤康行 編集小島俊彦 音響監督立石弥生 音楽橋口佳奈 収録協力FAV gaming アニメーション制作ディオメディア イントロダクション お嬢さま学校に入学した庶民深月綾は 校内で最も注目を集める存在 白百合さま こと夜絵美緒に憧れていた 私もお嬢さまオーラを全身に纏いたい しかしある日綾は美緒が誰もいない教室で対戦格闘ゲームに興じている場面を目撃してしまう そして美緒は綾が格闘ゲーマーであることを見抜き 学内でゲームをすることは厳禁それでも二人は今戦いたい お嬢さまたちの熱き格ゲーライフの火蓋が切って落とされる アニメ公式サイト httpstaiari- com アニメ公式X taiarianime オープニング主題歌 花冷え 命短し対する乙女よ エンディング主題歌 halca NEW GAME 2025 江島絵理KADOKAWA 対ありでした 製作委員会 Eri Ejima 対ありでした 対ありアニメ 江島絵理,99,未分類,op,OP,0,https://yt3.ggpht.com/ytc/AIdro_kBexGPE4xdlwIRGuLFEcoqtNFCi_8bWioG0HyHx7cSbvI=s800-c-k-c0x00ffffff-no-rj,3080000
waOUdRPozDY,【ノンクレジットエンディング】TVアニメ『乙女怪獣キャラメリゼ』｜HoneyWorks feat.ハコニワリリィ「オトメノホンキ」,"女子高生×怪獣？常識を覆す、史上最大ラブコメ漫画
蒼木スピカ先生、初TVアニメ化作品『乙女怪獣キャラメリゼ』
TVアニメ『乙女怪獣キャラメリゼ』2026年7月2日(木)深夜1時28分〜 TBS、BS11、AT-Xにて順次放送開始

■あらすじ
恋か、破壊か――。
原因不明の病に悩まされている女子高生・赤石黒絵（クロエ）。
不器用で人との交流を避けて生きてきた彼女は、とある出会いでクラスのモテ男子・南新汰に恋をする。
少女が恋心に気づいたとき、眠っていた力が解放される...。
争う恋と理性――。
少女漫画の常識を覆す、衝撃の展開が日本を襲う!!

■キャスト
赤石黒絵：千賀光莉
南新汰 　：梶田大嗣
友里真夏：関根明良
河野来夢：白石晴香
赤石凛子：三石琴乃
響野光太郎：小西克幸
ジャンボキング：松井恵理子

■スタッフ 
原作：蒼木スピカ『乙女怪獣キャラメリゼ』(KADOKAWA「月刊コミックアライブ」連載)
監督：大峰輝之
シリーズ構成：綾奈ゆにこ
キャラクターデザイン：中山見都美(NUT)
プロップデザイン：鯉沼 菜奈
怪獣デザイン：大河 広行
美術監督：桒嶋 壮志
色彩設計：大西 峰代
2Dデザイン：吉垣 誠
CG監督：裾分 雅明
撮影監督：西﨑 由佳
編集：長谷川 舞
音響監督：八巻 大樹
プロデュース：グッドスマイルフィルム
アニメーション制作：ライデンフィルム

◾️音楽
古橋勇紀、Shinnosuke Nakasone

■オープニングテーマ
METANICK「乙女怪獣」
作詞：結城アイラ　作曲・編曲：本多友紀

■エンディングテーマ
HoneyWorks feat.ハコニワリリィ「オトメノホンキ」
作詞・作曲・編曲：HoneyWorks, MARUMOCHI

■原作
『乙女怪獣キャラメリゼ』(KADOKAWA「月刊コミックアライブ」連載)
著者：蒼木スピカ
単行本：1～9巻まで好評発売中

■アニメ公式HP＆SNS
公式HP https://otomekaiju.com
公式X　 https://x.com/Otome_Kaiju

©蒼木スピカ/KADOKAWA/乙女怪獣キャラメリゼ製作委員会",2026-07-09T17:45:12Z,GOOD SMILE CHANNEL,UCt_XdtyWNVenULI5DylX8-A,23903,https://i.ytimg.com/vi/waOUdRPozDY/hqdefault.jpg,ノンクレジットエンディング 乙女怪獣キャラメリゼ HoneyWorks featハコニワリリィ オトメノホンキ 女子高生怪獣常識を覆す史上最大ラブコメ漫画 蒼木スピカ先生初TVアニメ化作品 乙女怪獣キャラメリゼ 乙女怪獣キャラメリゼ 2026年7月2日 深夜1時28分〜 TBSBS11AT-Xにて順次放送開始 あらすじ 恋か破壊か 原因不明の病に悩まされている女子高生赤石黒絵クロエ 不器用で人との交流を避けて生きてきた彼女はとある出会いでクラスのモテ男子南新汰に恋をする 少女が恋心に気づいたとき眠っていた力が解放される 争う恋と理性 少女漫画の常識を覆す衝撃の展開が日本を襲う キャスト 赤石黒絵千賀光莉 南新汰 梶田大嗣 友里真夏関根明良 河野来夢白石晴香 赤石凛子三石琴乃 響野光太郎小西克幸 ジャンボキング松井恵理子 スタッフ 原作蒼木スピカ 乙女怪獣キャラメリゼ 監督大峰輝之 シリーズ構成綾奈ゆにこ キャラクターデザイン中山見都美 プロップデザイン鯉沼 菜奈 怪獣デザイン大河 広行 美術監督桒嶋 壮志 色彩設計大西 峰代 2Dデザイン吉垣 誠 CG監督裾分 雅明 撮影監督西 由佳 編集長谷川 舞 音響監督八巻 大樹 プロデュースグッドスマイルフィルム アニメーション制作ライデンフィルム 音楽 古橋勇紀Shinnosuke Nakasone オープニングテーマ METANICK 乙女怪獣 作詞結城アイラ 作曲編曲本多友紀 エンディングテーマ HoneyWorks featハコニワリリィ オトメノホンキ 作詞作曲編曲HoneyWorks MARUMOCHI 原作 乙女怪獣キャラメリゼ 著者蒼木スピカ 単行本19巻まで好評発売中 アニメ公式HPSNS 公式HP httpsotomekaijucom 公式X httpsxcomOtomeKaiju 蒼木スピカKADOKAWA乙女怪獣キャラメリゼ製作委員会,ノンクレジットエンディング 乙女怪獣キャラメリゼ HoneyWorks featハコニワリリィ オトメノホンキ 女子高生怪獣常識を覆す史上最大ラブコメ漫画 蒼木スピカ先生初TVアニメ化作品 乙女怪獣キャラメリゼ 乙女怪獣キャラメリゼ 2026年7月2日 深夜1時28分〜 TBSBS11AT-Xにて順次放送開始 あらすじ 恋か破壊か 原因不明の病に悩まされている女子高生赤石黒絵クロエ 不器用で人との交流を避けて生きてきた彼女はとある出会いでクラスのモテ男子南新汰に恋をする 少女が恋心に気づいたとき眠っていた力が解放される 争う恋と理性 少女漫画の常識を覆す衝撃の展開が日本を襲う キャスト 赤石黒絵千賀光莉 南新汰 梶田大嗣 友里真夏関根明良 河野来夢白石晴香 赤石凛子三石琴乃 響野光太郎小西克幸 ジャンボキング松井恵理子 スタッフ 原作蒼木スピカ 乙女怪獣キャラメリゼ 監督大峰輝之 シリーズ構成綾奈ゆにこ キャラクターデザイン中山見都美 プロップデザイン鯉沼 菜奈 怪獣デザイン大河 広行 美術監督桒嶋 壮志 色彩設計大西 峰代 2Dデザイン吉垣 誠 CG監督裾分 雅明 撮影監督西 由佳 編集長谷川 舞 音響監督八巻 大樹 プロデュースグッドスマイルフィルム アニメーション制作ライデンフィルム 音楽 古橋勇紀Shinnosuke Nakasone オープニングテーマ METANICK 乙女怪獣 作詞結城アイラ 作曲編曲本多友紀 エンディングテーマ HoneyWorks featハコニワリリィ オトメノホンキ 作詞作曲編曲HoneyWorks MARUMOCHI 原作 乙女怪獣キャラメリゼ 著者蒼木スピカ 単行本19巻まで好評発売中 アニメ公式HPSNS 公式HP httpsotomekaijucom 公式X httpsxcomOtomeKaiju 蒼木スピカKADOKAWA乙女怪獣キャラメリゼ製作委員会,ノンクレジットエンディング 乙女怪獣キャラメリゼ HoneyWorks featハコニワリリィ オトメノホンキ 女子高生怪獣常識を覆す史上最大ラブコメ漫画 蒼木スピカ先生初TVアニメ化作品 乙女怪獣キャラメリゼ 乙女怪獣キャラメリゼ 2026年7月2日 深夜1時28分〜 TBSBS11AT-Xにて順次放送開始 あらすじ 恋か破壊か 原因不明の病に悩まされている女子高生赤石黒絵クロエ 不器用で人との交流を避けて生きてきた彼女はとある出会いでクラスのモテ男子南新汰に恋をする 少女が恋心に気づいたとき眠っていた力が解放される 争う恋と理性 少女漫画の常識を覆す衝撃の展開が日本を襲う キャスト 赤石黒絵千賀光莉 南新汰 梶田大嗣 友里真夏関根明良 河野来夢白石晴香 赤石凛子三石琴乃 響野光太郎小西克幸 ジャンボキング松井恵理子 スタッフ 原作蒼木スピカ 乙女怪獣キャラメリゼ 監督大峰輝之 シリーズ構成綾奈ゆにこ キャラクターデザイン中山見都美 プロップデザイン鯉沼 菜奈 怪獣デザイン大河 広行 美術監督桒嶋 壮志 色彩設計大西 峰代 2Dデザイン吉垣 誠 CG監督裾分 雅明 撮影監督西 由佳 編集長谷川 舞 音響監督八巻 大樹 プロデュースグッドスマイルフィルム アニメーション制作ライデンフィルム 音楽 古橋勇紀Shinnosuke Nakasone オープニングテーマ METANICK 乙女怪獣 作詞結城アイラ 作曲編曲本多友紀 エンディングテーマ HoneyWorks featハコニワリリィ オトメノホンキ 作詞作曲編曲HoneyWorks MARUMOCHI 原作 乙女怪獣キャラメリゼ 著者蒼木スピカ 単行本19巻まで好評発売中 アニメ公式HPSNS 公式HP httpsotomekaijucom 公式X httpsxcomOtomeKaiju 蒼木スピカKADOKAWA乙女怪獣キャラメリゼ製作委員会,99,未分類,op,OP,0,https://yt3.ggpht.com/ytc/AIdro_mybQtOHblclu1oFSLe6HwlqDDh8Y0qA3JQbEDBBU8V7w=s800-c-k-c0x00ffffff-no-rj,156000
kBP_Urtwx7Q,【ED映像】TVアニメ「ワールド イズ ダンシング」｜hockrockb「名もない花」,"TVアニメ「ワールド イズ ダンシング」エンディングテーマ
hockrockb「名もない花」（TOY’S FACTORY）
初番「人はなぜ舞うのか」クレジット入りED映像を公開！

◆放送情報
2026年7月2日(木)より全国9局にて好評放送中！

TOKYO MX　毎週木曜 22:00～
BS朝日　毎週金曜 23:00～
TVQ九州放送　毎週金曜 17:00～
サンテレビ　毎週木曜 24:00～
KBS京都　毎週木曜 22:00～
メ～テレ　毎週木曜 26:30～
HBC北海道放送　毎週木曜 25:26～
ミヤギテレビ　毎週木曜 25:29～
RCC中国放送　毎週木曜 25:56～

◆配信情報
毎週月曜２２時よりPrimeVideoで地上波先行・最速配信中！
毎週木曜２２時よりABEMAで地上波同時・先行配信！

・一般配信
dアニメストア、dアニメストア for Prime Video、dアニメストア ニコニコ支店、DMM TV、FOD、FODチャンネル for Prime Video、Hulu、Lemino、J:COM STREAM、TELASA、milplus見放題パックプライム、U-NEXT、アニメ放題、バンダイチャンネル、ニコニコ、TVer、WOWOWオンデマンド、ふらっと動画

・都度課金配信
Google Play、YouTube、HAPPY!動画、ビデオマーケット、カンテレドーガ、music.jp

◆イントロダクション
 舞などなくても生きていけるのに―

1374年、南朝と北朝二つの朝廷の争いが続く動乱の時代、
北朝の征夷大将軍・足利義満は着々と権力を強めていた。

猿楽を舞う観世座の座頭・観阿弥の子として生まれた少年、鬼夜叉。
「なぜ人は舞うのか」ぼんやりした疑問を抱えながら、
気持ちの晴れない日々を過ごしていたが、ある日『よい』舞に出会う。

好奇心の強い美しき少年は人と出会い、笑い、泣き、自分の情けなさと向き合いながら、
無常の世に生きる新しい舞を形作っていく―

三原和人によるモーニング刊行の衝撃的『能』漫画がついにアニメ化！
アニメでしか見られない躍動感のある舞・謡い、心が動くシーンの数々―

『舟を編む』『バクテン!!』の黒柳トシマサ×『ウマ娘 シンデレラグレイ』『光が死んだ夏』のCypic
さらに豪華キャストでお届けする最高クオリティのアニメーションが今、花開く。

これは後に『能』を生み出す世阿弥が鬼夜叉と呼ばれていた頃にあったかもしれない、
600年の時を経て続いていく、ダンシングストーリー。

◆CAST
鬼夜叉：花守ゆみり
石也：土屋神葉
コガネ：内田真礼
増次郎：朴 璐美
足利義満：櫻井孝宏
観阿弥：小西克幸
犬王：松田洋治
二条良基：飛田展男
業子：能登麻美子
千晴：水瀬いのり
白拍子：沢城みゆき
十二五郎：石谷春貴
サツキ：瀬戸芭月

◆STAFF
原作：三原和人『ワールド イズ ダンシング』（講談社モーニングKC刊）
監督：黒柳トシマサ
キャラクターデザイン：佐々木啓悟
シリーズ構成・脚本：川滿佐和子
副監督：淵本宗平
サブキャラクターデザイン：久武伊織
プロップデザイン：おだし
美術設定：緒川マミオ
美術監督：小倉宏昌、井上一宏
色彩設計：佐藤直子、成毛久美子
３D監督：中野祥典
撮影監督：菊池優太郎
編集：平木大輔
音響監督：長崎行男
音楽：篠田大介
オープニングテーマ  ：マカロニえんぴつ「終宵」(TOY'S FACTORY)
エンディングテーマ：hockrockb「名もない花」(TOY'S FACTORY)
題字：根本知
型付監修：津村禮次郎
振付：森山開次、川村美紀子
能楽監修：川口晃平
歴史監修：清水克行
アニメーションプロデューサー：溝口 侃
アニメーション制作：Cypic

公式サイト：https://sh-anime.shochiku.co.jp/world...
公式X：@wid_anime　URL：https://x.com/wid_anime
©三原和人・講談社／『ワールド イズ ダンシング』製作委員会

#ワールドイズダンシング #夏アニメ2026 #anime  #花守ゆみり #土屋神葉 #内田真礼 #朴璐美 #櫻井孝宏 #小西克幸 #松田洋治 #飛田展男 #能登麻美子 #水瀬いのり #沢城みゆき #石谷春貴 #瀬戸芭月",2026-07-13T08:00:09Z,SHOCHIKU animeチャンネル【公式】,UC6VPE3kztGEtFVcJI0oIiUg,24166,https://i.ytimg.com/vi/kBP_Urtwx7Q/hqdefault.jpg,ED映像 ワールド イズ ダンシング hockrockb 名もない花 ワールド イズ ダンシング エンディングテーマ hockrockb 名もない花 TOYS FACTORY 初番 人はなぜ舞うのか クレジット入りED映像を公開 放送情報 2026年7月2日 より全国9局にて好評放送中 TOKYO MX 毎週木曜 2200 BS朝日 毎週金曜 2300 TVQ九州放送 毎週金曜 1700 サンテレビ 毎週木曜 2400 KBS京都 毎週木曜 2200 メテレ 毎週木曜 2630 HBC北海道放送 毎週木曜 2526 ミヤギテレビ 毎週木曜 2529 RCC中国放送 毎週木曜 2556 配信情報 毎週月曜時よりPrimeVideoで地上波先行最速配信中 毎週木曜時よりABEMAで地上波同時先行配信 一般配信 dアニメストアdアニメストア for Prime Videodアニメストア ニコニコ支店DMM TVFODFODチャンネル for Prime VideoHuluLeminoJCOM STREAMTELASAmilplus見放題パックプライムU-NEXTアニメ放題バンダイチャンネルニコニコTVerWOWOWオンデマンドふらっと動画 都度課金配信 Google PlayYouTubeHAPPY動画ビデオマーケットカンテレドーガmusicjp イントロダクション 舞などなくても生きていけるのに 1374年南朝と北朝二つの朝廷の争いが続く動乱の時代 北朝の征夷大将軍足利義満は着と権力を強めていた 猿楽を舞う観世座の座頭観阿弥の子として生まれた少年鬼夜叉 なぜ人は舞うのか ぼんやりした疑問を抱えながら 気持ちの晴れない日を過ごしていたがある日 よい 舞に出会う 好奇心の強い美しき少年は人と出会い笑い泣き自分の情けなさと向き合いながら 無常の世に生きる新しい舞を形作っていく 三原和人によるモーニング刊行の衝撃的 能 漫画がついにアニメ化 アニメでしか見られない躍動感のある舞謡い心が動くシーンの数 舟を編む バクテン の黒柳トシマサ ウマ娘 シンデレラグレイ 光が死んだ夏 のCypic さらに豪華キャストでお届けする最高クオリティのアニメーションが今花開く これは後に 能 を生み出す世阿弥が鬼夜叉と呼ばれていた頃にあったかもしれない 600年の時を経て続いていくダンシングストーリー CAST 鬼夜叉花守ゆみり 石也土屋神葉 コガネ内田真礼 増次郎朴 璐美 足利義満櫻井孝宏 観阿弥小西克幸 犬王松田洋治 二条良基飛田展男 業子能登麻美子 千晴水瀬いのり 白拍子沢城みゆき 十二五郎石谷春貴 サツキ瀬戸芭月 STAFF 原作三原和人 ワールド イズ ダンシング 講談社モーニングKC刊 監督黒柳トシマサ キャラクターデザイン佐木啓悟 シリーズ構成脚本川滿佐和子 副監督淵本宗平 サブキャラクターデザイン久武伊織 プロップデザインおだし 美術設定緒川マミオ 美術監督小倉宏昌井上一宏 色彩設計佐藤直子成毛久美子 D監督中野祥典 撮影監督菊池優太郎 編集平木大輔 音響監督長崎行男 音楽篠田大介 オープニングテーマ マカロニえんぴつ 終宵 エンディングテーマhockrockb 名もない花 題字根本知 型付監修津村禮次郎 振付森山開次川村美紀子 能楽監修川口晃平 歴史監修清水克行 アニメーションプロデューサー溝口 侃 アニメーション制作Cypic 公式サイトhttpssh- shochikucojpworld 公式Xwidanime URLhttpsxcomwidanime 三原和人講談社 ワールド イズ ダンシング 製作委員会 ワールドイズダンシング 夏アニメ2026 花守ゆみり 土屋神葉 内田真礼 朴璐美 櫻井孝宏 小西克幸 松田洋治 飛田展男 能登麻美子 水瀬いのり 沢城みゆき 石谷春貴 瀬戸芭月,ED映像 ワールド イズ ダンシング hockrockb 名もない花 ワールド イズ ダンシング エンディングテーマ hockrockb 名もない花 TOYS FACTORY 初番 人はなぜ舞うのか クレジット入りED映像を公開 放送情報 2026年7月2日 より全国9局にて好評放送中 TOKYO MX 毎週木曜 2200 BS朝日 毎週金曜 2300 TVQ九州放送 毎週金曜 1700 サンテレビ 毎週木曜 2400 KBS京都 毎週木曜 2200 メテレ 毎週木曜 2630 HBC北海道放送 毎週木曜 2526 ミヤギテレビ 毎週木曜 2529 RCC中国放送 毎週木曜 2556 配信情報 毎週月曜時よりPrimeVideoで地上波先行最速配信中 毎週木曜時よりABEMAで地上波同時先行配信 一般配信 dアニメストアdアニメストア for Prime Videodアニメストア ニコニコ支店DMM TVFODFODチャンネル for Prime VideoHuluLeminoJCOM STREAMTELASAmilplus見放題パックプライムU-NEXTアニメ放題バンダイチャンネルニコニコTVerWOWOWオンデマンドふらっと動画 都度課金配信 Google PlayYouTubeHAPPY動画ビデオマーケットカンテレドーガmusicjp イントロダクション 舞などなくても生きていけるのに 1374年南朝と北朝二つの朝廷の争いが続く動乱の時代 北朝の征夷大将軍足利義満は着と権力を強めていた 猿楽を舞う観世座の座頭観阿弥の子として生まれた少年鬼夜叉 なぜ人は舞うのか ぼんやりした疑問を抱えながら 気持ちの晴れない日を過ごしていたがある日 よい 舞に出会う 好奇心の強い美しき少年は人と出会い笑い泣き自分の情けなさと向き合いながら 無常の世に生きる新しい舞を形作っていく 三原和人によるモーニング刊行の衝撃的 能 漫画がついにアニメ化 アニメでしか見られない躍動感のある舞謡い心が動くシーンの数 舟を編む バクテン の黒柳トシマサ ウマ娘 シンデレラグレイ 光が死んだ夏 のCypic さらに豪華キャストでお届けする最高クオリティのアニメーションが今花開く これは後に 能 を生み出す世阿弥が鬼夜叉と呼ばれていた頃にあったかもしれない 600年の時を経て続いていくダンシングストーリー CAST 鬼夜叉花守ゆみり 石也土屋神葉 コガネ内田真礼 増次郎朴 璐美 足利義満櫻井孝宏 観阿弥小西克幸 犬王松田洋治 二条良基飛田展男 業子能登麻美子 千晴水瀬いのり 白拍子沢城みゆき 十二五郎石谷春貴 サツキ瀬戸芭月 STAFF 原作三原和人 ワールド イズ ダンシング 講談社モーニングKC刊 監督黒柳トシマサ キャラクターデザイン佐木啓悟 シリーズ構成脚本川滿佐和子 副監督淵本宗平 サブキャラクターデザイン久武伊織 プロップデザインおだし 美術設定緒川マミオ 美術監督小倉宏昌井上一宏 色彩設計佐藤直子成毛久美子 D監督中野祥典 撮影監督菊池優太郎 編集平木大輔 音響監督長崎行男 音楽篠田大介 オープニングテーマ マカロニえんぴつ 終宵 エンディングテーマhockrockb 名もない花 題字根本知 型付監修津村禮次郎 振付森山開次川村美紀子 能楽監修川口晃平 歴史監修清水克行 アニメーションプロデューサー溝口 侃 アニメーション制作Cypic 公式サイトhttpssh- shochikucojpworld 公式Xwidanime URLhttpsxcomwidanime 三原和人講談社 ワールド イズ ダンシング 製作委員会 ワールドイズダンシング 夏アニメ2026 花守ゆみり 土屋神葉 内田真礼 朴璐美 櫻井孝宏 小西克幸 松田洋治 飛田展男 能登麻美子 水瀬いのり 沢城みゆき 石谷春貴 瀬戸芭月,ED映像 ワールド イズ ダンシング hockrockb 名もない花 ワールド イズ ダンシング エンディングテーマ hockrockb 名もない花 TOYS FACTORY 初番 人はなぜ舞うのか クレジット入りED映像を公開 放送情報 2026年7月2日 より全国9局にて好評放送中 TOKYO MX 毎週木曜 2200 BS朝日 毎週金曜 2300 TVQ九州放送 毎週金曜 1700 サンテレビ 毎週木曜 2400 KBS京都 毎週木曜 2200 メテレ 毎週木曜 2630 HBC北海道放送 毎週木曜 2526 ミヤギテレビ 毎週木曜 2529 RCC中国放送 毎週木曜 2556 配信情報 毎週月曜時よりPrimeVideoで地上波先行最速配信中 毎週木曜時よりABEMAで地上波同時先行配信 一般配信 dアニメストアdアニメストア for Prime Videodアニメストア ニコニコ支店DMM TVFODFODチャンネル for Prime VideoHuluLeminoJCOM STREAMTELASAmilplus見放題パックプライムU-NEXTアニメ放題バンダイチャンネルニコニコTVerWOWOWオンデマンドふらっと動画 都度課金配信 Google PlayYouTubeHAPPY動画ビデオマーケットカンテレドーガmusicjp イントロダクション 舞などなくても生きていけるのに 1374年南朝と北朝二つの朝廷の争いが続く動乱の時代 北朝の征夷大将軍足利義満は着と権力を強めていた 猿楽を舞う観世座の座頭観阿弥の子として生まれた少年鬼夜叉 なぜ人は舞うのか ぼんやりした疑問を抱えながら 気持ちの晴れない日を過ごしていたがある日 よい 舞に出会う 好奇心の強い美しき少年は人と出会い笑い泣き自分の情けなさと向き合いながら 無常の世に生きる新しい舞を形作っていく 三原和人によるモーニング刊行の衝撃的 能 漫画がついにアニメ化 アニメでしか見られない躍動感のある舞謡い心が動くシーンの数 舟を編む バクテン の黒柳トシマサ ウマ娘 シンデレラグレイ 光が死んだ夏 のCypic さらに豪華キャストでお届けする最高クオリティのアニメーションが今花開く これは後に 能 を生み出す世阿弥が鬼夜叉と呼ばれていた頃にあったかもしれない 600年の時を経て続いていくダンシングストーリー CAST 鬼夜叉花守ゆみり 石也土屋神葉 コガネ内田真礼 増次郎朴 璐美 足利義満櫻井孝宏 観阿弥小西克幸 犬王松田洋治 二条良基飛田展男 業子能登麻美子 千晴水瀬いのり 白拍子沢城みゆき 十二五郎石谷春貴 サツキ瀬戸芭月 STAFF 原作三原和人 ワールド イズ ダンシング 講談社モーニングKC刊 監督黒柳トシマサ キャラクターデザイン佐木啓悟 シリーズ構成脚本川滿佐和子 副監督淵本宗平 サブキャラクターデザイン久武伊織 プロップデザインおだし 美術設定緒川マミオ 美術監督小倉宏昌井上一宏 色彩設計佐藤直子成毛久美子 D監督中野祥典 撮影監督菊池優太郎 編集平木大輔 音響監督長崎行男 音楽篠田大介 オープニングテーマ マカロニえんぴつ 終宵 エンディングテーマhockrockb 名もない花 題字根本知 型付監修津村禮次郎 振付森山開次川村美紀子 能楽監修川口晃平 歴史監修清水克行 アニメーションプロデューサー溝口 侃 アニメーション制作Cypic 公式サイトhttpssh- shochikucojpworld 公式Xwidanime URLhttpsxcomwidanime 三原和人講談社 ワールド イズ ダンシング 製作委員会 ワールドイズダンシング 夏アニメ2026 花守ゆみり 土屋神葉 内田真礼 朴璐美 櫻井孝宏 小西克幸 松田洋治 飛田展男 能登麻美子 水瀬いのり 沢城みゆき 石谷春貴 瀬戸芭月,99,未分類,op,OP,0,https://yt3.ggpht.com/NsTvqg27tbAF-BNEIy6brMZ1BmSJvqY8KGzw4cWpg8amFL3zmARjR5wj2Ho3SLVHqGmjPCOf=s800-c-k-c0x00ffffff-no-rj,127000
UDD-U-c-m9Y,TVアニメ『ここは俺に任せて先に行けと言ってから10年がたったら伝説になっていた。』ノンクレジットED｜「在り来たりな日常と幸運な日々へ」名称非公開,"TVアニメ『ここは俺に任せて先に行けと言ってから10年がたったら伝説になっていた。』2026年7月6日（月）毎週月曜日放送中！

【ENDING THEME】
エンディングテーマ：在り来たりな日常と幸運な日々へ
作詞・作編曲：ANCHOR
アーティスト：名称非公開

♪配信はこちら
https://nex-tone.link/f7XL5G8nA

【ONAIR】
・TOKYO MX：2026年7月6日（月）より 毎週月曜日 22:30～
・KBS京都：2026年7月6日（月）より 毎週月曜日 23:00～
・サンテレビ：2026年7月6日（月）より 毎週月曜日 24:00～
・テレビ愛知：2026年7月6日（月）より 毎週月曜日 25:30～
・BS11：2026年7月6日（月）より 毎週月曜日 25:30～
　※第2話（7月13日）、第3話（7月20日）は26:00より放送予定
・AT-X：2026年7月9日（木）より 毎週木曜日 20:30～
　※リピート放送：毎週月曜日 8:30～／毎週水曜日 14:30～

【STREAMING】
Prime Videoにて地上波3日間先行・最速配信！
・Prime Video：2026年7月3日（金）より 毎週金曜日 22:30～
ABEMA、dアニメストアにて地上波同時配信！
・ABEMA / dアニメストア：2026年7月6日（月）より 毎週月曜日 22:30～
その他配信サイトにて7/9(木)22:30より順次配信

【INTRODUCTION】
勇者パーティのSランク魔導士ラックは勇者エリック、戦士ゴランとともに次元の狭間で魔神王を倒すために激しい戦いを繰り広げていた。
仲間の全滅を避けるため、ラックはたった一人で敵と戦い続ける決意をし叫ぶ。

「ここは俺に任せて先に行け！」

想像を絶する孤独な戦いを続け、ついに魔神王をも倒したラック。
しかし、彼が元の世界へ帰還した時には「10年」という歳月が過ぎ、ラックは自らを犠牲に世界を救った大英雄として伝説となっていた。

戦いの影響で見た目が若返ったラックは正体を隠し、かつての仲間と新たな仲間たちとともにFランク冒険者ロックとして生きていく。

【CAST】
ラック・ロック・フランゼン：梶原岳人
セルリス・モートン：石川由依
シア・ウルコット：相良茉優
ルッチラ：M・A・O
ミルカ：小坂井祐莉絵
エリック・イムガルト・メンディリバル：森川智之
ゴラン・モートン：小山剛志
アローネ：丸岡和佳奈
アリオ：照井悠希
ジニー：宮咲あかり

【STAFF】
原作：えぞぎんぎつね
キャラクター原案：DeeCHA
監督：神戸洋行
シリーズ構成：広田光毅
キャラクターデザイン・総作画監督：まじろ
色彩設計：ながさか暁
美術監督：美峰
撮影監督：奥谷太希
編集（オフライン）：岡崎由美佳
編集（オンライン）：館遼太郎
音響監督：田中亮
音楽：大隅知宇
アニメーション制作：月虹
オープニングテーマ：sajou no hana「それでも曇天を越えてゆく」
エンディングテーマ：名称非公開「在り来たりな日常と幸運な日々へ」

▼WEB
公式サイト：https://kokoore-anime.com
公式X：https://x.com/kokoore_anime

#ここ俺 
#ここ俺アニメ 
#ここは俺に任せて先に行けと言ってから10年がたったら伝説になっていた 

©えぞぎんぎつね・SBクリエイティブ／「ここ俺」製作委員会",2026-07-13T14:00:02Z,GREE Entertainment ANIME & GAME【公式】,UCX34wuta-mYtZhKr3lS5nwg,23686,https://i.ytimg.com/vi/UDD-U-c-m9Y/hqdefault.jpg,ここは俺に任せて先に行けと言ってから10年がたったら伝説になっていた ノンクレジットED 在り来たりな日常と幸運な日へ 名称非公開 ここは俺に任せて先に行けと言ってから10年がたったら伝説になっていた 2026年7月6日月毎週月曜日放送中 ENDING THEME エンディングテーマ在り来たりな日常と幸運な日へ 作詞作編曲ANCHOR アーティスト名称非公開 配信はこちら httpsnex-tonelinkf7XL5G8nA ONAIR TOKYO MX2026年7月6日月より 毎週月曜日 2230 KBS京都2026年7月6日月より 毎週月曜日 2300 サンテレビ2026年7月6日月より 毎週月曜日 2400 テレビ愛知2026年7月6日月より 毎週月曜日 2530 BS112026年7月6日月より 毎週月曜日 2530 第2話7月13日第3話7月20日は2600より放送予定 AT-X2026年7月9日木より 毎週木曜日 2030 リピート放送毎週月曜日 830 毎週水曜日 1430 STREAMING Prime Videoにて地上波3日間先行最速配信 Prime Video2026年7月3日金より 毎週金曜日 2230 ABEMAdアニメストアにて地上波同時配信 ABEMA dアニメストア2026年7月6日月より 毎週月曜日 2230 その他配信サイトにて79 2230より順次配信 INTRODUCTION 勇者パーティのSランク魔導士ラックは勇者エリック戦士ゴランとともに次元の狭間で魔神王を倒すために激しい戦いを繰り広げていた 仲間の全滅を避けるためラックはたった一人で敵と戦い続ける決意をし叫ぶ ここは俺に任せて先に行け 想像を絶する孤独な戦いを続けついに魔神王をも倒したラック しかし彼が元の世界へ帰還した時には 10年 という歳月が過ぎラックは自らを犠牲に世界を救った大英雄として伝説となっていた 戦いの影響で見た目が若返ったラックは正体を隠しかつての仲間と新たな仲間たちとともにFランク冒険者ロックとして生きていく CAST ラックロックフランゼン梶原岳人 セルリスモートン石川由依 シアウルコット相良茉優 ルッチラMAO ミルカ小坂井祐莉絵 エリックイムガルトメンディリバル森川智之 ゴランモートン小山剛志 アローネ丸岡和佳奈 アリオ照井悠希 ジニー宮咲あかり STAFF 原作えぞぎんぎつね キャラクター原案DeeCHA 監督神戸洋行 シリーズ構成広田光毅 キャラクターデザイン総作画監督まじろ 色彩設計ながさか暁 美術監督美峰 撮影監督奥谷太希 編集オフライン岡崎由美佳 編集オンライン館遼太郎 音響監督田中亮 音楽大隅知宇 アニメーション制作月虹 オープニングテーマsajou no hana それでも曇天を越えてゆく エンディングテーマ名称非公開 在り来たりな日常と幸運な日へ WEB 公式サイトhttpskokoore- com 公式Xhttpsxcomkokooreanime ここ俺 ここ俺アニメ ここは俺に任せて先に行けと言ってから10年がたったら伝説になっていた えぞぎんぎつねSBクリエイティブ ここ俺 製作委員会,ここは俺に任せて先に行けと言ってから10年がたったら伝説になっていた ノンクレジットED 在り来たりな日常と幸運な日へ 名称非公開 ここは俺に任せて先に行けと言ってから10年がたったら伝説になっていた 2026年7月6日月毎週月曜日放送中 ENDING THEME エンディングテーマ在り来たりな日常と幸運な日へ 作詞作編曲ANCHOR アーティスト名称非公開 配信はこちら httpsnex-tonelinkf7XL5G8nA ONAIR TOKYO MX2026年7月6日月より 毎週月曜日 2230 KBS京都2026年7月6日月より 毎週月曜日 2300 サンテレビ2026年7月6日月より 毎週月曜日 2400 テレビ愛知2026年7月6日月より 毎週月曜日 2530 BS112026年7月6日月より 毎週月曜日 2530 第2話7月13日第3話7月20日は2600より放送予定 AT-X2026年7月9日木より 毎週木曜日 2030 リピート放送毎週月曜日 830 毎週水曜日 1430 STREAMING Prime Videoにて地上波3日間先行最速配信 Prime Video2026年7月3日金より 毎週金曜日 2230 ABEMAdアニメストアにて地上波同時配信 ABEMA dアニメストア2026年7月6日月より 毎週月曜日 2230 その他配信サイトにて79 2230より順次配信 INTRODUCTION 勇者パーティのSランク魔導士ラックは勇者エリック戦士ゴランとともに次元の狭間で魔神王を倒すために激しい戦いを繰り広げていた 仲間の全滅を避けるためラックはたった一人で敵と戦い続ける決意をし叫ぶ ここは俺に任せて先に行け 想像を絶する孤独な戦いを続けついに魔神王をも倒したラック しかし彼が元の世界へ帰還した時には 10年 という歳月が過ぎラックは自らを犠牲に世界を救った大英雄として伝説となっていた 戦いの影響で見た目が若返ったラックは正体を隠しかつての仲間と新たな仲間たちとともにFランク冒険者ロックとして生きていく CAST ラックロックフランゼン梶原岳人 セルリスモートン石川由依 シアウルコット相良茉優 ルッチラMAO ミルカ小坂井祐莉絵 エリックイムガルトメンディリバル森川智之 ゴランモートン小山剛志 アローネ丸岡和佳奈 アリオ照井悠希 ジニー宮咲あかり STAFF 原作えぞぎんぎつね キャラクター原案DeeCHA 監督神戸洋行 シリーズ構成広田光毅 キャラクターデザイン総作画監督まじろ 色彩設計ながさか暁 美術監督美峰 撮影監督奥谷太希 編集オフライン岡崎由美佳 編集オンライン館遼太郎 音響監督田中亮 音楽大隅知宇 アニメーション制作月虹 オープニングテーマsajou no hana それでも曇天を越えてゆく エンディングテーマ名称非公開 在り来たりな日常と幸運な日へ WEB 公式サイトhttpskokoore- com 公式Xhttpsxcomkokooreanime ここ俺 ここ俺アニメ ここは俺に任せて先に行けと言ってから10年がたったら伝説になっていた えぞぎんぎつねSBクリエイティブ ここ俺 製作委員会,ここは俺に任せて先に行けと言ってから10年がたったら伝説になっていた ノンクレジットED 在り来たりな日常と幸運な日へ 名称非公開 ここは俺に任せて先に行けと言ってから10年がたったら伝説になっていた 2026年7月6日月毎週月曜日放送中 ENDING THEME エンディングテーマ在り来たりな日常と幸運な日へ 作詞作編曲ANCHOR アーティスト名称非公開 配信はこちら httpsnex-tonelinkf7XL5G8nA ONAIR TOKYO MX2026年7月6日月より 毎週月曜日 2230 KBS京都2026年7月6日月より 毎週月曜日 2300 サンテレビ2026年7月6日月より 毎週月曜日 2400 テレビ愛知2026年7月6日月より 毎週月曜日 2530 BS112026年7月6日月より 毎週月曜日 2530 第2話7月13日第3話7月20日は2600より放送予定 AT-X2026年7月9日木より 毎週木曜日 2030 リピート放送毎週月曜日 830 毎週水曜日 1430 STREAMING Prime Videoにて地上波3日間先行最速配信 Prime Video2026年7月3日金より 毎週金曜日 2230 ABEMAdアニメストアにて地上波同時配信 ABEMA dアニメストア2026年7月6日月より 毎週月曜日 2230 その他配信サイトにて79 2230より順次配信 INTRODUCTION 勇者パーティのSランク魔導士ラックは勇者エリック戦士ゴランとともに次元の狭間で魔神王を倒すために激しい戦いを繰り広げていた 仲間の全滅を避けるためラックはたった一人で敵と戦い続ける決意をし叫ぶ ここは俺に任せて先に行け 想像を絶する孤独な戦いを続けついに魔神王をも倒したラック しかし彼が元の世界へ帰還した時には 10年 という歳月が過ぎラックは自らを犠牲に世界を救った大英雄として伝説となっていた 戦いの影響で見た目が若返ったラックは正体を隠しかつての仲間と新たな仲間たちとともにFランク冒険者ロックとして生きていく CAST ラックロックフランゼン梶原岳人 セルリスモートン石川由依 シアウルコット相良茉優 ルッチラMAO ミルカ小坂井祐莉絵 エリックイムガルトメンディリバル森川智之 ゴランモートン小山剛志 アローネ丸岡和佳奈 アリオ照井悠希 ジニー宮咲あかり STAFF 原作えぞぎんぎつね キャラクター原案DeeCHA 監督神戸洋行 シリーズ構成広田光毅 キャラクターデザイン総作画監督まじろ 色彩設計ながさか暁 美術監督美峰 撮影監督奥谷太希 編集オフライン岡崎由美佳 編集オンライン館遼太郎 音響監督田中亮 音楽大隅知宇 アニメーション制作月虹 オープニングテーマsajou no hana それでも曇天を越えてゆく エンディングテーマ名称非公開 在り来たりな日常と幸運な日へ WEB 公式サイトhttpskokoore- com 公式Xhttpsxcomkokooreanime ここ俺 ここ俺アニメ ここは俺に任せて先に行けと言ってから10年がたったら伝説になっていた えぞぎんぎつねSBクリエイティブ ここ俺 製作委員会,99,未分類,op,OP,0,https://yt3.ggpht.com/hLYrOThgY8iUN_YH9bMlO7Br1msVbzqsW0aJ1DtcVKFt15uidQUHfvQRBe4eVgWGmpcOQJs6=s800-c-k-c0x00ffffff-no-rj,55000
tB1cFMYBX_4,TVアニメ『無自覚聖女は今日も無意識に力を垂れ流す』ノンクレジットエンディング映像┋2026年6月30日より、AT-X・TOKYO MX・BS11ほかにて放送中！,"これは、落ちこぼれ令嬢と不器用な皇子が幸せをつかみ取る、愛の物語──。
TVアニメ『無自覚聖女は今日も無意識に力を垂れ流す』2026年6月30日より、AT-X・TOKYO MX・BS11ほかにて放送中！
dアニメストア、U-NEXT、ABEMAにて地上波1週間先行配信中！その他プラットフォームにて、7月7日より順次配信！

▶︎公式サイト：https://mujikaku-seijo.com/
▶︎公式X：https://x.com/mujikaku_seijo
推奨ハッシュタグ：#無自覚聖女

ノンクレジットエンディング映像を公開！
ウタヒメドリーム オールスターズによるエンディングテーマ「アンノウンミー」と共にお楽しみください！
▼楽曲配信はこちら
https://nex-tone.link/A00221129

▼楽曲MVはこちら
https://youtu.be/dg3GH3OraiY


━━ TVアニメ『無自覚聖女は今日も無意識に力を垂れ流す』作品情報 ━━

◇◇◇ イントロダクション ◇◇◇
優秀なサンチェス公爵家には二人の姉妹がいた。
姉のフローラは才色兼備な聖女候補。
妹のカロリーナは地味で才能もない落ちこぼれ……。
カロリーナは優秀な姉と比べられ、劣等感を抱える日々を送っていた。

ある日、カロリーナのもとに隣国との関係調整のため第二皇子との縁談が舞い込む。
ただし、皇子は“野蛮”で“残酷無比”と噂の人物。

「お役に立てるなら」

国を守るため政略結婚を受け入れるカロリーナだったが、
この決断が人生を一変させる──。

噂に反して紳士的な皇子や新しい家族に正当に評価され、
少しずつ自分を認められるようになっていくカロリーナ。
さらに、不思議な力が宿っていることが判明する。

一方、王国に残されたフローラは不調続きで……。

「第2回アース・スターノベル大賞」奨励賞受賞、
シリーズ累計200万部突破の人気タイトルが、待望のアニメ化決定！

これは、落ちこぼれ令嬢と不器用な皇子が
幸せをつかみ取る、愛の物語──。


◇◇◇ 放送/配信情報 ◇◇◇
2026年6月30日より、AT-X・TOKYO MX・BS11ほかにて放送中！
AT-X：6月30日より、毎週火曜日22:00～
(※リピート放送：毎週木曜日10:00～/毎週月曜日16:00～)
TOKYO MX：7月7日より、毎週火曜日23:00～
BS11：7月9日より、毎週木曜日25:00～
とちぎテレビ：7月9日より、毎週木曜日23:00～
群馬テレビ：7月10日より、毎週金曜日24:30～

dアニメストア、U-NEXT、ABEMAにて地上波1週間先行配信中！
その他プラットフォームにて、7月7日より順次配信

※日時は予告なく変更となる場合がございます


◇◇◇ STAFF ◇◇◇
原作：あーもんど(アース・スター ルナ/アース・スター エンターテイメント刊)
原作イラスト・キャラクターデザイン原案：あんべよしろう
コミカライズ：えとうヨナ

監督：熨斗谷充孝
シリーズ構成：待田堂子
キャラクターデザイン：永井泰平
プロップ・サブキャラクターデザイン：榎本彩芽
美術設定、美術監督：池田 尚
色彩設計：猪又菜美
撮影監督：山本耕平（エースクリエイション）
編集：小野寺絵美
音響監督：髙桑 一
音楽：SUPA LOVE
アニメーション制作：マジックバス×ピカンテサーカス


◇◇◇ CAST ◇◇◇
カロリーナ：高橋李依
エドワード：古川 慎
フローラ：白石晴香
テオドール：土岐隼一
マリッサ：水瀬いのり
ギルバート：田丸篤志
オーウェン：岡本信彦


◇◇◇ MUSIC ◇◇◇
オープニングテーマ：花耶「Windmaker」
エンディングテーマ：ウタヒメドリーム オールスターズ【夢咲いぶき（CV:山﨑玲奈）, 桜木舞華（CV:鈴木杏奈）, 真白清美（CV:其原有沙）, HiREN（CV:花耶）, 水月ひかり（CV:礒部花凜）, 高木凛（CV:鷲見友美ジェナ）, 萩原ひまわり（CV:倉知玲鳳）, SAKURAKO（CV:竹内夢）】「アンノウンミー」


◇◇◇ 原作情報 ◇◇◇

【原作ノベル】
『無自覚聖女は今日も無意識に力を垂れ流す 今代の聖女は姉ではなく、妹の私だったみたいです』

著：あーもんど
イラスト：あんべよしろう

「アース・スター ルナ」アース・スター エンターテイメント刊
全4巻、好評発売中！

▼原作ノベル特集ページはこちら
https://www.es-luna.jp/feature/1million/mujikaku/

▼Amazon購入はこちら
https://www.amazon.co.jp/dp/4803015309/

【コミック】
『無自覚聖女は今日も無意識に力を垂れ流す 〜公爵家の落ちこぼれ令嬢、嫁ぎ先で幸せを掴み取る〜』

原作：あーもんど・あんべよしろう
漫画：えとうヨナ

「コミック アース・スター」連載
1～7巻、好評発売中！

▼「コミック アース・スター」連載ページはこちら
https://comic-earthstar.com/episode/14079602755509004886

▼Amazon購入はこちら
https://www.amazon.co.jp/dp/4803016976/


━━━━━━━━━━━━━━━━━━━
#アーススター #あーもんど #あんべよしろう #えとうヨナ #高橋李依 #古川慎 #白石晴香 #土岐隼一 #水瀬いのり #花耶 #ウタヒメドリーム #ウタドリ #田丸篤志 #岡本信彦

©あーもんど/アース・スター エンターテイメント/無自覚聖女は今日も無意識に力を垂れ流す製作委員会",2026-07-09T16:30:01Z,【公式】アース・スター エンターテイメント,UCBoHPnjDHd2W6mY7lHCTzXA,22238,https://i.ytimg.com/vi/tB1cFMYBX_4/hqdefault.jpg,無自覚聖女は今日も無意識に力を垂れ流す ノンクレジットエンディング映像2026年6月30日よりAT-XTOKYO MXBS11ほかにて放送中 これは落ちこぼれ令嬢と不器用な皇子が幸せをつかみ取る愛の物語 無自覚聖女は今日も無意識に力を垂れ流す 2026年6月30日よりAT-XTOKYO MXBS11ほかにて放送中 dアニメストアU-NEXTABEMAにて地上波1週間先行配信中その他プラットフォームにて7月7日より順次配信 公式サイトhttpsmujikaku-seijocom 公式Xhttpsxcommujikakuseijo 推奨ハッシュタグ無自覚聖女 ノンクレジットエンディング映像を公開 ウタヒメドリーム オールスターズによるエンディングテーマ アンノウンミー と共にお楽しみください 楽曲配信はこちら httpsnex-tonelinkA00221129 楽曲MVはこちら httpsyoutubedg3GH3OraiY 無自覚聖女は今日も無意識に力を垂れ流す 作品情報 イントロダクション 優秀なサンチェス公爵家には二人の姉妹がいた 姉のフローラは才色兼備な聖女候補 妹のカロリーナは地味で才能もない落ちこぼれ カロリーナは優秀な姉と比べられ劣等感を抱える日を送っていた ある日カロリーナのもとに隣国との関係調整のため第二皇子との縁談が舞い込む ただし皇子は野蛮で残酷無比と噂の人物 お役に立てるなら 国を守るため政略結婚を受け入れるカロリーナだったが この決断が人生を一変させる 噂に反して紳士的な皇子や新しい家族に正当に評価され 少しずつ自分を認められるようになっていくカロリーナ さらに不思議な力が宿っていることが判明する 一方王国に残されたフローラは不調続きで 第2回アーススターノベル大賞 奨励賞受賞 シリーズ累計200万部突破の人気タイトルが待望のアニメ化決定 これは落ちこぼれ令嬢と不器用な皇子が 幸せをつかみ取る愛の物語 放送配信情報 2026年6月30日よりAT-XTOKYO MXBS11ほかにて放送中 AT-X6月30日より毎週火曜日2200 TOKYO MX7月7日より毎週火曜日2300 BS117月9日より毎週木曜日2500 とちぎテレビ7月9日より毎週木曜日2300 群馬テレビ7月10日より毎週金曜日2430 dアニメストアU-NEXTABEMAにて地上波1週間先行配信中 その他プラットフォームにて7月7日より順次配信 日時は予告なく変更となる場合がございます STAFF 原作あーもんど 原作イラストキャラクターデザイン原案あんべよしろう コミカライズえとうヨナ 監督熨斗谷充孝 シリーズ構成待田堂子 キャラクターデザイン永井泰平 プロップサブキャラクターデザイン榎本彩芽 美術設定美術監督池田 尚 色彩設計猪又菜美 撮影監督山本耕平エースクリエイション 編集小野寺絵美 音響監督髙桑 一 音楽SUPA LOVE アニメーション制作マジックバスピカンテサーカス CAST カロリーナ高橋李依 エドワード古川 慎 フローラ白石晴香 テオドール土岐隼一 マリッサ水瀬いのり ギルバート田丸篤志 オーウェン岡本信彦 MUSIC オープニングテーマ花耶 Windmaker エンディングテーマウタヒメドリーム オールスターズ 夢咲いぶきCV山玲奈 桜木舞華CV鈴木杏奈 真白清美CV其原有沙 HiRENCV花耶 水月ひかりCV礒部花凜 高木凛CV鷲見友美ジェナ 萩原ひまわりCV倉知玲鳳 SAKURAKOCV竹内夢 アンノウンミー 原作情報 原作ノベル 無自覚聖女は今日も無意識に力を垂れ流す 今代の聖女は姉ではなく妹の私だったみたいです 著あーもんど イラストあんべよしろう アーススター ルナ アーススター エンターテイメント刊 全4巻好評発売中 原作ノベル特集ページはこちら httpswwwes-lunajpfeature1millionmujikaku Amazon購入はこちら httpswwwamazoncojpdp4803015309 コミック 無自覚聖女は今日も無意識に力を垂れ流す 〜公爵家の落ちこぼれ令嬢嫁ぎ先で幸せを掴み取る〜 原作あーもんどあんべよしろう 漫画えとうヨナ コミック アーススター 連載 17巻好評発売中 コミック アーススター 連載ページはこちら httpscomic-earthstarcomepisode14079602755509004886 Amazon購入はこちら httpswwwamazoncojpdp4803016976 アーススター あーもんど あんべよしろう えとうヨナ 高橋李依 古川慎 白石晴香 土岐隼一 水瀬いのり 花耶 ウタヒメドリーム ウタドリ 田丸篤志 岡本信彦 あーもんどアーススター エンターテイメント無自覚聖女は今日も無意識に力を垂れ流す製作委員会,無自覚聖女は今日も無意識に力を垂れ流す ノンクレジットエンディング映像2026年6月30日よりAT-XTOKYO MXBS11ほかにて放送中 これは落ちこぼれ令嬢と不器用な皇子が幸せをつかみ取る愛の物語 無自覚聖女は今日も無意識に力を垂れ流す 2026年6月30日よりAT-XTOKYO MXBS11ほかにて放送中 dアニメストアU-NEXTABEMAにて地上波1週間先行配信中その他プラットフォームにて7月7日より順次配信 公式サイトhttpsmujikaku-seijocom 公式Xhttpsxcommujikakuseijo 推奨ハッシュタグ無自覚聖女 ノンクレジットエンディング映像を公開 ウタヒメドリーム オールスターズによるエンディングテーマ アンノウンミー と共にお楽しみください 楽曲配信はこちら httpsnex-tonelinkA00221129 楽曲MVはこちら httpsyoutubedg3GH3OraiY 無自覚聖女は今日も無意識に力を垂れ流す 作品情報 イントロダクション 優秀なサンチェス公爵家には二人の姉妹がいた 姉のフローラは才色兼備な聖女候補 妹のカロリーナは地味で才能もない落ちこぼれ カロリーナは優秀な姉と比べられ劣等感を抱える日を送っていた ある日カロリーナのもとに隣国との関係調整のため第二皇子との縁談が舞い込む ただし皇子は野蛮で残酷無比と噂の人物 お役に立てるなら 国を守るため政略結婚を受け入れるカロリーナだったが この決断が人生を一変させる 噂に反して紳士的な皇子や新しい家族に正当に評価され 少しずつ自分を認められるようになっていくカロリーナ さらに不思議な力が宿っていることが判明する 一方王国に残されたフローラは不調続きで 第2回アーススターノベル大賞 奨励賞受賞 シリーズ累計200万部突破の人気タイトルが待望のアニメ化決定 これは落ちこぼれ令嬢と不器用な皇子が 幸せをつかみ取る愛の物語 放送配信情報 2026年6月30日よりAT-XTOKYO MXBS11ほかにて放送中 AT-X6月30日より毎週火曜日2200 TOKYO MX7月7日より毎週火曜日2300 BS117月9日より毎週木曜日2500 とちぎテレビ7月9日より毎週木曜日2300 群馬テレビ7月10日より毎週金曜日2430 dアニメストアU-NEXTABEMAにて地上波1週間先行配信中 その他プラットフォームにて7月7日より順次配信 日時は予告なく変更となる場合がございます STAFF 原作あーもんど 原作イラストキャラクターデザイン原案あんべよしろう コミカライズえとうヨナ 監督熨斗谷充孝 シリーズ構成待田堂子 キャラクターデザイン永井泰平 プロップサブキャラクターデザイン榎本彩芽 美術設定美術監督池田 尚 色彩設計猪又菜美 撮影監督山本耕平エースクリエイション 編集小野寺絵美 音響監督髙桑 一 音楽SUPA LOVE アニメーション制作マジックバスピカンテサーカス CAST カロリーナ高橋李依 エドワード古川 慎 フローラ白石晴香 テオドール土岐隼一 マリッサ水瀬いのり ギルバート田丸篤志 オーウェン岡本信彦 MUSIC オープニングテーマ花耶 Windmaker エンディングテーマウタヒメドリーム オールスターズ 夢咲いぶきCV山玲奈 桜木舞華CV鈴木杏奈 真白清美CV其原有沙 HiRENCV花耶 水月ひかりCV礒部花凜 高木凛CV鷲見友美ジェナ 萩原ひまわりCV倉知玲鳳 SAKURAKOCV竹内夢 アンノウンミー 原作情報 原作ノベル 無自覚聖女は今日も無意識に力を垂れ流す 今代の聖女は姉ではなく妹の私だったみたいです 著あーもんど イラストあんべよしろう アーススター ルナ アーススター エンターテイメント刊 全4巻好評発売中 原作ノベル特集ページはこちら httpswwwes-lunajpfeature1millionmujikaku Amazon購入はこちら httpswwwamazoncojpdp4803015309 コミック 無自覚聖女は今日も無意識に力を垂れ流す 〜公爵家の落ちこぼれ令嬢嫁ぎ先で幸せを掴み取る〜 原作あーもんどあんべよしろう 漫画えとうヨナ コミック アーススター 連載 17巻好評発売中 コミック アーススター 連載ページはこちら httpscomic-earthstarcomepisode14079602755509004886 Amazon購入はこちら httpswwwamazoncojpdp4803016976 アーススター あーもんど あんべよしろう えとうヨナ 高橋李依 古川慎 白石晴香 土岐隼一 水瀬いのり 花耶 ウタヒメドリーム ウタドリ 田丸篤志 岡本信彦 あーもんどアーススター エンターテイメント無自覚聖女は今日も無意識に力を垂れ流す製作委員会,無自覚聖女は今日も無意識に力を垂れ流す ノンクレジットエンディング映像2026年6月30日よりAT-XTOKYO MXBS11ほかにて放送中 これは落ちこぼれ令嬢と不器用な皇子が幸せをつかみ取る愛の物語 無自覚聖女は今日も無意識に力を垂れ流す 2026年6月30日よりAT-XTOKYO MXBS11ほかにて放送中 dアニメストアU-NEXTABEMAにて地上波1週間先行配信中その他プラットフォームにて7月7日より順次配信 公式サイトhttpsmujikaku-seijocom 公式Xhttpsxcommujikakuseijo 推奨ハッシュタグ無自覚聖女 ノンクレジットエンディング映像を公開 ウタヒメドリーム オールスターズによるエンディングテーマ アンノウンミー と共にお楽しみください 楽曲配信はこちら httpsnex-tonelinkA00221129 楽曲MVはこちら httpsyoutubedg3GH3OraiY 無自覚聖女は今日も無意識に力を垂れ流す 作品情報 イントロダクション 優秀なサンチェス公爵家には二人の姉妹がいた 姉のフローラは才色兼備な聖女候補 妹のカロリーナは地味で才能もない落ちこぼれ カロリーナは優秀な姉と比べられ劣等感を抱える日を送っていた ある日カロリーナのもとに隣国との関係調整のため第二皇子との縁談が舞い込む ただし皇子は野蛮で残酷無比と噂の人物 お役に立てるなら 国を守るため政略結婚を受け入れるカロリーナだったが この決断が人生を一変させる 噂に反して紳士的な皇子や新しい家族に正当に評価され 少しずつ自分を認められるようになっていくカロリーナ さらに不思議な力が宿っていることが判明する 一方王国に残されたフローラは不調続きで 第2回アーススターノベル大賞 奨励賞受賞 シリーズ累計200万部突破の人気タイトルが待望のアニメ化決定 これは落ちこぼれ令嬢と不器用な皇子が 幸せをつかみ取る愛の物語 放送配信情報 2026年6月30日よりAT-XTOKYO MXBS11ほかにて放送中 AT-X6月30日より毎週火曜日2200 TOKYO MX7月7日より毎週火曜日2300 BS117月9日より毎週木曜日2500 とちぎテレビ7月9日より毎週木曜日2300 群馬テレビ7月10日より毎週金曜日2430 dアニメストアU-NEXTABEMAにて地上波1週間先行配信中 その他プラットフォームにて7月7日より順次配信 日時は予告なく変更となる場合がございます STAFF 原作あーもんど 原作イラストキャラクターデザイン原案あんべよしろう コミカライズえとうヨナ 監督熨斗谷充孝 シリーズ構成待田堂子 キャラクターデザイン永井泰平 プロップサブキャラクターデザイン榎本彩芽 美術設定美術監督池田 尚 色彩設計猪又菜美 撮影監督山本耕平エースクリエイション 編集小野寺絵美 音響監督髙桑 一 音楽SUPA LOVE アニメーション制作マジックバスピカンテサーカス CAST カロリーナ高橋李依 エドワード古川 慎 フローラ白石晴香 テオドール土岐隼一 マリッサ水瀬いのり ギルバート田丸篤志 オーウェン岡本信彦 MUSIC オープニングテーマ花耶 Windmaker エンディングテーマウタヒメドリーム オールスターズ 夢咲いぶきCV山玲奈 桜木舞華CV鈴木杏奈 真白清美CV其原有沙 HiRENCV花耶 水月ひかりCV礒部花凜 高木凛CV鷲見友美ジェナ 萩原ひまわりCV倉知玲鳳 SAKURAKOCV竹内夢 アンノウンミー 原作情報 原作ノベル 無自覚聖女は今日も無意識に力を垂れ流す 今代の聖女は姉ではなく妹の私だったみたいです 著あーもんど イラストあんべよしろう アーススター ルナ アーススター エンターテイメント刊 全4巻好評発売中 原作ノベル特集ページはこちら httpswwwes-lunajpfeature1millionmujikaku Amazon購入はこちら httpswwwamazoncojpdp4803015309 コミック 無自覚聖女は今日も無意識に力を垂れ流す 〜公爵家の落ちこぼれ令嬢嫁ぎ先で幸せを掴み取る〜 原作あーもんどあんべよしろう 漫画えとうヨナ コミック アーススター 連載 17巻好評発売中 コミック アーススター 連載ページはこちら httpscomic-earthstarcomepisode14079602755509004886 Amazon購入はこちら httpswwwamazoncojpdp4803016976 アーススター あーもんど あんべよしろう えとうヨナ 高橋李依 古川慎 白石晴香 土岐隼一 水瀬いのり 花耶 ウタヒメドリーム ウタドリ 田丸篤志 岡本信彦 あーもんどアーススター エンターテイメント無自覚聖女は今日も無意識に力を垂れ流す製作委員会,99,未分類,op,OP,0,https://yt3.ggpht.com/AwvZ9pGFT_eE8tbMhKVyfYLlbvvtpWzRIkEMltel3LJNHY8itGNvUYs4jwwRU2KMr_sxI2Pn=s800-c-k-c0x00ffffff-no-rj,30300
dFPEYdbTAD4,「サイボーグ009 ネメシス」ノンクレジットエンディング映像｜スキマスイッチ「クライマル」,"アニメ「サイボーグ009 ネメシス」
Prime Video、dアニメストア、U-NEXTほか各プラットフォームにて配信中

■エンディング主題歌
「クライマル」スキマスイッチ
https://SUKIMASWITCH.lnk.to/Climal

作詞：大橋卓弥・常田真太郎 
作曲：大橋卓弥・常田真太郎

-----------------------------------------------------------------------------------------------
公式サイト：　https://cyborg009.jp/
公式X：@009nemesis（https://x.com/009nemesis）
-----------------------------------------------------------------------------------------------

【配信プラットフォーム情報】
ABEMAプレミアム
dアニメストア
U-NEXT
アニメ放題
Prime Video
DMM TV
FOD
Hulu
バンダイチャンネル
J:COM STREAM
TELASA
milplus見放題プライム
ふらっと動画

【イントロダクション】
サイボーグ戦士たちは誕生以後、半世紀以上にわたり平和を脅かす様々な敵から人々を守ってきた。
しかし、なおも戦いは続いている――。
そして今。
009たちでは世界を安寧に導くことはできない、そう信じた9人のサイボーグ集団「ネメシス」が現れた。
重力を操るサイボーグ・グラビトンが率いる彼らの目指す理想とは？
私たちは世代交代を目撃するのか⁉ 
  
【キャスト】
009/島村ジョー：梶裕貴
001/イワン・ウイスキー：皆川純子
002/ジェット・リンク：宮野真守
003/フランソワーズ・アルヌール：早見沙織
004/アルベルト・ハインリヒ：杉田智和
005/ジェロニモ・ジュニア：安元洋貴
006/張々湖：かぬか光明
007/グレート・ブリテン：利根健太朗 
008/ピュンマ：林勇
ギルモア博士：山路和弘
 
N009/グラビトン：中村悠一
N001/ミュウ：日高里菜
N002/ブリザード：細谷佳正
N003/クラック：神谷浩史
N004/オプロ：井上喜久子
N005/アスピダ：稲田徹
N006/ブリッツ：若山詩音
N007/モーフィン：内田真礼
N008/デプス：佐倉綾音
ゴルバート博士：奈良徹
イスパノ：下野紘
 
【スタッフ】
原作：石ノ森章太郎
企画：山辺浩一
監督：安保英樹
脚本：冨岡淳広　キャラテックス
キャラクター設定：金子しん一　上水博貴
キャラクターデザイン：sanorin
色彩設計：いわみみか。
美術設定：久保久
撮影監督：石井健悟
編集：小野口洋
音楽：Kenji Katoh
音楽プロデューサー：菊地智敦
音楽制作：RightTracks
音響監督：八巻大樹
音響制作：dugout
オープニング主題歌：「誰がために」杏子（オフィスオーガスタ）
エンディング主題歌：「クライマル」スキマスイッチ（オフィスオーガスタ）
アニメーション制作：アレクト
製作：石森プロ

#サイボーグ009 #アニメ  

【サイボーグ009　スペシャルページ】https://ishimoripro.com/cyborg009/
【石森プロ　公式HP / Official site】https://ishimoripro.com/
【石森プロ　公式X / Official X】@ishimoripro（https://x.com/ishimoripro）

© ISHIMORI PRODUCTION INC.",2026-07-30T03:00:29Z,【公式】石森プロ,UC9g3YZoyMIExRp7UzZUaXoA,21643,https://i.ytimg.com/vi/dFPEYdbTAD4/hqdefault.jpg,サイボーグ009 ネメシス ノンクレジットエンディング映像 スキマスイッチ クライマル サイボーグ009 ネメシス Prime VideodアニメストアU-NEXTほか各プラットフォームにて配信中 エンディング主題歌 クライマル スキマスイッチ httpsSUKIMASWITCHlnktoClimal 作詞大橋卓弥常田真太郎 作曲大橋卓弥常田真太郎 ----------------------------------------------------------------------------------------------- 公式サイト httpscyborg009jp 公式X009nemesishttpsxcom009nemesis ----------------------------------------------------------------------------------------------- 配信プラットフォーム情報 ABEMAプレミアム dアニメストア U-NEXT アニメ放題 Prime Video DMM TV FOD Hulu バンダイチャンネル JCOM STREAM TELASA milplus見放題プライム ふらっと動画 イントロダクション サイボーグ戦士たちは誕生以後半世紀以上にわたり平和を脅かす様な敵から人を守ってきた しかしなおも戦いは続いている そして今 009たちでは世界を安寧に導くことはできないそう信じた9人のサイボーグ集団 ネメシス が現れた 重力を操るサイボーググラビトンが率いる彼らの目指す理想とは 私たちは世代交代を目撃するのか キャスト 009島村ジョー梶裕貴 001イワンウイスキー皆川純子 002ジェットリンク宮野真守 003フランソワーズアルヌール早見沙織 004アルベルトハインリヒ杉田智和 005ジェロニモジュニア安元洋貴 006張湖かぬか光明 007グレートブリテン利根健太朗 008ピュンマ林勇 ギルモア博士山路和弘 N009グラビトン中村悠一 N001ミュウ日高里菜 N002ブリザード細谷佳正 N003クラック神谷浩史 N004オプロ井上喜久子 N005アスピダ稲田徹 N006ブリッツ若山詩音 N007モーフィン内田真礼 N008デプス佐倉綾音 ゴルバート博士奈良徹 イスパノ下野紘 スタッフ 原作石ノ森章太郎 企画山辺浩一 監督安保英樹 脚本冨岡淳広 キャラテックス キャラクター設定金子しん一 上水博貴 キャラクターデザインsanorin 色彩設計いわみみか 美術設定久保久 撮影監督石井健悟 編集小野口洋 音楽Kenji Katoh 音楽プロデューサー菊地智敦 音楽制作RightTracks 音響監督八巻大樹 音響制作dugout オープニング主題歌 誰がために 杏子オフィスオーガスタ エンディング主題歌 クライマル スキマスイッチオフィスオーガスタ アニメーション制作アレクト 製作石森プロ サイボーグ009 サイボーグ009 スペシャルページ httpsishimoriprocomcyborg009 石森プロ 公式HP site httpsishimoriprocom 石森プロ 公式X X ishimoriprohttpsxcomishimoripro ISHIMORI PRODUCTION INC,サイボーグ009 ネメシス ノンクレジットエンディング映像 スキマスイッチ クライマル サイボーグ009 ネメシス Prime VideodアニメストアU-NEXTほか各プラットフォームにて配信中 エンディング主題歌 クライマル スキマスイッチ httpsSUKIMASWITCHlnktoClimal 作詞大橋卓弥常田真太郎 作曲大橋卓弥常田真太郎 ----------------------------------------------------------------------------------------------- 公式サイト httpscyborg009jp 公式X009nemesishttpsxcom009nemesis ----------------------------------------------------------------------------------------------- 配信プラットフォーム情報 ABEMAプレミアム dアニメストア U-NEXT アニメ放題 Prime Video DMM TV FOD Hulu バンダイチャンネル JCOM STREAM TELASA milplus見放題プライム ふらっと動画 イントロダクション サイボーグ戦士たちは誕生以後半世紀以上にわたり平和を脅かす様な敵から人を守ってきた しかしなおも戦いは続いている そして今 009たちでは世界を安寧に導くことはできないそう信じた9人のサイボーグ集団 ネメシス が現れた 重力を操るサイボーググラビトンが率いる彼らの目指す理想とは 私たちは世代交代を目撃するのか キャスト 009島村ジョー梶裕貴 001イワンウイスキー皆川純子 002ジェットリンク宮野真守 003フランソワーズアルヌール早見沙織 004アルベルトハインリヒ杉田智和 005ジェロニモジュニア安元洋貴 006張湖かぬか光明 007グレートブリテン利根健太朗 008ピュンマ林勇 ギルモア博士山路和弘 N009グラビトン中村悠一 N001ミュウ日高里菜 N002ブリザード細谷佳正 N003クラック神谷浩史 N004オプロ井上喜久子 N005アスピダ稲田徹 N006ブリッツ若山詩音 N007モーフィン内田真礼 N008デプス佐倉綾音 ゴルバート博士奈良徹 イスパノ下野紘 スタッフ 原作石ノ森章太郎 企画山辺浩一 監督安保英樹 脚本冨岡淳広 キャラテックス キャラクター設定金子しん一 上水博貴 キャラクターデザインsanorin 色彩設計いわみみか 美術設定久保久 撮影監督石井健悟 編集小野口洋 音楽Kenji Katoh 音楽プロデューサー菊地智敦 音楽制作RightTracks 音響監督八巻大樹 音響制作dugout オープニング主題歌 誰がために 杏子オフィスオーガスタ エンディング主題歌 クライマル スキマスイッチオフィスオーガスタ アニメーション制作アレクト 製作石森プロ サイボーグ009 サイボーグ009 スペシャルページ httpsishimoriprocomcyborg009 石森プロ 公式HP site httpsishimoriprocom 石森プロ 公式X X ishimoriprohttpsxcomishimoripro ISHIMORI PRODUCTION INC,サイボーグ009 ネメシス ノンクレジットエンディング映像 スキマスイッチ クライマル サイボーグ009 ネメシス Prime VideodアニメストアU-NEXTほか各プラットフォームにて配信中 エンディング主題歌 クライマル スキマスイッチ httpsSUKIMASWITCHlnktoClimal 作詞大橋卓弥常田真太郎 作曲大橋卓弥常田真太郎 ----------------------------------------------------------------------------------------------- 公式サイト httpscyborg009jp 公式X009nemesishttpsxcom009nemesis ----------------------------------------------------------------------------------------------- 配信プラットフォーム情報 ABEMAプレミアム dアニメストア U-NEXT アニメ放題 Prime Video DMM TV FOD Hulu バンダイチャンネル JCOM STREAM TELASA milplus見放題プライム ふらっと動画 イントロダクション サイボーグ戦士たちは誕生以後半世紀以上にわたり平和を脅かす様な敵から人を守ってきた しかしなおも戦いは続いている そして今 009たちでは世界を安寧に導くことはできないそう信じた9人のサイボーグ集団 ネメシス が現れた 重力を操るサイボーググラビトンが率いる彼らの目指す理想とは 私たちは世代交代を目撃するのか キャスト 009島村ジョー梶裕貴 001イワンウイスキー皆川純子 002ジェットリンク宮野真守 003フランソワーズアルヌール早見沙織 004アルベルトハインリヒ杉田智和 005ジェロニモジュニア安元洋貴 006張湖かぬか光明 007グレートブリテン利根健太朗 008ピュンマ林勇 ギルモア博士山路和弘 N009グラビトン中村悠一 N001ミュウ日高里菜 N002ブリザード細谷佳正 N003クラック神谷浩史 N004オプロ井上喜久子 N005アスピダ稲田徹 N006ブリッツ若山詩音 N007モーフィン内田真礼 N008デプス佐倉綾音 ゴルバート博士奈良徹 イスパノ下野紘 スタッフ 原作石ノ森章太郎 企画山辺浩一 監督安保英樹 脚本冨岡淳広 キャラテックス キャラクター設定金子しん一 上水博貴 キャラクターデザインsanorin 色彩設計いわみみか 美術設定久保久 撮影監督石井健悟 編集小野口洋 音楽Kenji Katoh 音楽プロデューサー菊地智敦 音楽制作RightTracks 音響監督八巻大樹 音響制作dugout オープニング主題歌 誰がために 杏子オフィスオーガスタ エンディング主題歌 クライマル スキマスイッチオフィスオーガスタ アニメーション制作アレクト 製作石森プロ サイボーグ009 サイボーグ009 スペシャルページ httpsishimoriprocomcyborg009 石森プロ 公式HP site httpsishimoriprocom 石森プロ 公式X X ishimoriprohttpsxcomishimoripro ISHIMORI PRODUCTION INC,99,未分類,op,OP,0,https://yt3.ggpht.com/ytc/AIdro_kxLvUqn8POcCw61HL7dQzUQUALRKJ_Tju25CSaq2cn5w=s800-c-k-c0x00ffffff-no-rj,4170
NjdE4RFQ4rY,第四話「信心の娘」　ノンクレジットOP｜ TVアニメ『二十世紀電氣目録-ユーレカ・エヴリカ-』,"2026年7月5日よりABCテレビ、TOKYO MX、テレビ愛知、BS11にて放送開始！
Netflixにて世界独占配信！

▼公式サイト
https://denkimokuroku.jp

＜放送情報＞
2026年7月5日よりテレビ放送開始
TOKYO MX　毎週日曜 23:00〜
BS11　毎週日曜 23:30〜
ABCテレビ　毎週日曜 24:40〜
テレビ愛知　毎週日曜 25:20～

＜配信情報＞
Netflixにて世界独占配信
2026年7月5日より毎週日曜23:00最新エピソード配信

＜ストーリー＞
“電氣の時代”を夢見る少年たちがいた。
「二十世紀電氣目録」に、思い描く電氣の発明を書き込む主人公・坂本喜八。
憧れの兄・坂本清六と共に夢の実現を誓う喜八だったが、
清六は「二十世紀電氣目録」を持って戦争に行き、帰らぬ人となる。

月日は流れ、酒造の娘・百川稲子との出会いによって、
失われたはずの「二十世紀電氣目録」が喜八の前に現れる。
それを狙うのは、稲子との政略結婚を進める蒸気の財閥御曹司・三添洋輔。
洋輔に対抗する喜八と稲子の、夢をかけた電氣の挑戦が始まる―!!

なぜ洋輔は「二十世紀電氣目録」を追い求めるのか。
そして、洋輔と清六だけが知る「二十世紀電氣目録」の“秘密”とは。

「二十世紀電氣目録」を巡り、少年少女の夢が再び動き出す―
これは＜再生＞の物語。

＜スタッフ＞
原作：「二十世紀電氣目録」結城 弘（KAエスマ文庫／京都アニメーション）
監督：太田 稔
シリーズ構成：浦畑達彦
キャラクターデザイン・総作画監督：岡村公平
世界観設定：鈴木貴昭
美術監督：高山真緒
色彩設計：大塚芙由紀
小物設定：疋田 彩
撮影監督：植田弘貴
3D監督：髙木美槻
音響監督：鶴岡陽太
音楽：湖東ひとみ
音楽制作：ランティス ハートカンパニー
アニメーション制作：京都アニメーション
製作：明滋電氣商工会

＜主題歌＞
オープニング主題歌：五阿弥ルナ『ユーレカ・エヴリカ』
エンディング主題歌：Ginger Root『Soarin’』

＜キャスト＞
坂本喜八：内田雄馬
百川稲子：雨宮 天
三添洋輔：内山昂輝
坂本清六：小野大輔
陸 健吾：武内駿輔
百川規子：寿 美菜子
原島すず：大地 葉
大倉ケイト：川井田夏海
矢倉弥治郎：浦 和希
鱒淵伊蔵：平川大輔
百川甚右衛門：家中 宏
百川苗子：浅野まゆみ
矢倉文七：遠藤大智
とめ / イナリ：高垣彩陽

■information
公式サイト：https://denkimokuroku.jp
公式X：https://x.com/denkimokuroku
公式Instagram：https://www.instagram.com/denkimokuroku
公式Threads：https://www.threads.com/@denkimokuroku
公式TikTok：https://www.tiktok.com/@denkimokuroku
(English)
公式X：https://x.com/Sparks_of_Tmr
公式Bluesky：https://bsky.app/profile/sparks-of-tmr.bsky.social

(C)結城弘・京都アニメーション／明滋電氣商工会

#二十世紀電氣目録 ＃ユーレカエヴリカ",2026-07-26T14:35:01Z,京アニチャンネル,UCpGY2vcoKXf7K6tFzsbSv7w,20780,https://i.ytimg.com/vi/NjdE4RFQ4rY/hqdefault.jpg,第四話 信心の娘 ノンクレジットOP 二十世紀電氣目録-ユーレカエリカ- 2026年7月5日よりABCテレビTOKYO MXテレビ愛知BS11にて放送開始 Netflixにて世界独占配信 公式サイト httpsdenkimokurokujp 放送情報 2026年7月5日よりテレビ放送開始 TOKYO MX 毎週日曜 2300〜 BS11 毎週日曜 2330〜 ABCテレビ 毎週日曜 2440〜 テレビ愛知 毎週日曜 2520 配信情報 Netflixにて世界独占配信 2026年7月5日より毎週日曜2300最新エピソード配信 ストーリー 電氣の時代を夢見る少年たちがいた 二十世紀電氣目録 に思い描く電氣の発明を書き込む主人公坂本喜八 憧れの兄坂本清六と共に夢の実現を誓う喜八だったが 清六は 二十世紀電氣目録 を持って戦争に行き帰らぬ人となる 月日は流れ酒造の娘百川稲子との出会いによって 失われたはずの 二十世紀電氣目録 が喜八の前に現れる それを狙うのは稲子との政略結婚を進める蒸気の財閥御曹司三添洋輔 洋輔に対抗する喜八と稲子の夢をかけた電氣の挑戦が始まる なぜ洋輔は 二十世紀電氣目録 を追い求めるのか そして洋輔と清六だけが知る 二十世紀電氣目録 の秘密とは 二十世紀電氣目録 を巡り少年少女の夢が再び動き出す これは再生の物語 スタッフ 原作 二十世紀電氣目録 結城 弘KAエスマ文庫 京都アニメーション 監督太田 稔 シリーズ構成浦畑達彦 キャラクターデザイン総作画監督岡村公平 世界観設定鈴木貴昭 美術監督高山真緒 色彩設計大塚芙由紀 小物設定疋田 彩 撮影監督植田弘貴 3D監督髙木美槻 音響監督鶴岡陽太 音楽湖東ひとみ 音楽制作ランティス ハートカンパニー アニメーション制作京都アニメーション 製作明滋電氣商工会 オープニング主題歌五阿弥ルナ ユーレカエリカ エンディング主題歌Ginger Root Soarin キャスト 坂本喜八内田雄馬 百川稲子雨宮 天 三添洋輔内山昂輝 坂本清六小野大輔 陸 健吾武内駿輔 百川規子寿 美菜子 原島すず大地 葉 大倉ケイト川井田夏海 矢倉弥治郎浦 和希 鱒淵伊蔵平川大輔 百川甚右衛門家中 宏 百川苗子浅野まゆみ 矢倉文七遠藤大智 とめ イナリ高垣彩陽 information 公式サイトhttpsdenkimokurokujp 公式Xhttpsxcomdenkimokuroku 公式Instagramhttpswwwinstagramcomdenkimokuroku 公式Threadshttpswwwthreadscomdenkimokuroku 公式TikTokhttpswwwtiktokcomdenkimokuroku 公式XhttpsxcomSparksofTmr 公式Blueskyhttpsbskyappprofilesparks-of-tmrbskysocial 結城弘京都アニメーション 明滋電氣商工会 二十世紀電氣目録 ユーレカエリカ,第四話 信心の娘 ノンクレジットOP 二十世紀電氣目録-ユーレカエリカ- 2026年7月5日よりABCテレビTOKYO MXテレビ愛知BS11にて放送開始 Netflixにて世界独占配信 公式サイト httpsdenkimokurokujp 放送情報 2026年7月5日よりテレビ放送開始 TOKYO MX 毎週日曜 2300〜 BS11 毎週日曜 2330〜 ABCテレビ 毎週日曜 2440〜 テレビ愛知 毎週日曜 2520 配信情報 Netflixにて世界独占配信 2026年7月5日より毎週日曜2300最新エピソード配信 ストーリー 電氣の時代を夢見る少年たちがいた 二十世紀電氣目録 に思い描く電氣の発明を書き込む主人公坂本喜八 憧れの兄坂本清六と共に夢の実現を誓う喜八だったが 清六は 二十世紀電氣目録 を持って戦争に行き帰らぬ人となる 月日は流れ酒造の娘百川稲子との出会いによって 失われたはずの 二十世紀電氣目録 が喜八の前に現れる それを狙うのは稲子との政略結婚を進める蒸気の財閥御曹司三添洋輔 洋輔に対抗する喜八と稲子の夢をかけた電氣の挑戦が始まる なぜ洋輔は 二十世紀電氣目録 を追い求めるのか そして洋輔と清六だけが知る 二十世紀電氣目録 の秘密とは 二十世紀電氣目録 を巡り少年少女の夢が再び動き出す これは再生の物語 スタッフ 原作 二十世紀電氣目録 結城 弘KAエスマ文庫 京都アニメーション 監督太田 稔 シリーズ構成浦畑達彦 キャラクターデザイン総作画監督岡村公平 世界観設定鈴木貴昭 美術監督高山真緒 色彩設計大塚芙由紀 小物設定疋田 彩 撮影監督植田弘貴 3D監督髙木美槻 音響監督鶴岡陽太 音楽湖東ひとみ 音楽制作ランティス ハートカンパニー アニメーション制作京都アニメーション 製作明滋電氣商工会 オープニング主題歌五阿弥ルナ ユーレカエリカ エンディング主題歌Ginger Root Soarin キャスト 坂本喜八内田雄馬 百川稲子雨宮 天 三添洋輔内山昂輝 坂本清六小野大輔 陸 健吾武内駿輔 百川規子寿 美菜子 原島すず大地 葉 大倉ケイト川井田夏海 矢倉弥治郎浦 和希 鱒淵伊蔵平川大輔 百川甚右衛門家中 宏 百川苗子浅野まゆみ 矢倉文七遠藤大智 とめ イナリ高垣彩陽 information 公式サイトhttpsdenkimokurokujp 公式Xhttpsxcomdenkimokuroku 公式Instagramhttpswwwinstagramcomdenkimokuroku 公式Threadshttpswwwthreadscomdenkimokuroku 公式TikTokhttpswwwtiktokcomdenkimokuroku 公式XhttpsxcomSparksofTmr 公式Blueskyhttpsbskyappprofilesparks-of-tmrbskysocial 結城弘京都アニメーション 明滋電氣商工会 二十世紀電氣目録 ユーレカエリカ,第四話 信心の娘 ノンクレジットOP 二十世紀電氣目録-ユーレカエリカ- 2026年7月5日よりABCテレビTOKYO MXテレビ愛知BS11にて放送開始 Netflixにて世界独占配信 公式サイト httpsdenkimokurokujp 放送情報 2026年7月5日よりテレビ放送開始 TOKYO MX 毎週日曜 2300〜 BS11 毎週日曜 2330〜 ABCテレビ 毎週日曜 2440〜 テレビ愛知 毎週日曜 2520 配信情報 Netflixにて世界独占配信 2026年7月5日より毎週日曜2300最新エピソード配信 ストーリー 電氣の時代を夢見る少年たちがいた 二十世紀電氣目録 に思い描く電氣の発明を書き込む主人公坂本喜八 憧れの兄坂本清六と共に夢の実現を誓う喜八だったが 清六は 二十世紀電氣目録 を持って戦争に行き帰らぬ人となる 月日は流れ酒造の娘百川稲子との出会いによって 失われたはずの 二十世紀電氣目録 が喜八の前に現れる それを狙うのは稲子との政略結婚を進める蒸気の財閥御曹司三添洋輔 洋輔に対抗する喜八と稲子の夢をかけた電氣の挑戦が始まる なぜ洋輔は 二十世紀電氣目録 を追い求めるのか そして洋輔と清六だけが知る 二十世紀電氣目録 の秘密とは 二十世紀電氣目録 を巡り少年少女の夢が再び動き出す これは再生の物語 スタッフ 原作 二十世紀電氣目録 結城 弘KAエスマ文庫 京都アニメーション 監督太田 稔 シリーズ構成浦畑達彦 キャラクターデザイン総作画監督岡村公平 世界観設定鈴木貴昭 美術監督高山真緒 色彩設計大塚芙由紀 小物設定疋田 彩 撮影監督植田弘貴 3D監督髙木美槻 音響監督鶴岡陽太 音楽湖東ひとみ 音楽制作ランティス ハートカンパニー アニメーション制作京都アニメーション 製作明滋電氣商工会 オープニング主題歌五阿弥ルナ ユーレカエリカ エンディング主題歌Ginger Root Soarin キャスト 坂本喜八内田雄馬 百川稲子雨宮 天 三添洋輔内山昂輝 坂本清六小野大輔 陸 健吾武内駿輔 百川規子寿 美菜子 原島すず大地 葉 大倉ケイト川井田夏海 矢倉弥治郎浦 和希 鱒淵伊蔵平川大輔 百川甚右衛門家中 宏 百川苗子浅野まゆみ 矢倉文七遠藤大智 とめ イナリ高垣彩陽 information 公式サイトhttpsdenkimokurokujp 公式Xhttpsxcomdenkimokuroku 公式Instagramhttpswwwinstagramcomdenkimokuroku 公式Threadshttpswwwthreadscomdenkimokuroku 公式TikTokhttpswwwtiktokcomdenkimokuroku 公式XhttpsxcomSparksofTmr 公式Blueskyhttpsbskyappprofilesparks-of-tmrbskysocial 結城弘京都アニメーション 明滋電氣商工会 二十世紀電氣目録 ユーレカエリカ,99,未分類,op,OP,0,https://yt3.ggpht.com/QwSNIxqlBPg3q8URSe616n_qFbS2OCXx4_nUUJc7MvmSBrYKuxvIyXABm5lfJz2UY6nLggnl=s800-c-k-c0x00ffffff-no-rj,788000
CmP5HMtIOEY,TVアニメ『猫と竜』ノンクレジットエンディング映像【2026年7月より放送&配信中！】,"猫に育てられた竜と猫たち、そして人間たちが織りなす、心あたたかく、そしてちょっと切なくなる不思議な絆の物語──。
TVアニメ『猫と竜』2026年7月より、TOKYO MX、ＢＳ日テレ、読売テレビ、AT-X、長崎文化放送にて放送中！dアニメストア、ABEMAにて地上波1週間先行・最速配信中！

▶︎公式サイト：https://nekoryuu-pr.com/
▶︎公式X：https://x.com/NekoRyuu_PR
▶商品ページ : https://tkj.jp/goods/list?q=nekoryu&utm_source=youtube&utm_medium=SNS&utm_campaign=storetkj
推奨ハッシュタグ：#猫と竜 #nekoryuu

TVアニメ『猫と竜』のエンディング映像をノンクレジットでお届け！
shallmによる本作のエンディングテーマ「ただいまの場所」と共にお楽しみください！

エンディングテーマ「ただいまの場所」は、2026年7月10日(金)デジタル配信開始！
https://shallm.lnk.to/tadaimaPR

＝＝＝＝
絵コンテ・演出：新開彩絵
作画：倉員千晶
色指定・検査：小島真喜子
仕上げ：曽根久美子､五十嵐遥､永井舞､坂下美月
撮影：高橋賢司
制作進行：草壁匠
＝＝＝＝

━━ TVアニメ『猫と竜』作品情報 ━━

◯●◯● イントロダクション ●◯●◯
深い深い、森の奥。
一匹の火吹き竜が、魔法を操る猫たちと暮らしています。

生まれる前に実親を失ったその竜は、
偶然出会った一匹の母猫によって育てられました。
猫たちは、空を飛び火を噴く“ちょっと変わった猫”として、
竜を家族に迎え入れたのです。

好奇心旺盛な森の猫たちの生き方は十猫十色。
竜は母猫への恩を返すかのように、森の猫たちに寄り添い、見守り続けます。
そんな竜を猫たちは“羽のおじちゃん”と呼び、慕っています。
一方、人間は畏怖を込めて“猫竜”と呼ぶのでした……。


シリーズ累計140万部突破！
「小説家になろう」日間ランキングにて
短編作品としては異例の1位を獲得した大人気ファンタジー作品が、
オムニバス形式でアニメ化決定！！

これは、猫に育てられた竜と猫たち、そして人間たちが織りなす、
心あたたかく、ちょっと切なくなる不思議な絆の物語──。

◯●◯● 放送/配信情報 ●◯●◯
2026年7月より、TOKYO MX、ＢＳ日テレ、読売テレビ、AT-X、長崎文化放送にて放送中

TOKYO MX：7月4日より、毎週土曜日21:00〜
ＢＳ日テレ：7月6日より、毎週月曜日23:30〜
読売テレビ：7月7日より、毎週火曜日25:29〜
AT-X：7月9日より、毎週木曜日23:30〜(リピート：毎週月曜日10:30〜 / 毎週水曜日16:30〜)
長崎文化放送：7月8日より、毎週水曜日25:20〜

dアニメストア、ABEMAにて、6月27日(土)21:30〜地上波1週間先行・最速配信！
ほか各配信サービスにて、7月4日(土)21:00～順次配信開始

※日時は予告なく変更となる場合がございます
※配信の詳細は各配信サービスにてご確認ください

◯●◯● STAFF ●◯●◯
原作：アマラ
キャラクター原案：大熊まい
漫画：佐々木泉
(宝島社刊)

監督：オ ジング
シリーズ構成：広田光毅
キャラクターデザイン：倉員千晶、西野理惠
サブキャラクターデザイン：黒澤浩美
プロップデザイン：張力文
美術設定：伊良波理沙
美術監督：薛 平
色彩設計：小島真喜子
CGディレクター：中島知奈絵 
撮影監督：高橋賢司
編集：渡辺直樹
音楽：小畑貴裕
音響監督：小沼則義
アニメーション制作：OLM

◯●◯● CAST ●◯●◯
猫竜： #子安武人
ママにゃん： #井上喜久子
シロタエ： #和泉風花
クロバネ： #速水奨
ハイブチ： #杉山紀彰
チークロ： #河瀬茉希
クロタマ： #徳留慎乃佑
ガリー： #種﨑敦美
アンネロッサ： #安済知佳
スタン： #榎木淳弥
葉猫： #芹澤優
王子： #小市眞琴
国王： #一条和矢
グレーターデーモン： #田所陽向
四代目モシャモシャ： #上田燿司
ミケミケ： #白砂沙帆
モナルカ(黒)： #花江夏樹
ポムポラ： #麻生智久

◯●◯● MUSIC ●◯●◯
オープニングテーマ： #suis from #ヨルシカ 「猫日」
エンディングテーマ： #shallm 「ただいまの場所」

◯●◯● 原作情報 ●◯●◯

【原作ノベル『猫と竜』】
宝島社 刊
著者：アマラ / イラスト：大熊まい

・単行本
第1巻〜第9巻好評発売中！

・文庫本
既刊4冊好評発売中！

【コミック『猫と竜』】
漫画：佐々木泉 / 原作：アマラ / キャラクター原案：大熊まい

第1巻〜第12巻好評発売中！
宝島すごい！WEB / マンガボックス 連載中！

▶︎連載ページにて第2話まで無料公開中！
宝島すごい！WEB：https://sugoiweb.jp/comic/lineup/1530/
マンガボックス：https://www.mangabox.me/reader/124179/episodes/

【スピンオフコミック『猫と竜 ミケミケのねこねこギルド』】
漫画：ノブヨシ侍 / 原作：アマラ / キャラクター原案：大熊まい、佐々木泉

第1巻好評発売中！
宝島すごい！WEB 連載中！

▶︎連載ページにて第4話まで無料公開中！
宝島すごい！WEB：https://sugoiweb.jp/comic/lineup/1273/

━━━━━━━━━━━━━━━━━━━
※「小説家になろう」は株式会社ヒナプロジェクトの登録商標です。

#アマラ #大熊まい #佐々木泉 #アニメ #Anime #漫画

©アマラ・宝島社／「猫と竜」製作委員会",2026-07-17T01:54:52Z,宝島社公式,UCCPR6Q-5a2qplsH0dPT9HPg,22307,https://i.ytimg.com/vi/CmP5HMtIOEY/hqdefault.jpg,猫と竜 ノンクレジットエンディング映像 2026年7月より放送配信中 猫に育てられた竜と猫たちそして人間たちが織りなす心あたたかくそしてちょっと切なくなる不思議な絆の物語 猫と竜 2026年7月よりTOKYO MX日テレ読売テレビAT-X長崎文化放送にて放送中dアニメストアABEMAにて地上波1週間先行最速配信中 公式サイトhttpsnekoryuu-prcom 公式XhttpsxcomNekoRyuuPR 商品ページ httpstkjjpgoodslistqnekoryuutmsourceyoutubeutmmediumSNSutmcampaignstoretkj 推奨ハッシュタグ猫と竜 nekoryuu 猫と竜 のエンディング映像をノンクレジットでお届け shallmによる本作のエンディングテーマ ただいまの場所 と共にお楽しみください エンディングテーマ ただいまの場所 は2026年7月10日 デジタル配信開始 httpsshallmlnktotadaimaPR 絵コンテ演出新開彩絵 作画倉員千晶 色指定検査小島真喜子 仕上げ曽根久美子五十嵐遥永井舞坂下美月 撮影高橋賢司 制作進行草壁匠 猫と竜 作品情報 イントロダクション 深い深い森の奥 一匹の火吹き竜が魔法を操る猫たちと暮らしています 生まれる前に実親を失ったその竜は 偶然出会った一匹の母猫によって育てられました 猫たちは空を飛び火を噴くちょっと変わった猫として 竜を家族に迎え入れたのです 好奇心旺盛な森の猫たちの生き方は十猫十色 竜は母猫への恩を返すかのように森の猫たちに寄り添い見守り続けます そんな竜を猫たちは羽のおじちゃんと呼び慕っています 一方人間は畏怖を込めて猫竜と呼ぶのでした シリーズ累計140万部突破 小説家になろう 日間ランキングにて 短編作品としては異例の1位を獲得した大人気ファンタジー作品が オムニバス形式でアニメ化決定 これは猫に育てられた竜と猫たちそして人間たちが織りなす 心あたたかくちょっと切なくなる不思議な絆の物語 放送配信情報 2026年7月よりTOKYO MX日テレ読売テレビAT-X長崎文化放送にて放送中 TOKYO MX7月4日より毎週土曜日2100〜 日テレ7月6日より毎週月曜日2330〜 読売テレビ7月7日より毎週火曜日2529〜 AT-X7月9日より毎週木曜日2330〜 長崎文化放送7月8日より毎週水曜日2520〜 dアニメストアABEMAにて6月27日 2130〜地上波1週間先行最速配信 ほか各配信サービスにて7月4日 2100順次配信開始 日時は予告なく変更となる場合がございます 配信の詳細は各配信サービスにてご確認ください STAFF 原作アマラ キャラクター原案大熊まい 漫画佐木泉 監督オ ジング シリーズ構成広田光毅 キャラクターデザイン倉員千晶西野理惠 サブキャラクターデザイン黒澤浩美 プロップデザイン張力文 美術設定伊良波理沙 美術監督薛 平 色彩設計小島真喜子 CGディレクター中島知奈絵 撮影監督高橋賢司 編集渡辺直樹 音楽小畑貴裕 音響監督小沼則義 アニメーション制作OLM CAST 猫竜 子安武人 ママにゃん 井上喜久子 シロタエ 和泉風花 クロバネ 速水奨 ハイブチ 杉山紀彰 チークロ 河瀬茉希 クロタマ 徳留慎乃佑 ガリー 種敦美 アンネロッサ 安済知佳 スタン 榎木淳弥 葉猫 芹澤優 王子 小市眞琴 国王 一条和矢 グレーターデーモン 田所陽向 四代目モシャモシャ 上田燿司 ミケミケ 白砂沙帆 モナルカ 花江夏樹 ポムポラ 麻生智久 MUSIC オープニングテーマ suis from ヨルシカ 猫日 エンディングテーマ shallm ただいまの場所 原作情報 原作ノベル 猫と竜 宝島社 刊 著者アマラ イラスト大熊まい 単行本 第1巻〜第9巻好評発売中 文庫本 既刊4冊好評発売中 コミック 猫と竜 漫画佐木泉 原作アマラ キャラクター原案大熊まい 第1巻〜第12巻好評発売中 宝島すごいWEB マンガボックス 連載中 連載ページにて第2話まで無料公開中 宝島すごいWEBhttpssugoiwebjpcomiclineup1530 マンガボックスhttpswwwmangaboxmereader124179episodes スピンオフコミック 猫と竜 ミケミケのねこねこギルド 漫画ノブヨシ侍 原作アマラ キャラクター原案大熊まい佐木泉 第1巻好評発売中 宝島すごいWEB 連載中 連載ページにて第4話まで無料公開中 宝島すごいWEBhttpssugoiwebjpcomiclineup1273 小説家になろう は株式会社ヒナプロジェクトの登録商標です アマラ 大熊まい 佐木泉 漫画 アマラ宝島社 猫と竜 製作委員会,猫と竜 ノンクレジットエンディング映像 2026年7月より放送配信中 猫に育てられた竜と猫たちそして人間たちが織りなす心あたたかくそしてちょっと切なくなる不思議な絆の物語 猫と竜 2026年7月よりTOKYO MX日テレ読売テレビAT-X長崎文化放送にて放送中dアニメストアABEMAにて地上波1週間先行最速配信中 公式サイトhttpsnekoryuu-prcom 公式XhttpsxcomNekoRyuuPR 商品ページ httpstkjjpgoodslistqnekoryuutmsourceyoutubeutmmediumSNSutmcampaignstoretkj 推奨ハッシュタグ猫と竜 nekoryuu 猫と竜 のエンディング映像をノンクレジットでお届け shallmによる本作のエンディングテーマ ただいまの場所 と共にお楽しみください エンディングテーマ ただいまの場所 は2026年7月10日 デジタル配信開始 httpsshallmlnktotadaimaPR 絵コンテ演出新開彩絵 作画倉員千晶 色指定検査小島真喜子 仕上げ曽根久美子五十嵐遥永井舞坂下美月 撮影高橋賢司 制作進行草壁匠 猫と竜 作品情報 イントロダクション 深い深い森の奥 一匹の火吹き竜が魔法を操る猫たちと暮らしています 生まれる前に実親を失ったその竜は 偶然出会った一匹の母猫によって育てられました 猫たちは空を飛び火を噴くちょっと変わった猫として 竜を家族に迎え入れたのです 好奇心旺盛な森の猫たちの生き方は十猫十色 竜は母猫への恩を返すかのように森の猫たちに寄り添い見守り続けます そんな竜を猫たちは羽のおじちゃんと呼び慕っています 一方人間は畏怖を込めて猫竜と呼ぶのでした シリーズ累計140万部突破 小説家になろう 日間ランキングにて 短編作品としては異例の1位を獲得した大人気ファンタジー作品が オムニバス形式でアニメ化決定 これは猫に育てられた竜と猫たちそして人間たちが織りなす 心あたたかくちょっと切なくなる不思議な絆の物語 放送配信情報 2026年7月よりTOKYO MX日テレ読売テレビAT-X長崎文化放送にて放送中 TOKYO MX7月4日より毎週土曜日2100〜 日テレ7月6日より毎週月曜日2330〜 読売テレビ7月7日より毎週火曜日2529〜 AT-X7月9日より毎週木曜日2330〜 長崎文化放送7月8日より毎週水曜日2520〜 dアニメストアABEMAにて6月27日 2130〜地上波1週間先行最速配信 ほか各配信サービスにて7月4日 2100順次配信開始 日時は予告なく変更となる場合がございます 配信の詳細は各配信サービスにてご確認ください STAFF 原作アマラ キャラクター原案大熊まい 漫画佐木泉 監督オ ジング シリーズ構成広田光毅 キャラクターデザイン倉員千晶西野理惠 サブキャラクターデザイン黒澤浩美 プロップデザイン張力文 美術設定伊良波理沙 美術監督薛 平 色彩設計小島真喜子 CGディレクター中島知奈絵 撮影監督高橋賢司 編集渡辺直樹 音楽小畑貴裕 音響監督小沼則義 アニメーション制作OLM CAST 猫竜 子安武人 ママにゃん 井上喜久子 シロタエ 和泉風花 クロバネ 速水奨 ハイブチ 杉山紀彰 チークロ 河瀬茉希 クロタマ 徳留慎乃佑 ガリー 種敦美 アンネロッサ 安済知佳 スタン 榎木淳弥 葉猫 芹澤優 王子 小市眞琴 国王 一条和矢 グレーターデーモン 田所陽向 四代目モシャモシャ 上田燿司 ミケミケ 白砂沙帆 モナルカ 花江夏樹 ポムポラ 麻生智久 MUSIC オープニングテーマ suis from ヨルシカ 猫日 エンディングテーマ shallm ただいまの場所 原作情報 原作ノベル 猫と竜 宝島社 刊 著者アマラ イラスト大熊まい 単行本 第1巻〜第9巻好評発売中 文庫本 既刊4冊好評発売中 コミック 猫と竜 漫画佐木泉 原作アマラ キャラクター原案大熊まい 第1巻〜第12巻好評発売中 宝島すごいWEB マンガボックス 連載中 連載ページにて第2話まで無料公開中 宝島すごいWEBhttpssugoiwebjpcomiclineup1530 マンガボックスhttpswwwmangaboxmereader124179episodes スピンオフコミック 猫と竜 ミケミケのねこねこギルド 漫画ノブヨシ侍 原作アマラ キャラクター原案大熊まい佐木泉 第1巻好評発売中 宝島すごいWEB 連載中 連載ページにて第4話まで無料公開中 宝島すごいWEBhttpssugoiwebjpcomiclineup1273 小説家になろう は株式会社ヒナプロジェクトの登録商標です アマラ 大熊まい 佐木泉 漫画 アマラ宝島社 猫と竜 製作委員会,猫と竜 ノンクレジットエンディング映像 2026年7月より放送配信中 猫に育てられた竜と猫たちそして人間たちが織りなす心あたたかくそしてちょっと切なくなる不思議な絆の物語 猫と竜 2026年7月よりTOKYO MX日テレ読売テレビAT-X長崎文化放送にて放送中dアニメストアABEMAにて地上波1週間先行最速配信中 公式サイトhttpsnekoryuu-prcom 公式XhttpsxcomNekoRyuuPR 商品ページ httpstkjjpgoodslistqnekoryuutmsourceyoutubeutmmediumSNSutmcampaignstoretkj 推奨ハッシュタグ猫と竜 nekoryuu 猫と竜 のエンディング映像をノンクレジットでお届け shallmによる本作のエンディングテーマ ただいまの場所 と共にお楽しみください エンディングテーマ ただいまの場所 は2026年7月10日 デジタル配信開始 httpsshallmlnktotadaimaPR 絵コンテ演出新開彩絵 作画倉員千晶 色指定検査小島真喜子 仕上げ曽根久美子五十嵐遥永井舞坂下美月 撮影高橋賢司 制作進行草壁匠 猫と竜 作品情報 イントロダクション 深い深い森の奥 一匹の火吹き竜が魔法を操る猫たちと暮らしています 生まれる前に実親を失ったその竜は 偶然出会った一匹の母猫によって育てられました 猫たちは空を飛び火を噴くちょっと変わった猫として 竜を家族に迎え入れたのです 好奇心旺盛な森の猫たちの生き方は十猫十色 竜は母猫への恩を返すかのように森の猫たちに寄り添い見守り続けます そんな竜を猫たちは羽のおじちゃんと呼び慕っています 一方人間は畏怖を込めて猫竜と呼ぶのでした シリーズ累計140万部突破 小説家になろう 日間ランキングにて 短編作品としては異例の1位を獲得した大人気ファンタジー作品が オムニバス形式でアニメ化決定 これは猫に育てられた竜と猫たちそして人間たちが織りなす 心あたたかくちょっと切なくなる不思議な絆の物語 放送配信情報 2026年7月よりTOKYO MX日テレ読売テレビAT-X長崎文化放送にて放送中 TOKYO MX7月4日より毎週土曜日2100〜 日テレ7月6日より毎週月曜日2330〜 読売テレビ7月7日より毎週火曜日2529〜 AT-X7月9日より毎週木曜日2330〜 長崎文化放送7月8日より毎週水曜日2520〜 dアニメストアABEMAにて6月27日 2130〜地上波1週間先行最速配信 ほか各配信サービスにて7月4日 2100順次配信開始 日時は予告なく変更となる場合がございます 配信の詳細は各配信サービスにてご確認ください STAFF 原作アマラ キャラクター原案大熊まい 漫画佐木泉 監督オ ジング シリーズ構成広田光毅 キャラクターデザイン倉員千晶西野理惠 サブキャラクターデザイン黒澤浩美 プロップデザイン張力文 美術設定伊良波理沙 美術監督薛 平 色彩設計小島真喜子 CGディレクター中島知奈絵 撮影監督高橋賢司 編集渡辺直樹 音楽小畑貴裕 音響監督小沼則義 アニメーション制作OLM CAST 猫竜 子安武人 ママにゃん 井上喜久子 シロタエ 和泉風花 クロバネ 速水奨 ハイブチ 杉山紀彰 チークロ 河瀬茉希 クロタマ 徳留慎乃佑 ガリー 種敦美 アンネロッサ 安済知佳 スタン 榎木淳弥 葉猫 芹澤優 王子 小市眞琴 国王 一条和矢 グレーターデーモン 田所陽向 四代目モシャモシャ 上田燿司 ミケミケ 白砂沙帆 モナルカ 花江夏樹 ポムポラ 麻生智久 MUSIC オープニングテーマ suis from ヨルシカ 猫日 エンディングテーマ shallm ただいまの場所 原作情報 原作ノベル 猫と竜 宝島社 刊 著者アマラ イラスト大熊まい 単行本 第1巻〜第9巻好評発売中 文庫本 既刊4冊好評発売中 コミック 猫と竜 漫画佐木泉 原作アマラ キャラクター原案大熊まい 第1巻〜第12巻好評発売中 宝島すごいWEB マンガボックス 連載中 連載ページにて第2話まで無料公開中 宝島すごいWEBhttpssugoiwebjpcomiclineup1530 マンガボックスhttpswwwmangaboxmereader124179episodes スピンオフコミック 猫と竜 ミケミケのねこねこギルド 漫画ノブヨシ侍 原作アマラ キャラクター原案大熊まい佐木泉 第1巻好評発売中 宝島すごいWEB 連載中 連載ページにて第4話まで無料公開中 宝島すごいWEBhttpssugoiwebjpcomiclineup1273 小説家になろう は株式会社ヒナプロジェクトの登録商標です アマラ 大熊まい 佐木泉 漫画 アマラ宝島社 猫と竜 製作委員会,99,未分類,op,OP,0,https://yt3.ggpht.com/ytc/AIdro_kyqHaNRuCF0R17ox8sv1gnOqQ-fj761JlvLU8_-nxz7ns=s800-c-k-c0x00ffffff-no-rj,10100
q1p5q_HIeCk,TVアニメ『いびってこない義母と義姉』ノンクレジットEDムービー｜AVAM「クレール」,"TVアニメ『いびってこない義母と義姉』
ノンクレジットエンディングムービー公開！

♫エンディングテーマ：AVAM「クレール」
配信▷https://nex-tone.link/A00222257

🪭7月8日(水)よりTVアニメ放送中！
・毎週水曜23:30～　tvkテレビ神奈川・テレ玉・チバテレ
・毎週金曜26:23～　MBS
・毎週日曜10:30～　TOKYO MX
・毎週日曜25:00～　BS朝日

🪭7/8より毎週水曜23:30～先行配信中
U-NEXT、アニメ放題、アニメタイムズ

🪭7月15日(水)23:30以降～順次配信開始
Amazon Prime Video、ABEMA、Hulu、Lemino、ｄアニメストア、
dアニメストア ニコニコ支店、dアニメストア for Prime Video、
DMM TV、バンダイチャンネル、J:COM STREAM、TELASA、milplus、ニコニコ動画

🪭最新話期間限定 無料配信
7月15日(水)23:30～順次配信開始
TVer 

◆キャスト
中村美冶：鈴木日菜
鴻蔵てる：くじら
鴻蔵まりか：芹澤優
鴻蔵ありさ：貫井柚佳
グングニル：麦穂あんな
鴻蔵弥栄子：根本京里
名護：内山夕実
三ツ矢：M・A・O

◆スタッフ
原作：おつじ（comic POOL／一迅社刊）
監督：井上圭介
シリーズ構成：星野七海　
キャラクターデザイン／総作画監督：佐々木睦美
サブキャラクターデザイン：三好裕理(チップチューン)
プロップデザイン：レコメンデーション
美術監督：中原英統
色彩設計：重冨英里
撮影監督：新谷優子
3Dクリエイター：栗林裕紀 土田駿 江田恵一
2DCGデザイン：新谷優子 柏原進
編集：近藤勇二(REAL-T)
音響監督：亀山俊樹
音楽：田山里奈
アニメーション制作：NEWON

♪オープニングテーマ：Lia「雨宿りの憧憬」
　Lia（リア）YouTube：https://www.youtube.com/@LiaOfficialYouTube

　配信：TV-SIZE配信中！
　▷https://nex-tone.link/A00221700

　CD：9月9日（水）発売

♪エンディングテーマ：AVAM「クレール」
AVAM（アベアム）YouTube：https://www.youtube.com/@AVAM_official

❀アニメ公式サイト:https://ibikona-anime.com/
❀アニメ公式X ＠ibikona_anime (https://x.com/ibikona_anime)

©おつじ・一迅社／「いびってこない義母と義姉」製作委員会

#いびってこない義母と義姉 #いびこなアニメ　#AVAM",2026-07-20T09:00:28Z,NBCUniversal Anime/Music,UCeOMz8AiNhsDhEovu5_3ujQ,20980,https://i.ytimg.com/vi/q1p5q_HIeCk/hqdefault.jpg,いびってこない義母と義姉 ノンクレジットEDムービー AVAM クレール いびってこない義母と義姉 ノンクレジットエンディングムービー公開 エンディングテーマAVAM クレール 配信httpsnex-tonelinkA00222257 7月8日 よりTVアニメ放送中 毎週水曜2330 tvkテレビ神奈川テレ玉チバテレ 毎週金曜2623 MBS 毎週日曜1030 TOKYO MX 毎週日曜2500 BS朝日 78より毎週水曜2330先行配信中 U-NEXTアニメ放題アニメタイムズ 7月15日 2330以降順次配信開始 Amazon Prime VideoABEMAHuluLeminoアニメストア dアニメストア ニコニコ支店dアニメストア for Prime Video DMM TVバンダイチャンネルJCOM STREAMTELASAmilplusニコニコ動画 最新話期間限定 無料配信 7月15日 2330順次配信開始 TVer キャスト 中村美冶鈴木日菜 鴻蔵てるくじら 鴻蔵まりか芹澤優 鴻蔵ありさ貫井柚佳 グングニル麦穂あんな 鴻蔵弥栄子根本京里 名護内山夕実 三ツ矢MAO スタッフ 原作おつじcomic POOL 一迅社刊 監督井上圭介 シリーズ構成星野七海 キャラクターデザイン 総作画監督佐木睦美 サブキャラクターデザイン三好裕理 プロップデザインレコメンデーション 美術監督中原英統 色彩設計重冨英里 撮影監督新谷優子 3Dクリエイター栗林裕紀 土田駿 江田恵一 2DCGデザイン新谷優子 柏原進 編集近藤勇二 音響監督亀山俊樹 音楽田山里奈 アニメーション制作NEWON オープニングテーマLia 雨宿りの憧憬 LiaリアYouTubehttpswwwyoutubecomLiaOfficialYouTube 配信TV-SIZE配信中 httpsnex-tonelinkA00221700 CD9月9日水発売 エンディングテーマAVAM クレール AVAMアベアムYouTubehttpswwwyoutubecomAVAMofficial アニメ公式サイトhttpsibikona- com アニメ公式X ibikonaanime おつじ一迅社 いびってこない義母と義姉 製作委員会 いびってこない義母と義姉 いびこなアニメ AVAM,いびってこない義母と義姉 ノンクレジットEDムービー AVAM クレール いびってこない義母と義姉 ノンクレジットエンディングムービー公開 エンディングテーマAVAM クレール 配信httpsnex-tonelinkA00222257 7月8日 よりTVアニメ放送中 毎週水曜2330 tvkテレビ神奈川テレ玉チバテレ 毎週金曜2623 MBS 毎週日曜1030 TOKYO MX 毎週日曜2500 BS朝日 78より毎週水曜2330先行配信中 U-NEXTアニメ放題アニメタイムズ 7月15日 2330以降順次配信開始 Amazon Prime VideoABEMAHuluLeminoアニメストア dアニメストア ニコニコ支店dアニメストア for Prime Video DMM TVバンダイチャンネルJCOM STREAMTELASAmilplusニコニコ動画 最新話期間限定 無料配信 7月15日 2330順次配信開始 TVer キャスト 中村美冶鈴木日菜 鴻蔵てるくじら 鴻蔵まりか芹澤優 鴻蔵ありさ貫井柚佳 グングニル麦穂あんな 鴻蔵弥栄子根本京里 名護内山夕実 三ツ矢MAO スタッフ 原作おつじcomic POOL 一迅社刊 監督井上圭介 シリーズ構成星野七海 キャラクターデザイン 総作画監督佐木睦美 サブキャラクターデザイン三好裕理 プロップデザインレコメンデーション 美術監督中原英統 色彩設計重冨英里 撮影監督新谷優子 3Dクリエイター栗林裕紀 土田駿 江田恵一 2DCGデザイン新谷優子 柏原進 編集近藤勇二 音響監督亀山俊樹 音楽田山里奈 アニメーション制作NEWON オープニングテーマLia 雨宿りの憧憬 LiaリアYouTubehttpswwwyoutubecomLiaOfficialYouTube 配信TV-SIZE配信中 httpsnex-tonelinkA00221700 CD9月9日水発売 エンディングテーマAVAM クレール AVAMアベアムYouTubehttpswwwyoutubecomAVAMofficial アニメ公式サイトhttpsibikona- com アニメ公式X ibikonaanime おつじ一迅社 いびってこない義母と義姉 製作委員会 いびってこない義母と義姉 いびこなアニメ AVAM,いびってこない義母と義姉 ノンクレジットEDムービー AVAM クレール いびってこない義母と義姉 ノンクレジットエンディングムービー公開 エンディングテーマAVAM クレール 配信httpsnex-tonelinkA00222257 7月8日 よりTVアニメ放送中 毎週水曜2330 tvkテレビ神奈川テレ玉チバテレ 毎週金曜2623 MBS 毎週日曜1030 TOKYO MX 毎週日曜2500 BS朝日 78より毎週水曜2330先行配信中 U-NEXTアニメ放題アニメタイムズ 7月15日 2330以降順次配信開始 Amazon Prime VideoABEMAHuluLeminoアニメストア dアニメストア ニコニコ支店dアニメストア for Prime Video DMM TVバンダイチャンネルJCOM STREAMTELASAmilplusニコニコ動画 最新話期間限定 無料配信 7月15日 2330順次配信開始 TVer キャスト 中村美冶鈴木日菜 鴻蔵てるくじら 鴻蔵まりか芹澤優 鴻蔵ありさ貫井柚佳 グングニル麦穂あんな 鴻蔵弥栄子根本京里 名護内山夕実 三ツ矢MAO スタッフ 原作おつじcomic POOL 一迅社刊 監督井上圭介 シリーズ構成星野七海 キャラクターデザイン 総作画監督佐木睦美 サブキャラクターデザイン三好裕理 プロップデザインレコメンデーション 美術監督中原英統 色彩設計重冨英里 撮影監督新谷優子 3Dクリエイター栗林裕紀 土田駿 江田恵一 2DCGデザイン新谷優子 柏原進 編集近藤勇二 音響監督亀山俊樹 音楽田山里奈 アニメーション制作NEWON オープニングテーマLia 雨宿りの憧憬 LiaリアYouTubehttpswwwyoutubecomLiaOfficialYouTube 配信TV-SIZE配信中 httpsnex-tonelinkA00221700 CD9月9日水発売 エンディングテーマAVAM クレール AVAMアベアムYouTubehttpswwwyoutubecomAVAMofficial アニメ公式サイトhttpsibikona- com アニメ公式X ibikonaanime おつじ一迅社 いびってこない義母と義姉 製作委員会 いびってこない義母と義姉 いびこなアニメ AVAM,99,未分類,op,OP,0,https://yt3.ggpht.com/DpIpvILSTQVJn40L0KZwJOL_j_2fv2i_cZpvuzn7ISw0h6mZajbfJZZPCrcn68RuiaKidABC1wQ=s800-c-k-c0x00ffffff-no-rj,511000
fCboU3XWuLU,7月より放送中！TVアニメ「#領民0人スタートの辺境領主様 」ノンクレジット・オープニング映像,"オープニング・テーマ「Wonder」#CROWNHEAD（@crownhead_jp）

💿️楽曲配信はコチラ➡️https://crownhead.lnk.to/wonderPR

2026年7月10日(金)よりTOKYO MX、MBS、BS朝日、AT-Xにて順次放送開始！
Prime Video にて地上波１週間先⾏・独占配信中︕

TOKYO MX　 7⽉10⽇より毎週⾦曜⽇ 22:30〜
MBS 　　　　7⽉11⽇より毎週⼟曜⽇ 27:08〜
BS朝⽇　　　7⽉12⽇より毎週⽇曜⽇ 23:00〜
AT-X 　　　　7⽉14⽇より毎週⽕曜⽇ 23:00〜
リピート：毎週⽊曜⽇ 11:00〜 / 毎週⽉曜⽇17:00

■配信情報
Prime Video   7月3日より毎週金曜日配信

■INTRODUCTION
戦争で活躍した救国の英雄・ディアスが、王からの褒美として授けられた領地は、人も家もないただただ広大な草原だった——。
途方に暮れる彼の前にどこからともなく現れたのは、蒼い角を持つ少女アルナー。
彼女との出会いをきっかけに、個性豊かな仲間たちが集まり始める。
これは、領民0人から始まる、やさしき領主の開拓記。

▼アニメ最新情報はこちら▼
アニメ公式サイト：https://ryomin0-anime.com
アニメ公式X：https://x.com/ryomin0_anime

■スタッフ
原作： 風楼（アース・スターノベル/アース・スター エンターテイメント刊）
キャラクター原案：キンタ
コミカライズ：ユンボ
監督：今泉賢一
シリーズ構成：岡田邦彦
キャラクターデザイン：坪山圭一
⾊彩設計：金光洋靖
美術：草薙
撮影監督：田中恒嗣
編集：吉武将人
⾳響監督：土屋雅紀
⾳響制作：INSPIONエッジ
⾳楽：櫻木咲子
アニメーション制作：animation studio42
オープニング・テーマ「Wonder」CROWN HEAD（ユニバーサル ミュージック/Virgin Music）
エンディング・テーマ「星降る夜の約束」花耶（アース・スター エンターテイメント）

■キャスト
ディアス：#松田健一郎
アルナー：#若山詩音
クラウス：#坂泰斗
セナイ：#伊藤美来
アイハン：#白石晴香
エルダン：#福山潤
フランシス：安田陸矢
フランソワ：阿保まりあ
モール：くじら
ディアーネ：日笠陽子
エイマ：東山奈央
カニス：津⽥美波
リチャード：寺島拓篤
マイザー：千葉翔也 
ゾルグ：熊⾕健太郎

■原作ノベル、コミックス
原作：⾵楼
イラスト：キンタ
コミカライズ：ユンボ
シリーズ累計250万部突破！
原作ノベル：アース・スターノベル1〜15巻発売中！
https://www.es-novel.jp/bookdetail/70...
コミックス：アース・スター コミックス1巻～14巻発売中！
https://comic-earthstar.com/episode/1...

Ⓒ風楼/アース・スター エンターテイメント/領民０人スタートの辺境領主様製作委員会
ⒸFuurou/EARTH STAR Entertainment/The Frontier Lord Begins with Zero Subjects Project",2026-07-18T03:00:21Z,NBCUniversal Anime/Music,UCeOMz8AiNhsDhEovu5_3ujQ,18608,https://i.ytimg.com/vi/fCboU3XWuLU/hqdefault.jpg,7月より放送中 領民0人スタートの辺境領主様 オープニング映像 Wonder CROWNHEADcrownheadjp 楽曲配信はコチラhttpscrownheadlnktowonderPR 2026年7月10日 よりTOKYO MXMBSBS朝日AT-Xにて順次放送開始 Prime Video にて地上波週間先独占配信中 TOKYO MX 710より毎週曜 2230〜 MBS 711より毎週曜 2708〜 BS朝 712より毎週曜 2300〜 AT-X 714より毎週曜 2300〜 リピート毎週曜 1100〜 毎週曜1700 配信情報 Prime Video 7月3日より毎週金曜日配信 INTRODUCTION 戦争で活躍した救国の英雄ディアスが王からの褒美として授けられた領地は人も家もないただただ広大な草原だった 途方に暮れる彼の前にどこからともなく現れたのは蒼い角を持つ少女アルナー 彼女との出会いをきっかけに個性豊かな仲間たちが集まり始める これは領民0人から始まるやさしき領主の開拓記 アニメ最新情報はこちら アニメ公式サイトhttpsryomin0- com アニメ公式Xhttpsxcomryomin0anime スタッフ 原作 風楼アーススターノベルアーススター エンターテイメント刊 キャラクター原案キンタ コミカライズユンボ 監督今泉賢一 シリーズ構成岡田邦彦 キャラクターデザイン坪山圭一 彩設計金光洋靖 美術草薙 撮影監督田中恒嗣 編集吉武将人 響監督土屋雅紀 響制作INSPIONエッジ 楽櫻木咲子 アニメーション制作animation studio42 Wonder CROWN HEADユニバーサル ミュージックVirgin Music 星降る夜の約束 花耶アーススター エンターテイメント キャスト ディアス松田健一郎 アルナー若山詩音 クラウス坂泰斗 セナイ伊藤美来 アイハン白石晴香 エルダン福山潤 フランシス安田陸矢 フランソワ阿保まりあ モールくじら ディアーネ日笠陽子 エイマ東山奈央 カニス津美波 リチャード寺島拓篤 マイザー千葉翔也 ゾルグ熊健太郎 原作ノベルコミックス 原作楼 イラストキンタ コミカライズユンボ シリーズ累計250万部突破 原作ノベルアーススターノベル1〜15巻発売中 httpswwwes-noveljpbookdetail70 コミックスアーススター コミックス1巻14巻発売中 httpscomic-earthstarcomepisode1 風楼アーススター エンターテイメント領民人スタートの辺境領主様製作委員会 FuurouEARTH STAR EntertainmentThe Frontier Lord Begins with Zero Subjects Project,7月より放送中 領民0人スタートの辺境領主様 オープニング映像 Wonder CROWNHEADcrownheadjp 楽曲配信はコチラhttpscrownheadlnktowonderPR 2026年7月10日 よりTOKYO MXMBSBS朝日AT-Xにて順次放送開始 Prime Video にて地上波週間先独占配信中 TOKYO MX 710より毎週曜 2230〜 MBS 711より毎週曜 2708〜 BS朝 712より毎週曜 2300〜 AT-X 714より毎週曜 2300〜 リピート毎週曜 1100〜 毎週曜1700 配信情報 Prime Video 7月3日より毎週金曜日配信 INTRODUCTION 戦争で活躍した救国の英雄ディアスが王からの褒美として授けられた領地は人も家もないただただ広大な草原だった 途方に暮れる彼の前にどこからともなく現れたのは蒼い角を持つ少女アルナー 彼女との出会いをきっかけに個性豊かな仲間たちが集まり始める これは領民0人から始まるやさしき領主の開拓記 アニメ最新情報はこちら アニメ公式サイトhttpsryomin0- com アニメ公式Xhttpsxcomryomin0anime スタッフ 原作 風楼アーススターノベルアーススター エンターテイメント刊 キャラクター原案キンタ コミカライズユンボ 監督今泉賢一 シリーズ構成岡田邦彦 キャラクターデザイン坪山圭一 彩設計金光洋靖 美術草薙 撮影監督田中恒嗣 編集吉武将人 響監督土屋雅紀 響制作INSPIONエッジ 楽櫻木咲子 アニメーション制作animation studio42 Wonder CROWN HEADユニバーサル ミュージックVirgin Music 星降る夜の約束 花耶アーススター エンターテイメント キャスト ディアス松田健一郎 アルナー若山詩音 クラウス坂泰斗 セナイ伊藤美来 アイハン白石晴香 エルダン福山潤 フランシス安田陸矢 フランソワ阿保まりあ モールくじら ディアーネ日笠陽子 エイマ東山奈央 カニス津美波 リチャード寺島拓篤 マイザー千葉翔也 ゾルグ熊健太郎 原作ノベルコミックス 原作楼 イラストキンタ コミカライズユンボ シリーズ累計250万部突破 原作ノベルアーススターノベル1〜15巻発売中 httpswwwes-noveljpbookdetail70 コミックスアーススター コミックス1巻14巻発売中 httpscomic-earthstarcomepisode1 風楼アーススター エンターテイメント領民人スタートの辺境領主様製作委員会 FuurouEARTH STAR EntertainmentThe Frontier Lord Begins with Zero Subjects Project,7月より放送中 領民0人スタートの辺境領主様 オープニング映像 Wonder CROWNHEADcrownheadjp 楽曲配信はコチラhttpscrownheadlnktowonderPR 2026年7月10日 よりTOKYO MXMBSBS朝日AT-Xにて順次放送開始 Prime Video にて地上波週間先独占配信中 TOKYO MX 710より毎週曜 2230〜 MBS 711より毎週曜 2708〜 BS朝 712より毎週曜 2300〜 AT-X 714より毎週曜 2300〜 リピート毎週曜 1100〜 毎週曜1700 配信情報 Prime Video 7月3日より毎週金曜日配信 INTRODUCTION 戦争で活躍した救国の英雄ディアスが王からの褒美として授けられた領地は人も家もないただただ広大な草原だった 途方に暮れる彼の前にどこからともなく現れたのは蒼い角を持つ少女アルナー 彼女との出会いをきっかけに個性豊かな仲間たちが集まり始める これは領民0人から始まるやさしき領主の開拓記 アニメ最新情報はこちら アニメ公式サイトhttpsryomin0- com アニメ公式Xhttpsxcomryomin0anime スタッフ 原作 風楼アーススターノベルアーススター エンターテイメント刊 キャラクター原案キンタ コミカライズユンボ 監督今泉賢一 シリーズ構成岡田邦彦 キャラクターデザイン坪山圭一 彩設計金光洋靖 美術草薙 撮影監督田中恒嗣 編集吉武将人 響監督土屋雅紀 響制作INSPIONエッジ 楽櫻木咲子 アニメーション制作animation studio42 Wonder CROWN HEADユニバーサル ミュージックVirgin Music 星降る夜の約束 花耶アーススター エンターテイメント キャスト ディアス松田健一郎 アルナー若山詩音 クラウス坂泰斗 セナイ伊藤美来 アイハン白石晴香 エルダン福山潤 フランシス安田陸矢 フランソワ阿保まりあ モールくじら ディアーネ日笠陽子 エイマ東山奈央 カニス津美波 リチャード寺島拓篤 マイザー千葉翔也 ゾルグ熊健太郎 原作ノベルコミックス 原作楼 イラストキンタ コミカライズユンボ シリーズ累計250万部突破 原作ノベルアーススターノベル1〜15巻発売中 httpswwwes-noveljpbookdetail70 コミックスアーススター コミックス1巻14巻発売中 httpscomic-earthstarcomepisode1 風楼アーススター エンターテイメント領民人スタートの辺境領主様製作委員会 FuurouEARTH STAR EntertainmentThe Frontier Lord Begins with Zero Subjects Project,99,未分類,op,OP,0,https://yt3.ggpht.com/DpIpvILSTQVJn40L0KZwJOL_j_2fv2i_cZpvuzn7ISw0h6mZajbfJZZPCrcn68RuiaKidABC1wQ=s800-c-k-c0x00ffffff-no-rj,511000
bnxaEYPJm7Q,第五話「愛の証明」　ノンクレジットOP｜ TVアニメ『二十世紀電氣目録-ユーレカ・エヴリカ-』,"毎週日曜日23:00よりABCテレビ、TOKYO MX、テレビ愛知、BS11にて放送中！
Netflixにて世界独占配信中！

▼公式サイト
https://denkimokuroku.jp

＜放送情報＞
TOKYO MX　毎週日曜 23:00〜
BS11　毎週日曜 23:30〜
ABCテレビ　毎週日曜 24:40〜
テレビ愛知　毎週日曜 25:20～

＜配信情報＞
Netflixにて世界独占配信
毎週日曜23:00最新エピソード配信

＜ストーリー＞
“電氣の時代”を夢見る少年たちがいた。
「二十世紀電氣目録」に、思い描く電氣の発明を書き込む主人公・坂本喜八。
憧れの兄・坂本清六と共に夢の実現を誓う喜八だったが、
清六は「二十世紀電氣目録」を持って戦争に行き、帰らぬ人となる。

月日は流れ、酒造の娘・百川稲子との出会いによって、
失われたはずの「二十世紀電氣目録」が喜八の前に現れる。
それを狙うのは、稲子との政略結婚を進める蒸気の財閥御曹司・三添洋輔。
洋輔に対抗する喜八と稲子の、夢をかけた電氣の挑戦が始まる―!!

なぜ洋輔は「二十世紀電氣目録」を追い求めるのか。
そして、洋輔と清六だけが知る「二十世紀電氣目録」の“秘密”とは。

「二十世紀電氣目録」を巡り、少年少女の夢が再び動き出す―
これは＜再生＞の物語。

＜スタッフ＞
原作：「二十世紀電氣目録」結城 弘（KAエスマ文庫／京都アニメーション）
監督：太田 稔
シリーズ構成：浦畑達彦
キャラクターデザイン・総作画監督：岡村公平
世界観設定：鈴木貴昭
美術監督：高山真緒
色彩設計：大塚芙由紀
小物設定：疋田 彩
撮影監督：植田弘貴
3D監督：髙木美槻
音響監督：鶴岡陽太
音楽：湖東ひとみ
音楽制作：ランティス ハートカンパニー
アニメーション制作：京都アニメーション
製作：明滋電氣商工会

＜主題歌＞
オープニング主題歌：五阿弥ルナ『ユーレカ・エヴリカ』
エンディング主題歌：Ginger Root『Soarin’』

＜キャスト＞
坂本喜八：内田雄馬
百川稲子：雨宮 天
三添洋輔：内山昂輝
坂本清六：小野大輔
陸 健吾：武内駿輔
百川規子：寿 美菜子
原島すず：大地 葉
大倉ケイト：川井田夏海
矢倉弥治郎：浦 和希
鱒淵伊蔵：平川大輔
百川甚右衛門：家中 宏
百川苗子：浅野まゆみ
矢倉文七：遠藤大智
とめ / イナリ：高垣彩陽

■information
公式サイト：https://denkimokuroku.jp
公式X：https://x.com/denkimokuroku
公式Instagram：https://www.instagram.com/denkimokuroku
公式Threads：https://www.threads.com/@denkimokuroku
公式TikTok：https://www.tiktok.com/@denkimokuroku
(English)
公式X：https://x.com/Sparks_of_Tmr
公式Bluesky：https://bsky.app/profile/sparks-of-tmr.bsky.social

(C)結城弘・京都アニメーション／明滋電氣商工会

#二十世紀電氣目録 ＃ユーレカエヴリカ",2026-08-02T14:35:13Z,京アニチャンネル,UCpGY2vcoKXf7K6tFzsbSv7w,16719,https://i.ytimg.com/vi/bnxaEYPJm7Q/hqdefault.jpg,第五話 愛の証明 ノンクレジットOP 二十世紀電氣目録-ユーレカエリカ- 毎週日曜日2300よりABCテレビTOKYO MXテレビ愛知BS11にて放送中 Netflixにて世界独占配信中 公式サイト httpsdenkimokurokujp 放送情報 TOKYO MX 毎週日曜 2300〜 BS11 毎週日曜 2330〜 ABCテレビ 毎週日曜 2440〜 テレビ愛知 毎週日曜 2520 配信情報 Netflixにて世界独占配信 毎週日曜2300最新エピソード配信 ストーリー 電氣の時代を夢見る少年たちがいた 二十世紀電氣目録 に思い描く電氣の発明を書き込む主人公坂本喜八 憧れの兄坂本清六と共に夢の実現を誓う喜八だったが 清六は 二十世紀電氣目録 を持って戦争に行き帰らぬ人となる 月日は流れ酒造の娘百川稲子との出会いによって 失われたはずの 二十世紀電氣目録 が喜八の前に現れる それを狙うのは稲子との政略結婚を進める蒸気の財閥御曹司三添洋輔 洋輔に対抗する喜八と稲子の夢をかけた電氣の挑戦が始まる なぜ洋輔は 二十世紀電氣目録 を追い求めるのか そして洋輔と清六だけが知る 二十世紀電氣目録 の秘密とは 二十世紀電氣目録 を巡り少年少女の夢が再び動き出す これは再生の物語 スタッフ 原作 二十世紀電氣目録 結城 弘KAエスマ文庫 京都アニメーション 監督太田 稔 シリーズ構成浦畑達彦 キャラクターデザイン総作画監督岡村公平 世界観設定鈴木貴昭 美術監督高山真緒 色彩設計大塚芙由紀 小物設定疋田 彩 撮影監督植田弘貴 3D監督髙木美槻 音響監督鶴岡陽太 音楽湖東ひとみ 音楽制作ランティス ハートカンパニー アニメーション制作京都アニメーション 製作明滋電氣商工会 オープニング主題歌五阿弥ルナ ユーレカエリカ エンディング主題歌Ginger Root Soarin キャスト 坂本喜八内田雄馬 百川稲子雨宮 天 三添洋輔内山昂輝 坂本清六小野大輔 陸 健吾武内駿輔 百川規子寿 美菜子 原島すず大地 葉 大倉ケイト川井田夏海 矢倉弥治郎浦 和希 鱒淵伊蔵平川大輔 百川甚右衛門家中 宏 百川苗子浅野まゆみ 矢倉文七遠藤大智 とめ イナリ高垣彩陽 information 公式サイトhttpsdenkimokurokujp 公式Xhttpsxcomdenkimokuroku 公式Instagramhttpswwwinstagramcomdenkimokuroku 公式Threadshttpswwwthreadscomdenkimokuroku 公式TikTokhttpswwwtiktokcomdenkimokuroku 公式XhttpsxcomSparksofTmr 公式Blueskyhttpsbskyappprofilesparks-of-tmrbskysocial 結城弘京都アニメーション 明滋電氣商工会 二十世紀電氣目録 ユーレカエリカ,第五話 愛の証明 ノンクレジットOP 二十世紀電氣目録-ユーレカエリカ- 毎週日曜日2300よりABCテレビTOKYO MXテレビ愛知BS11にて放送中 Netflixにて世界独占配信中 公式サイト httpsdenkimokurokujp 放送情報 TOKYO MX 毎週日曜 2300〜 BS11 毎週日曜 2330〜 ABCテレビ 毎週日曜 2440〜 テレビ愛知 毎週日曜 2520 配信情報 Netflixにて世界独占配信 毎週日曜2300最新エピソード配信 ストーリー 電氣の時代を夢見る少年たちがいた 二十世紀電氣目録 に思い描く電氣の発明を書き込む主人公坂本喜八 憧れの兄坂本清六と共に夢の実現を誓う喜八だったが 清六は 二十世紀電氣目録 を持って戦争に行き帰らぬ人となる 月日は流れ酒造の娘百川稲子との出会いによって 失われたはずの 二十世紀電氣目録 が喜八の前に現れる それを狙うのは稲子との政略結婚を進める蒸気の財閥御曹司三添洋輔 洋輔に対抗する喜八と稲子の夢をかけた電氣の挑戦が始まる なぜ洋輔は 二十世紀電氣目録 を追い求めるのか そして洋輔と清六だけが知る 二十世紀電氣目録 の秘密とは 二十世紀電氣目録 を巡り少年少女の夢が再び動き出す これは再生の物語 スタッフ 原作 二十世紀電氣目録 結城 弘KAエスマ文庫 京都アニメーション 監督太田 稔 シリーズ構成浦畑達彦 キャラクターデザイン総作画監督岡村公平 世界観設定鈴木貴昭 美術監督高山真緒 色彩設計大塚芙由紀 小物設定疋田 彩 撮影監督植田弘貴 3D監督髙木美槻 音響監督鶴岡陽太 音楽湖東ひとみ 音楽制作ランティス ハートカンパニー アニメーション制作京都アニメーション 製作明滋電氣商工会 オープニング主題歌五阿弥ルナ ユーレカエリカ エンディング主題歌Ginger Root Soarin キャスト 坂本喜八内田雄馬 百川稲子雨宮 天 三添洋輔内山昂輝 坂本清六小野大輔 陸 健吾武内駿輔 百川規子寿 美菜子 原島すず大地 葉 大倉ケイト川井田夏海 矢倉弥治郎浦 和希 鱒淵伊蔵平川大輔 百川甚右衛門家中 宏 百川苗子浅野まゆみ 矢倉文七遠藤大智 とめ イナリ高垣彩陽 information 公式サイトhttpsdenkimokurokujp 公式Xhttpsxcomdenkimokuroku 公式Instagramhttpswwwinstagramcomdenkimokuroku 公式Threadshttpswwwthreadscomdenkimokuroku 公式TikTokhttpswwwtiktokcomdenkimokuroku 公式XhttpsxcomSparksofTmr 公式Blueskyhttpsbskyappprofilesparks-of-tmrbskysocial 結城弘京都アニメーション 明滋電氣商工会 二十世紀電氣目録 ユーレカエリカ,第五話 愛の証明 ノンクレジットOP 二十世紀電氣目録-ユーレカエリカ- 毎週日曜日2300よりABCテレビTOKYO MXテレビ愛知BS11にて放送中 Netflixにて世界独占配信中 公式サイト httpsdenkimokurokujp 放送情報 TOKYO MX 毎週日曜 2300〜 BS11 毎週日曜 2330〜 ABCテレビ 毎週日曜 2440〜 テレビ愛知 毎週日曜 2520 配信情報 Netflixにて世界独占配信 毎週日曜2300最新エピソード配信 ストーリー 電氣の時代を夢見る少年たちがいた 二十世紀電氣目録 に思い描く電氣の発明を書き込む主人公坂本喜八 憧れの兄坂本清六と共に夢の実現を誓う喜八だったが 清六は 二十世紀電氣目録 を持って戦争に行き帰らぬ人となる 月日は流れ酒造の娘百川稲子との出会いによって 失われたはずの 二十世紀電氣目録 が喜八の前に現れる それを狙うのは稲子との政略結婚を進める蒸気の財閥御曹司三添洋輔 洋輔に対抗する喜八と稲子の夢をかけた電氣の挑戦が始まる なぜ洋輔は 二十世紀電氣目録 を追い求めるのか そして洋輔と清六だけが知る 二十世紀電氣目録 の秘密とは 二十世紀電氣目録 を巡り少年少女の夢が再び動き出す これは再生の物語 スタッフ 原作 二十世紀電氣目録 結城 弘KAエスマ文庫 京都アニメーション 監督太田 稔 シリーズ構成浦畑達彦 キャラクターデザイン総作画監督岡村公平 世界観設定鈴木貴昭 美術監督高山真緒 色彩設計大塚芙由紀 小物設定疋田 彩 撮影監督植田弘貴 3D監督髙木美槻 音響監督鶴岡陽太 音楽湖東ひとみ 音楽制作ランティス ハートカンパニー アニメーション制作京都アニメーション 製作明滋電氣商工会 オープニング主題歌五阿弥ルナ ユーレカエリカ エンディング主題歌Ginger Root Soarin キャスト 坂本喜八内田雄馬 百川稲子雨宮 天 三添洋輔内山昂輝 坂本清六小野大輔 陸 健吾武内駿輔 百川規子寿 美菜子 原島すず大地 葉 大倉ケイト川井田夏海 矢倉弥治郎浦 和希 鱒淵伊蔵平川大輔 百川甚右衛門家中 宏 百川苗子浅野まゆみ 矢倉文七遠藤大智 とめ イナリ高垣彩陽 information 公式サイトhttpsdenkimokurokujp 公式Xhttpsxcomdenkimokuroku 公式Instagramhttpswwwinstagramcomdenkimokuroku 公式Threadshttpswwwthreadscomdenkimokuroku 公式TikTokhttpswwwtiktokcomdenkimokuroku 公式XhttpsxcomSparksofTmr 公式Blueskyhttpsbskyappprofilesparks-of-tmrbskysocial 結城弘京都アニメーション 明滋電氣商工会 二十世紀電氣目録 ユーレカエリカ,99,未分類,op,OP,0,https://yt3.ggpht.com/QwSNIxqlBPg3q8URSe616n_qFbS2OCXx4_nUUJc7MvmSBrYKuxvIyXABm5lfJz2UY6nLggnl=s800-c-k-c0x00ffffff-no-rj,788000
DZIN7Fx_K48,TVアニメ「メビウス・ダスト」ノンクレジットOP映像,"鳥かごの子どもたちは、外に出られるのか――
TVアニメ「メビウス・ダスト」
TOKYO MX、BSフジ、MBSにて好評放送中！

オープニングテーマ「メビウス」#家入レオ
作詞：Leo Ieiri・野村陽一郎
作曲：野村陽一郎・Leo Ieiri
編曲：野村陽一郎

〈奇跡の力〉か〈運命の鎖〉か――

隕石の落下から10年。巨大結晶が放出する謎の粒子〈メビウス・ダスト〉の影響で、一部の子どもたちは〈ラムス〉と呼ばれる特殊能力を得ていた。しかし、〈ラムス〉は〈メビウス・ダスト〉が届く範囲でしか発動せず、特殊能力者〈ラムスキャリア〉の子どもたちは
〈しんかつしか〉の町から出ることを禁じられていた。
〈ラムスキャリア〉の子どもたちは、町から出られない鬱屈を晴らすかのように、チームごとに〈ラムス〉を駆使して陣地を争奪するゲームに没頭。高校生のアラキもそんなひとりで、妹のステラや幼馴染みのオルガたちと〈ポリスホッパー〉を結成し、夜な夜なゲームに明け暮れていた。
そんなある日、〈ラムス〉研究者の湯田博士が彼らにとある実験への協力を要請する。アラキたちはその実験に協力することを決断するが、それによって彼らの運命は動き出すことになる…。

特殊能力〈ラムス〉を得た少年少女たちが繰り広げる異能バトル！

■キャスト
アラキ：#竹中悠斗
ステラ：#稗田寧々
オルガ：#佐藤榛夏
ショウセイ：#坂泰斗
カイ：#市川蒼
ハルト：#堀金蒼平
クルス：#松田颯水
スピカ：#三上枝織
湯田博士：#河瀬茉希

■スタッフ
原案／キャラクター原案：品川　一（Project ANIMA 第三弾「キッズ・ゲームアニメ」部門 大賞）
監督：岩崎太郎
シリーズ構成：冨田頼子
キャラクターデザイン：小嶋はつめ
サブキャラクターデザイン：市原圭子
ラムス能力デザイン：永田杏子
プロップデザイン：小倉寛之　永田杏子
総作画監督：小嶋はつめ　板倉 健　栗原 優　曾我篤史　本谷 愛　熊谷勝弘
アクションアニメーター：橋本敬史　孫 威軍
美術監督：中尾陽子
美術設定：小野寺里恵
色彩設計：真壁源太
撮影監督：杉浦誠一
編集：木村佳史子
音響監督：高寺たけし
音響効果：和田俊也
音楽：DÉ DÉ MOUSE
アニメーション制作：動画工房

■オープニングテーマ
「メビウス」#家入レオ

■エンディングテーマ
「ジレンマ」#冨岡愛

■公式サイト
https://mebiusdust.asmik-ace.co.jp

■公式X
https://x.com/ANIMA_info

■著作権表記
©「メビウス・ダスト」製作委員会

■放送情報
TOKYO MX　毎週木曜 23:30～
BSフジ　毎週木曜 24:00～
MBS　毎週金曜 26:53～

■配信情報
各種プラットフォームにて順次配信

■Project ANIMAとは？
「Project ANIMA」は、2020年代のアニメファンに捧げる新しいオリジナル作品を創出する取り組みです。2018年の一年間をかけて広く一般からアニメの原案を募集し、8,000超の作品から、第一弾「SF・ロボットアニメ部門」に「サクガン」（制作：サテライト）、第二弾「異世界・ファンタジー部門」に「魔法使いになれなかった女の子の話」（制作：J.C.STAFF）、第三弾「キッズ・ゲームアニメ部門」に「メビウス・ダスト」（制作：動画工房）をそれぞれ選出しました。

#メビウスダスト",2026-07-16T15:00:23Z,Project ANIMA チャンネル,UCedwDnjKc-CFgMeC6f8n70g,16581,https://i.ytimg.com/vi/DZIN7Fx_K48/hqdefault.jpg,メビウスダスト ノンクレジットOP映像 鳥かごの子どもたちは外に出られるのか メビウスダスト TOKYO MXBSフジMBSにて好評放送中 オープニングテーマ メビウス 家入レオ 作詞Leo Ieiri野村陽一郎 作曲野村陽一郎Leo Ieiri 編曲野村陽一郎 奇跡の力か運命の鎖か 隕石の落下から10年巨大結晶が放出する謎の粒子メビウスダストの影響で一部の子どもたちはラムスと呼ばれる特殊能力を得ていたしかしラムスはメビウスダストが届く範囲でしか発動せず特殊能力者ラムスキャリアの子どもたちは しんかつしかの町から出ることを禁じられていた ラムスキャリアの子どもたちは町から出られない鬱屈を晴らすかのようにチームごとにラムスを駆使して陣地を争奪するゲームに没頭高校生のアラキもそんなひとりで妹のステラや幼馴染みのオルガたちとポリスホッパーを結成し夜な夜なゲームに明け暮れていた そんなある日ラムス研究者の湯田博士が彼らにとある実験への協力を要請するアラキたちはその実験に協力することを決断するがそれによって彼らの運命は動き出すことになる 特殊能力ラムスを得た少年少女たちが繰り広げる異能バトル キャスト アラキ竹中悠斗 ステラ稗田寧 オルガ佐藤榛夏 ショウセイ坂泰斗 カイ市川蒼 ハルト堀金蒼平 クルス松田颯水 スピカ三上枝織 湯田博士河瀬茉希 スタッフ 原案 キャラクター原案品川 一Project ANIMA 第三弾 キッズゲームアニメ 部門 大賞 監督岩崎太郎 シリーズ構成冨田頼子 キャラクターデザイン小嶋はつめ サブキャラクターデザイン市原圭子 ラムス能力デザイン永田杏子 プロップデザイン小倉寛之 永田杏子 総作画監督小嶋はつめ 板倉 健 栗原 優 曾我篤史 本谷 愛 熊谷勝弘 アクションアニメーター橋本敬史 孫 威軍 美術監督中尾陽子 美術設定小野寺里恵 色彩設計真壁源太 撮影監督杉浦誠一 編集木村佳史子 音響監督高寺たけし 音響効果和田俊也 音楽D D MOUSE アニメーション制作動画工房 オープニングテーマ メビウス 家入レオ エンディングテーマ ジレンマ 冨岡愛 公式サイト httpsmebiusdustasmik-acecojp 公式X httpsxcomANIMAinfo 著作権表記 メビウスダスト 製作委員会 放送情報 TOKYO MX 毎週木曜 2330 BSフジ 毎週木曜 2400 MBS 毎週金曜 2653 配信情報 各種プラットフォームにて順次配信 Project ANIMAとは Project ANIMA は2020年代のアニメファンに捧げる新しいオリジナル作品を創出する取り組みです2018年の一年間をかけて広く一般からアニメの原案を募集し8000超の作品から第一弾 SFロボットアニメ部門 に サクガン 制作サテライト第二弾 異世界ファンタジー部門 に 魔法使いになれなかった女の子の話 制作JCSTAFF第三弾 キッズゲームアニメ部門 に メビウスダスト 制作動画工房をそれぞれ選出しました メビウスダスト,メビウスダスト ノンクレジットOP映像 鳥かごの子どもたちは外に出られるのか メビウスダスト TOKYO MXBSフジMBSにて好評放送中 オープニングテーマ メビウス 家入レオ 作詞Leo Ieiri野村陽一郎 作曲野村陽一郎Leo Ieiri 編曲野村陽一郎 奇跡の力か運命の鎖か 隕石の落下から10年巨大結晶が放出する謎の粒子メビウスダストの影響で一部の子どもたちはラムスと呼ばれる特殊能力を得ていたしかしラムスはメビウスダストが届く範囲でしか発動せず特殊能力者ラムスキャリアの子どもたちは しんかつしかの町から出ることを禁じられていた ラムスキャリアの子どもたちは町から出られない鬱屈を晴らすかのようにチームごとにラムスを駆使して陣地を争奪するゲームに没頭高校生のアラキもそんなひとりで妹のステラや幼馴染みのオルガたちとポリスホッパーを結成し夜な夜なゲームに明け暮れていた そんなある日ラムス研究者の湯田博士が彼らにとある実験への協力を要請するアラキたちはその実験に協力することを決断するがそれによって彼らの運命は動き出すことになる 特殊能力ラムスを得た少年少女たちが繰り広げる異能バトル キャスト アラキ竹中悠斗 ステラ稗田寧 オルガ佐藤榛夏 ショウセイ坂泰斗 カイ市川蒼 ハルト堀金蒼平 クルス松田颯水 スピカ三上枝織 湯田博士河瀬茉希 スタッフ 原案 キャラクター原案品川 一Project ANIMA 第三弾 キッズゲームアニメ 部門 大賞 監督岩崎太郎 シリーズ構成冨田頼子 キャラクターデザイン小嶋はつめ サブキャラクターデザイン市原圭子 ラムス能力デザイン永田杏子 プロップデザイン小倉寛之 永田杏子 総作画監督小嶋はつめ 板倉 健 栗原 優 曾我篤史 本谷 愛 熊谷勝弘 アクションアニメーター橋本敬史 孫 威軍 美術監督中尾陽子 美術設定小野寺里恵 色彩設計真壁源太 撮影監督杉浦誠一 編集木村佳史子 音響監督高寺たけし 音響効果和田俊也 音楽D D MOUSE アニメーション制作動画工房 オープニングテーマ メビウス 家入レオ エンディングテーマ ジレンマ 冨岡愛 公式サイト httpsmebiusdustasmik-acecojp 公式X httpsxcomANIMAinfo 著作権表記 メビウスダスト 製作委員会 放送情報 TOKYO MX 毎週木曜 2330 BSフジ 毎週木曜 2400 MBS 毎週金曜 2653 配信情報 各種プラットフォームにて順次配信 Project ANIMAとは Project ANIMA は2020年代のアニメファンに捧げる新しいオリジナル作品を創出する取り組みです2018年の一年間をかけて広く一般からアニメの原案を募集し8000超の作品から第一弾 SFロボットアニメ部門 に サクガン 制作サテライト第二弾 異世界ファンタジー部門 に 魔法使いになれなかった女の子の話 制作JCSTAFF第三弾 キッズゲームアニメ部門 に メビウスダスト 制作動画工房をそれぞれ選出しました メビウスダスト,メビウスダスト ノンクレジットOP映像 鳥かごの子どもたちは外に出られるのか メビウスダスト TOKYO MXBSフジMBSにて好評放送中 オープニングテーマ メビウス 家入レオ 作詞Leo Ieiri野村陽一郎 作曲野村陽一郎Leo Ieiri 編曲野村陽一郎 奇跡の力か運命の鎖か 隕石の落下から10年巨大結晶が放出する謎の粒子メビウスダストの影響で一部の子どもたちはラムスと呼ばれる特殊能力を得ていたしかしラムスはメビウスダストが届く範囲でしか発動せず特殊能力者ラムスキャリアの子どもたちは しんかつしかの町から出ることを禁じられていた ラムスキャリアの子どもたちは町から出られない鬱屈を晴らすかのようにチームごとにラムスを駆使して陣地を争奪するゲームに没頭高校生のアラキもそんなひとりで妹のステラや幼馴染みのオルガたちとポリスホッパーを結成し夜な夜なゲームに明け暮れていた そんなある日ラムス研究者の湯田博士が彼らにとある実験への協力を要請するアラキたちはその実験に協力することを決断するがそれによって彼らの運命は動き出すことになる 特殊能力ラムスを得た少年少女たちが繰り広げる異能バトル キャスト アラキ竹中悠斗 ステラ稗田寧 オルガ佐藤榛夏 ショウセイ坂泰斗 カイ市川蒼 ハルト堀金蒼平 クルス松田颯水 スピカ三上枝織 湯田博士河瀬茉希 スタッフ 原案 キャラクター原案品川 一Project ANIMA 第三弾 キッズゲームアニメ 部門 大賞 監督岩崎太郎 シリーズ構成冨田頼子 キャラクターデザイン小嶋はつめ サブキャラクターデザイン市原圭子 ラムス能力デザイン永田杏子 プロップデザイン小倉寛之 永田杏子 総作画監督小嶋はつめ 板倉 健 栗原 優 曾我篤史 本谷 愛 熊谷勝弘 アクションアニメーター橋本敬史 孫 威軍 美術監督中尾陽子 美術設定小野寺里恵 色彩設計真壁源太 撮影監督杉浦誠一 編集木村佳史子 音響監督高寺たけし 音響効果和田俊也 音楽D D MOUSE アニメーション制作動画工房 オープニングテーマ メビウス 家入レオ エンディングテーマ ジレンマ 冨岡愛 公式サイト httpsmebiusdustasmik-acecojp 公式X httpsxcomANIMAinfo 著作権表記 メビウスダスト 製作委員会 放送情報 TOKYO MX 毎週木曜 2330 BSフジ 毎週木曜 2400 MBS 毎週金曜 2653 配信情報 各種プラットフォームにて順次配信 Project ANIMAとは Project ANIMA は2020年代のアニメファンに捧げる新しいオリジナル作品を創出する取り組みです2018年の一年間をかけて広く一般からアニメの原案を募集し8000超の作品から第一弾 SFロボットアニメ部門 に サクガン 制作サテライト第二弾 異世界ファンタジー部門 に 魔法使いになれなかった女の子の話 制作JCSTAFF第三弾 キッズゲームアニメ部門 に メビウスダスト 制作動画工房をそれぞれ選出しました メビウスダスト,99,未分類,op,OP,0,https://yt3.ggpht.com/-BLtNao72HnDq3MWSgV9qgIuyJ9SnucozizuZxWLVjOSVATy-V1bH3eXl8YDudX9_JyINT_j=s800-c-k-c0x00ffffff-no-rj,5630
hDt5lumdnjY,TVアニメ『神の雫』第2クールノンテロップOP｜SUPER★DRAGON「Call Me Asap」,"TVアニメ『神の雫』ノンテロップオープニング映像
第2クールオープニングテーマ： #SUPERDRAGON 「Call Me Asap」　

https://lnk.to/SUPER_DRAGON_CallMeAsap
#スパドラ

🍷TVアニメ『#神の雫』好評放送中🍷

■第2クール放送情報
TOKYO MX　毎週金曜23:30～
ＢＳ日テレ　毎週土曜23:00～
関西テレビ　毎週日曜25:54～
北海道放送　毎週木曜24:56～

■配信情報
毎週金曜 24時30分～
アニメタイムズ・Hulu・Leminoにて見放題最速配信！
毎週水曜 24時30分～
その他各配信プラットフォームで順次配信！
https://dropsofgod-anime.com/#onair

■アニメ公式HP＆SNS
公式HP：https://dropsofgod-anime.com/ 
公式X：https://twitter.com/dropsofgodAnime
公式TikTok：https://www.tiktok.com/@dropsofgodanime
公式Instagram：https://www.instagram.com/dropsofgodanime/
公式YouTubeチャンネル：https://www.youtube.com/@dropsofgodanime

マンガ公式X：https://twitter.com/mariage_2015

■STAFF
原作：亜樹 直 ・ オキモト・シュウ
 「神の雫」（講談社モーニングKC刊）
監督：糸曽賢志
シリーズ構成・脚本：三津留ゆう
キャラクターデザイン：諏訪壮大
総作画監督：原将治、愛媛須田子、赤松香穂
美術設定：古宮陽子、細井友保
美術監督：高薄亜実
3D美術モデリング：上原竜太、桃内ツトム
色彩設計：内林裕美（グラフィニカ）
3DCGディレクター：後藤浩幸
撮影監督：川田哲矢（グラフィニカ）
2Dワークス：ゆめ太カンパニー
編集：兼重涼子
音響監督：横田知加子
音響制作：Studio Sound Bee
音楽：瀬川英史
音楽制作：ポニーキャニオン
アニメーション制作：サテライト
アニメーション制作協力：YANCHESTER
製作：TVアニメ「神の雫」製作委員会

第2クールオープニングテーマ：SUPER★DRAGON「Call Me Asap」
第2クールエンディングテーマ：eill「エブリー・サマー」

■CAST
神咲雫：亀梨和也
遠峰一青：佐藤拓也
紫野原みやび：内田真礼
霧生涼子：甲斐田裕子
藤枝史郎：藤真秀
西園寺マキ：渡辺美佐
美島壮一郎：内田夕夜
土肥ロベール：浦山迅
セーラ：Lynn
河原毛：石住昭彦
本間長介：堀総士郎
ローラン：小原好美
神咲豊多香：銀河万丈",2026-07-11T11:00:39Z,アニメ『神の雫』official YouTube channel,UCZmIOLt8hoHf379OVCC8VTg,13323,https://i.ytimg.com/vi/hDt5lumdnjY/hqdefault.jpg,神の雫 ノンテロップOP SUPERDRAGON Call Me Asap 神の雫 ノンテロップオープニング映像 オープニングテーマ SUPERDRAGON Call Me Asap httpslnktoSUPERDRAGONCallMeAsap スパドラ 神の雫 好評放送中 放送情報 TOKYO MX 毎週金曜2330 日テレ 毎週土曜2300 関西テレビ 毎週日曜2554 北海道放送 毎週木曜2456 配信情報 毎週金曜 24時30分 アニメタイムズHuluLeminoにて見放題最速配信 毎週水曜 24時30分 その他各配信プラットフォームで順次配信 httpsdropsofgod- comonair アニメ公式HPSNS 公式HPhttpsdropsofgod- com 公式XhttpstwittercomdropsofgodAnime 公式TikTokhttpswwwtiktokcomdropsofgodanime 公式Instagramhttpswwwinstagramcomdropsofgodanime 公式YouTubeチャンネルhttpswwwyoutubecomdropsofgodanime マンガ公式Xhttpstwittercommariage2015 STAFF 原作亜樹 直 オキモトシュウ 神の雫 講談社モーニングKC刊 監督糸曽賢志 シリーズ構成脚本三津留ゆう キャラクターデザイン諏訪壮大 総作画監督原将治愛媛須田子赤松香穂 美術設定古宮陽子細井友保 美術監督高薄亜実 3D美術モデリング上原竜太桃内ツトム 色彩設計内林裕美グラフィニカ 3DCGディレクター後藤浩幸 撮影監督川田哲矢グラフィニカ 2Dワークスゆめ太カンパニー 編集兼重涼子 音響監督横田知加子 音響制作Studio Sound Bee 音楽瀬川英史 音楽制作ポニーキャニオン アニメーション制作サテライト アニメーション制作協力YANCHESTER 製作 神の雫 製作委員会 オープニングテーマSUPERDRAGON Call Me Asap エンディングテーマeill エブリーサマー CAST 神咲雫亀梨和也 遠峰一青佐藤拓也 紫野原みやび内田真礼 霧生涼子甲斐田裕子 藤枝史郎藤真秀 西園寺マキ渡辺美佐 美島壮一郎内田夕夜 土肥ロベール浦山迅 セーラLynn 河原毛石住昭彦 本間長介堀総士郎 ローラン小原好美 神咲豊多香銀河万丈,神の雫 ノンテロップOP SUPERDRAGON Call Me Asap 神の雫 ノンテロップオープニング映像 オープニングテーマ SUPERDRAGON Call Me Asap httpslnktoSUPERDRAGONCallMeAsap スパドラ 神の雫 好評放送中 放送情報 TOKYO MX 毎週金曜2330 日テレ 毎週土曜2300 関西テレビ 毎週日曜2554 北海道放送 毎週木曜2456 配信情報 毎週金曜 24時30分 アニメタイムズHuluLeminoにて見放題最速配信 毎週水曜 24時30分 その他各配信プラットフォームで順次配信 httpsdropsofgod- comonair アニメ公式HPSNS 公式HPhttpsdropsofgod- com 公式XhttpstwittercomdropsofgodAnime 公式TikTokhttpswwwtiktokcomdropsofgodanime 公式Instagramhttpswwwinstagramcomdropsofgodanime 公式YouTubeチャンネルhttpswwwyoutubecomdropsofgodanime マンガ公式Xhttpstwittercommariage2015 STAFF 原作亜樹 直 オキモトシュウ 神の雫 講談社モーニングKC刊 監督糸曽賢志 シリーズ構成脚本三津留ゆう キャラクターデザイン諏訪壮大 総作画監督原将治愛媛須田子赤松香穂 美術設定古宮陽子細井友保 美術監督高薄亜実 3D美術モデリング上原竜太桃内ツトム 色彩設計内林裕美グラフィニカ 3DCGディレクター後藤浩幸 撮影監督川田哲矢グラフィニカ 2Dワークスゆめ太カンパニー 編集兼重涼子 音響監督横田知加子 音響制作Studio Sound Bee 音楽瀬川英史 音楽制作ポニーキャニオン アニメーション制作サテライト アニメーション制作協力YANCHESTER 製作 神の雫 製作委員会 オープニングテーマSUPERDRAGON Call Me Asap エンディングテーマeill エブリーサマー CAST 神咲雫亀梨和也 遠峰一青佐藤拓也 紫野原みやび内田真礼 霧生涼子甲斐田裕子 藤枝史郎藤真秀 西園寺マキ渡辺美佐 美島壮一郎内田夕夜 土肥ロベール浦山迅 セーラLynn 河原毛石住昭彦 本間長介堀総士郎 ローラン小原好美 神咲豊多香銀河万丈,神の雫 ノンテロップOP SUPERDRAGON Call Me Asap 神の雫 ノンテロップオープニング映像 オープニングテーマ SUPERDRAGON Call Me Asap httpslnktoSUPERDRAGONCallMeAsap スパドラ 神の雫 好評放送中 放送情報 TOKYO MX 毎週金曜2330 日テレ 毎週土曜2300 関西テレビ 毎週日曜2554 北海道放送 毎週木曜2456 配信情報 毎週金曜 24時30分 アニメタイムズHuluLeminoにて見放題最速配信 毎週水曜 24時30分 その他各配信プラットフォームで順次配信 httpsdropsofgod- comonair アニメ公式HPSNS 公式HPhttpsdropsofgod- com 公式XhttpstwittercomdropsofgodAnime 公式TikTokhttpswwwtiktokcomdropsofgodanime 公式Instagramhttpswwwinstagramcomdropsofgodanime 公式YouTubeチャンネルhttpswwwyoutubecomdropsofgodanime マンガ公式Xhttpstwittercommariage2015 STAFF 原作亜樹 直 オキモトシュウ 神の雫 講談社モーニングKC刊 監督糸曽賢志 シリーズ構成脚本三津留ゆう キャラクターデザイン諏訪壮大 総作画監督原将治愛媛須田子赤松香穂 美術設定古宮陽子細井友保 美術監督高薄亜実 3D美術モデリング上原竜太桃内ツトム 色彩設計内林裕美グラフィニカ 3DCGディレクター後藤浩幸 撮影監督川田哲矢グラフィニカ 2Dワークスゆめ太カンパニー 編集兼重涼子 音響監督横田知加子 音響制作Studio Sound Bee 音楽瀬川英史 音楽制作ポニーキャニオン アニメーション制作サテライト アニメーション制作協力YANCHESTER 製作 神の雫 製作委員会 オープニングテーマSUPERDRAGON Call Me Asap エンディングテーマeill エブリーサマー CAST 神咲雫亀梨和也 遠峰一青佐藤拓也 紫野原みやび内田真礼 霧生涼子甲斐田裕子 藤枝史郎藤真秀 西園寺マキ渡辺美佐 美島壮一郎内田夕夜 土肥ロベール浦山迅 セーラLynn 河原毛石住昭彦 本間長介堀総士郎 ローラン小原好美 神咲豊多香銀河万丈,2,第2クール,op,OP,0,https://yt3.ggpht.com/5Y9d9vVtAzVcnQmO3CHebF7MvACO9WYeDuQXZB7NsEQnQPwuNDuDR3gxKzAohjwlkk-cREsSNw=s800-c-k-c0x00ffffff-no-rj,2510
0s8wRiSeKyg,『アズールレーン びそくぜんしんっ！にっ！！』ノンクレジット映像｜「Lu lu lun♪〜ウラハラ気分はオートマティック〜」橋本みゆき,"橋本みゆき「Lu lu lun♪〜ウラハラ気分はオートマティック〜」

作詞：橋本みゆき
作曲：rino
編曲：山口朗彦

各配信プラットフォームで好評発売中！
https://laglean.lnk.to/lululun

『アズールレーン びそくぜんしんっ！にっ！！』好評放送中！

【テレビ放送】
TOKYO MX：毎週日曜日25:05～25:15
BS11：毎週日曜日25:00～25:10

【配信】
2026年7月5日(日)より、各配信サイトにて毎週日曜25:15～順次配信！
詳細⇒https://2nd.azurlane-bisoku.jp/onair

公式サイト：https://2nd.azurlane-bisoku.jp/
公式X（旧Twitter）：https://x.com/azurlane_bisoku

◆『アズールレーン びそくぜんしんっ！にっ！！』Blu-ray BOX
2026年12月23日発売！

アズールレーンのゲーム内で「ダイドー」「島風」のびそく版
オリジナル着せ替えが先行入手できる特典シリアルコードが付属！
詳細：https://2nd.azurlane-bisoku.jp/bluray

#アズールレーン
#びそくアニメ
---
© Manjuu Co.,Ltd. & YongShi Co.,Ltd. & Yostar, Inc.／ホリ, 一迅社／studioCANDYBOX Co., Ltd.& Yostar Pictures, Inc.",2026-07-15T08:00:26Z,SHOCHIKU animeチャンネル【公式】,UC6VPE3kztGEtFVcJI0oIiUg,13606,https://i.ytimg.com/vi/0s8wRiSeKyg/hqdefault.jpg,アズールレーン びそくぜんしんっにっ ノンクレジット映像 Lu lu lun〜ウラハラ気分はオートマティック〜 橋本みゆき 橋本みゆき Lu lu lun〜ウラハラ気分はオートマティック〜 作詞橋本みゆき 作曲rino 編曲山口朗彦 各配信プラットフォームで好評発売中 httpslagleanlnktolululun アズールレーン びそくぜんしんっにっ 好評放送中 テレビ放送 TOKYO MX毎週日曜日25052515 BS11毎週日曜日25002510 配信 2026年7月5日 より各配信サイトにて毎週日曜2515順次配信 詳細https2ndazurlane-bisokujponair 公式サイトhttps2ndazurlane-bisokujp 公式X旧Twitterhttpsxcomazurlanebisoku アズールレーン びそくぜんしんっにっ Blu-ray BOX 2026年12月23日発売 アズールレーンのゲーム内で ダイドー 島風 のびそく版 オリジナル着せ替えが先行入手できる特典シリアルコードが付属 詳細https2ndazurlane-bisokujpbluray アズールレーン びそくアニメ --- Manjuu CoLtd YongShi CoLtd Yostar Inc ホリ 一迅社 studioCANDYBOX Co Ltd Yostar Pictures Inc,アズールレーン びそくぜんしんっにっ ノンクレジット映像 Lu lu lun〜ウラハラ気分はオートマティック〜 橋本みゆき 橋本みゆき Lu lu lun〜ウラハラ気分はオートマティック〜 作詞橋本みゆき 作曲rino 編曲山口朗彦 各配信プラットフォームで好評発売中 httpslagleanlnktolululun アズールレーン びそくぜんしんっにっ 好評放送中 テレビ放送 TOKYO MX毎週日曜日25052515 BS11毎週日曜日25002510 配信 2026年7月5日 より各配信サイトにて毎週日曜2515順次配信 詳細https2ndazurlane-bisokujponair 公式サイトhttps2ndazurlane-bisokujp 公式X旧Twitterhttpsxcomazurlanebisoku アズールレーン びそくぜんしんっにっ Blu-ray BOX 2026年12月23日発売 アズールレーンのゲーム内で ダイドー 島風 のびそく版 オリジナル着せ替えが先行入手できる特典シリアルコードが付属 詳細https2ndazurlane-bisokujpbluray アズールレーン びそくアニメ --- Manjuu CoLtd YongShi CoLtd Yostar Inc ホリ 一迅社 studioCANDYBOX Co Ltd Yostar Pictures Inc,アズールレーン びそくぜんしんっにっ ノンクレジット映像 Lu lu lun〜ウラハラ気分はオートマティック〜 橋本みゆき 橋本みゆき Lu lu lun〜ウラハラ気分はオートマティック〜 作詞橋本みゆき 作曲rino 編曲山口朗彦 各配信プラットフォームで好評発売中 httpslagleanlnktolululun アズールレーン びそくぜんしんっにっ 好評放送中 テレビ放送 TOKYO MX毎週日曜日25052515 BS11毎週日曜日25002510 配信 2026年7月5日 より各配信サイトにて毎週日曜2515順次配信 詳細https2ndazurlane-bisokujponair 公式サイトhttps2ndazurlane-bisokujp 公式X旧Twitterhttpsxcomazurlanebisoku アズールレーン びそくぜんしんっにっ Blu-ray BOX 2026年12月23日発売 アズールレーンのゲーム内で ダイドー 島風 のびそく版 オリジナル着せ替えが先行入手できる特典シリアルコードが付属 詳細https2ndazurlane-bisokujpbluray アズールレーン びそくアニメ --- Manjuu CoLtd YongShi CoLtd Yostar Inc ホリ 一迅社 studioCANDYBOX Co Ltd Yostar Pictures Inc,99,未分類,related,関連動画,99,https://yt3.ggpht.com/NsTvqg27tbAF-BNEIy6brMZ1BmSJvqY8KGzw4cWpg8amFL3zmARjR5wj2Ho3SLVHqGmjPCOf=s800-c-k-c0x00ffffff-no-rj,127000
z0cYxw8Eifg,TVアニメ「天は赤い河のほとり」ノンクレジットED｜EDテーマ：清水美依紗「Reunion」【日本テレビ・ＢＳ日テレにて放送中】,"累計発行部数 2,000万部超！少女漫画の金字塔！
画業45周年を迎える少女漫画界の巨匠・篠原千絵の作品が、待望の初テレビアニメ化！

日本テレビ｜毎週火曜25:29 AnichU枠にて放送中
ＢＳ日テレ｜毎週水曜24:00放送中
※放送時間は変更となる可能性がございます
＜公式サイト＞https://www.vap.co.jp/sorahaakaikawanohotori/

---------------------------------
TVアニメ「天は赤い河のほとり」作品情報

■イントロダクション
数々の名作を世に送り出してきた
少女漫画界の巨匠・篠原千絵の作品が、待望の初テレビアニメ化！
1995年「少女コミック」（小学館）での連載開始から約30年――
累計発行部数2,000万部超 ！（2026年1月時点、電子版含む）
今もなお世界で愛される少女漫画の金字塔が、
アニメとなって再び動き出す！

現代日本で暮らす普通の女の子・夕梨（ユーリ）。
しかしある日、ボーイフレンドとのデート中に
突如水たまりから現れた“手”によって捕らえられ、水中に引きずりこまれてしまう――

目が覚めるとそこは、紀元前14世紀のヒッタイト帝国。
自らの息子の皇位継承のため、他の皇子たちを亡き者にしようとする皇妃・ナキアの謀略により、
時空を超えて、いけにえとして召喚されたのだった。
そんなユーリが出会ったのは、皇位継承最有力候補と目される皇子・カイル。
側室として彼にかくまわれることになったユーリは、やがて民衆の心を掴み
戦いの女神・イシュタルとして名を馳せるようになる。

現代日本への帰還のタイムリミットが迫る中、皇妃の陰謀や周辺国との対立に巻き込まれ、
そしていつしか想いを寄せるようになっていたカイルへの恋心に揺れる、
ユーリの選ぶ道とは……？

数千年の時を超え、突如古代オリエント世界に召喚された少女が
自らの手で運命を切り開く、本格大河ロマン！

■キャスト
ユーリ（鈴木夕梨）：橘 美來
カイル・ムルシリ：加藤 渉
ナキア：内田 彩
ザナンザ・ハットゥシリ：千葉翔也
イル・バーニ：前野智昭
ウルヒ：遊佐浩二

キックリ：大野智敬
ハディ：青木志貴
リュイ：川井田夏海
シャラ：松岡美里
カッシュ：石谷春貴
ルサファ：榎木淳弥
ミッタンナムワ：神尾晋一郎

マッティワザ（黒太子）：鳥海浩輔

ナレーション／氷室：七海ひろき

■スタッフ
監督：小林浩輔
シリーズ構成：冨田頼子
キャラクターデザイン：藤﨑賢二
美術監督：猿谷勝己
色彩設計：ツジサチコ
撮影監督：神木正士
編集：上野義博
音響監督：森下広人
音楽：平野義久
音響制作：チームカワドン
歴史考証：松村公仁　吉田大輔（(公財)中近東文化センター附属アナトリア考古学研究所）
アニメーション制作：タツノコプロ

■主題歌
オープニングテーマ
七海ひろき「暁の空」（キングレコード）
作詞：七海ひろき
作曲・編曲：YASUHIRO(康寛)

エンディングテーマ
清水美依紗「Reunion」（ユニバーサル ミュージック）
作詞作編曲：Taisei Toda

■原作
篠原千絵「天は赤い河のほとり」（小学館刊）

 © 篠原千絵／小学館／アニメ「天は赤い河のほとり」製作委員会 

#天は赤い河のほとり #アニメ天河",2026-07-17T03:00:22Z,VAP Official,UCazjJ6udlwl6cP_om1zqTQQ,12821,https://i.ytimg.com/vi/z0cYxw8Eifg/hqdefault.jpg,天は赤い河のほとり ノンクレジットED EDテーマ清水美依紗 Reunion 日本テレビ日テレにて放送中 累計発行部数 2000万部超少女漫画の金字塔 画業45周年を迎える少女漫画界の巨匠篠原千絵の作品が待望の初テレビアニメ化 日本テレビ 毎週火曜2529 AnichU枠にて放送中 日テレ 毎週水曜2400放送中 放送時間は変更となる可能性がございます 公式サイトhttpswwwvapcojpsorahaakaikawanohotori --------------------------------- 天は赤い河のほとり 作品情報 イントロダクション 数の名作を世に送り出してきた 少女漫画界の巨匠篠原千絵の作品が待望の初テレビアニメ化 1995年 少女コミック 小学館での連載開始から約30年 累計発行部数2000万部超 2026年1月時点電子版含む 今もなお世界で愛される少女漫画の金字塔が アニメとなって再び動き出す 現代日本で暮らす普通の女の子夕梨ユーリ しかしある日ボーイフレンドとのデート中に 突如水たまりから現れた手によって捕らえられ水中に引きずりこまれてしまう 目が覚めるとそこは紀元前14世紀のヒッタイト帝国 自らの息子の皇位継承のため他の皇子たちを亡き者にしようとする皇妃ナキアの謀略により 時空を超えていけにえとして召喚されたのだった そんなユーリが出会ったのは皇位継承最有力候補と目される皇子カイル 側室として彼にかくまわれることになったユーリはやがて民衆の心を掴み 戦いの女神イシュタルとして名を馳せるようになる 現代日本への帰還のタイムリミットが迫る中皇妃の陰謀や周辺国との対立に巻き込まれ そしていつしか想いを寄せるようになっていたカイルへの恋心に揺れる ユーリの選ぶ道とは 数千年の時を超え突如古代オリエント世界に召喚された少女が 自らの手で運命を切り開く本格大河ロマン キャスト ユーリ鈴木夕梨橘 美來 カイルムルシリ加藤 渉 ナキア内田 彩 ザナンザハットゥシリ千葉翔也 イルバーニ前野智昭 ウルヒ遊佐浩二 キックリ大野智敬 ハディ青木志貴 リュイ川井田夏海 シャラ松岡美里 カッシュ石谷春貴 ルサファ榎木淳弥 ミッタンナムワ神尾晋一郎 マッティワザ黒太子鳥海浩輔 ナレーション 氷室七海ひろき スタッフ 監督小林浩輔 シリーズ構成冨田頼子 キャラクターデザイン藤賢二 美術監督猿谷勝己 色彩設計ツジサチコ 撮影監督神木正士 編集上野義博 音響監督森下広人 音楽平野義久 音響制作チームカワドン 歴史考証松村公仁 吉田大輔 中近東文化センター附属アナトリア考古学研究所 アニメーション制作タツノコプロ オープニングテーマ 七海ひろき 暁の空 キングレコード 作詞七海ひろき 作曲編曲YASUHIRO エンディングテーマ 清水美依紗 Reunion ユニバーサル ミュージック 作詞作編曲Taisei Toda 原作 篠原千絵 天は赤い河のほとり 小学館刊 篠原千絵 小学館 天は赤い河のほとり 製作委員会 天は赤い河のほとり アニメ天河,天は赤い河のほとり ノンクレジットED EDテーマ清水美依紗 Reunion 日本テレビ日テレにて放送中 累計発行部数 2000万部超少女漫画の金字塔 画業45周年を迎える少女漫画界の巨匠篠原千絵の作品が待望の初テレビアニメ化 日本テレビ 毎週火曜2529 AnichU枠にて放送中 日テレ 毎週水曜2400放送中 放送時間は変更となる可能性がございます 公式サイトhttpswwwvapcojpsorahaakaikawanohotori --------------------------------- 天は赤い河のほとり 作品情報 イントロダクション 数の名作を世に送り出してきた 少女漫画界の巨匠篠原千絵の作品が待望の初テレビアニメ化 1995年 少女コミック 小学館での連載開始から約30年 累計発行部数2000万部超 2026年1月時点電子版含む 今もなお世界で愛される少女漫画の金字塔が アニメとなって再び動き出す 現代日本で暮らす普通の女の子夕梨ユーリ しかしある日ボーイフレンドとのデート中に 突如水たまりから現れた手によって捕らえられ水中に引きずりこまれてしまう 目が覚めるとそこは紀元前14世紀のヒッタイト帝国 自らの息子の皇位継承のため他の皇子たちを亡き者にしようとする皇妃ナキアの謀略により 時空を超えていけにえとして召喚されたのだった そんなユーリが出会ったのは皇位継承最有力候補と目される皇子カイル 側室として彼にかくまわれることになったユーリはやがて民衆の心を掴み 戦いの女神イシュタルとして名を馳せるようになる 現代日本への帰還のタイムリミットが迫る中皇妃の陰謀や周辺国との対立に巻き込まれ そしていつしか想いを寄せるようになっていたカイルへの恋心に揺れる ユーリの選ぶ道とは 数千年の時を超え突如古代オリエント世界に召喚された少女が 自らの手で運命を切り開く本格大河ロマン キャスト ユーリ鈴木夕梨橘 美來 カイルムルシリ加藤 渉 ナキア内田 彩 ザナンザハットゥシリ千葉翔也 イルバーニ前野智昭 ウルヒ遊佐浩二 キックリ大野智敬 ハディ青木志貴 リュイ川井田夏海 シャラ松岡美里 カッシュ石谷春貴 ルサファ榎木淳弥 ミッタンナムワ神尾晋一郎 マッティワザ黒太子鳥海浩輔 ナレーション 氷室七海ひろき スタッフ 監督小林浩輔 シリーズ構成冨田頼子 キャラクターデザイン藤賢二 美術監督猿谷勝己 色彩設計ツジサチコ 撮影監督神木正士 編集上野義博 音響監督森下広人 音楽平野義久 音響制作チームカワドン 歴史考証松村公仁 吉田大輔 中近東文化センター附属アナトリア考古学研究所 アニメーション制作タツノコプロ オープニングテーマ 七海ひろき 暁の空 キングレコード 作詞七海ひろき 作曲編曲YASUHIRO エンディングテーマ 清水美依紗 Reunion ユニバーサル ミュージック 作詞作編曲Taisei Toda 原作 篠原千絵 天は赤い河のほとり 小学館刊 篠原千絵 小学館 天は赤い河のほとり 製作委員会 天は赤い河のほとり アニメ天河,天は赤い河のほとり ノンクレジットED EDテーマ清水美依紗 Reunion 日本テレビ日テレにて放送中 累計発行部数 2000万部超少女漫画の金字塔 画業45周年を迎える少女漫画界の巨匠篠原千絵の作品が待望の初テレビアニメ化 日本テレビ 毎週火曜2529 AnichU枠にて放送中 日テレ 毎週水曜2400放送中 放送時間は変更となる可能性がございます 公式サイトhttpswwwvapcojpsorahaakaikawanohotori --------------------------------- 天は赤い河のほとり 作品情報 イントロダクション 数の名作を世に送り出してきた 少女漫画界の巨匠篠原千絵の作品が待望の初テレビアニメ化 1995年 少女コミック 小学館での連載開始から約30年 累計発行部数2000万部超 2026年1月時点電子版含む 今もなお世界で愛される少女漫画の金字塔が アニメとなって再び動き出す 現代日本で暮らす普通の女の子夕梨ユーリ しかしある日ボーイフレンドとのデート中に 突如水たまりから現れた手によって捕らえられ水中に引きずりこまれてしまう 目が覚めるとそこは紀元前14世紀のヒッタイト帝国 自らの息子の皇位継承のため他の皇子たちを亡き者にしようとする皇妃ナキアの謀略により 時空を超えていけにえとして召喚されたのだった そんなユーリが出会ったのは皇位継承最有力候補と目される皇子カイル 側室として彼にかくまわれることになったユーリはやがて民衆の心を掴み 戦いの女神イシュタルとして名を馳せるようになる 現代日本への帰還のタイムリミットが迫る中皇妃の陰謀や周辺国との対立に巻き込まれ そしていつしか想いを寄せるようになっていたカイルへの恋心に揺れる ユーリの選ぶ道とは 数千年の時を超え突如古代オリエント世界に召喚された少女が 自らの手で運命を切り開く本格大河ロマン キャスト ユーリ鈴木夕梨橘 美來 カイルムルシリ加藤 渉 ナキア内田 彩 ザナンザハットゥシリ千葉翔也 イルバーニ前野智昭 ウルヒ遊佐浩二 キックリ大野智敬 ハディ青木志貴 リュイ川井田夏海 シャラ松岡美里 カッシュ石谷春貴 ルサファ榎木淳弥 ミッタンナムワ神尾晋一郎 マッティワザ黒太子鳥海浩輔 ナレーション 氷室七海ひろき スタッフ 監督小林浩輔 シリーズ構成冨田頼子 キャラクターデザイン藤賢二 美術監督猿谷勝己 色彩設計ツジサチコ 撮影監督神木正士 編集上野義博 音響監督森下広人 音楽平野義久 音響制作チームカワドン 歴史考証松村公仁 吉田大輔 中近東文化センター附属アナトリア考古学研究所 アニメーション制作タツノコプロ オープニングテーマ 七海ひろき 暁の空 キングレコード 作詞七海ひろき 作曲編曲YASUHIRO エンディングテーマ 清水美依紗 Reunion ユニバーサル ミュージック 作詞作編曲Taisei Toda 原作 篠原千絵 天は赤い河のほとり 小学館刊 篠原千絵 小学館 天は赤い河のほとり 製作委員会 天は赤い河のほとり アニメ天河,99,未分類,op,OP,0,https://yt3.ggpht.com/mpoUy3YTeFEirb9EZnvLirewO1tEe6R4hTEXKYYZqRDN1lbsY2A0UuCio8nu7KIMQpTW6nLB9Eo=s800-c-k-c0x00ffffff-no-rj,344000
r6pUQw5xjoc,TVアニメ『手札が多めのビクトリア』ノンテロップED映像｜エンディングテーマ：KI_EN「縁のつき」⟡.·,"「このライトノベルがすごい！」ノミネートの常連・守雨の話題の小説
TVアニメ『手札が多めのビクトリア』テレ東系列にて毎週火曜深夜24時より放送中！

⟡ ┈┈┈┈┈┈┈┈┈┈┈┈┈┈┈┈┈┈┈┈ ⟡

■ CAST
ビクトリア・セラーズ：安済知佳
ノンナ：若山詩音
ジェフリー・アッシャー：阿座上洋平
エドワード・アッシャー：小野大輔
クラーク・アンダーソン：潘めぐみ
ザハーロ：古川慎
コンラッド・アシュベリー：逢坂良太
セドリック・アシュベリー：小野賢章
ランコム：野島健児
ヨラナ・ヘインズ：秋保佐永子
バーナード・フィッチャー：家中宏

■ STAFF 
原作：守雨「手札が多めのビクトリア」（MFブックス／KADOKAWA刊）
キャラクター原案：藤実なんな、牛野こも
原作企画：フロンティアワークス
監督：木村延景
シリーズ構成：福島直浩
キャラクターデザイン：大沢美奈
アニメーション制作：スタジオディーン

オープニングテーマ：ハク。「一進」
エンディングテーマ：KI_EN「縁のつき」

■ INTRODUCTION
原作は「このライトノベルがすごい！」ノミネートの常連・守雨の話題の小説。
コミカライズはコミックシーモアで上位にランクインするなど好評を博している、
幸せな人生修復物語「手札が多めのビクトリア」、待望のTVアニメ化！

組織を抜けた凄腕工作員の「クロエ」は、
別人の「ビクトリア」として新たな一歩を歩みだす。
たどり着いたアシュベリー王国で出会ったのは、
母親に置き去りにされた少女・ノンナと、騎士団の誠実な団長・ジェフリー。
ジェフリーはノンナを引き取ったビクトリアの身元保証人を引き受け、
それぞれに傷ついた過去を持つ3人は、お互いが大切な存在になっていく。
ビクトリアが夢見ていた“幸せ”の行方とは――？

◾️アニメ公式サイト
https://victoria-anime.com
◾️アニメ公式X　
@tefudavictoria ／#ビクトリアニメ

©守雨/MFブックス/手札が多めのビクトリア製作委員会
©守雨

#守雨　#手札が多めのビクトリア　#安済知佳　#若山詩音　#阿座上洋平",2026-07-14T15:30:11Z,KADOKAWAanime,UCY5fcqgSrQItPAX_Z5Frmwg,13069,https://i.ytimg.com/vi/r6pUQw5xjoc/hqdefault.jpg,手札が多めのビクトリア ノンテロップED映像 エンディングテーマKIEN 縁のつき このライトノベルがすごい ノミネートの常連守雨の話題の小説 手札が多めのビクトリア テレ東系列にて毎週火曜深夜24時より放送中 CAST ビクトリアセラーズ安済知佳 ノンナ若山詩音 ジェフリーアッシャー阿座上洋平 エドワードアッシャー小野大輔 クラークアンダーソン潘めぐみ ザハーロ古川慎 コンラッドアシュベリー逢坂良太 セドリックアシュベリー小野賢章 ランコム野島健児 ヨラナヘインズ秋保佐永子 バーナードフィッチャー家中宏 STAFF 原作守雨 手札が多めのビクトリア MFブックス KADOKAWA刊 キャラクター原案藤実なんな牛野こも 原作企画フロンティアワークス 監督木村延景 シリーズ構成福島直浩 キャラクターデザイン大沢美奈 アニメーション制作スタジオディーン オープニングテーマハク 一進 エンディングテーマKIEN 縁のつき INTRODUCTION 原作は このライトノベルがすごい ノミネートの常連守雨の話題の小説 コミカライズはコミックシーモアで上位にランクインするなど好評を博している 幸せな人生修復物語 手札が多めのビクトリア 待望のTVアニメ化 組織を抜けた凄腕工作員の クロエ は 別人の ビクトリア として新たな一歩を歩みだす たどり着いたアシュベリー王国で出会ったのは 母親に置き去りにされた少女ノンナと騎士団の誠実な団長ジェフリー ジェフリーはノンナを引き取ったビクトリアの身元保証人を引き受け それぞれに傷ついた過去を持つ3人はお互いが大切な存在になっていく ビクトリアが夢見ていた幸せの行方とは アニメ公式サイト httpsvictoria- com アニメ公式X tefudavictoria ビクトリアニメ 守雨MFブックス手札が多めのビクトリア製作委員会 守雨 守雨 手札が多めのビクトリア 安済知佳 若山詩音 阿座上洋平,手札が多めのビクトリア ノンテロップED映像 エンディングテーマKIEN 縁のつき このライトノベルがすごい ノミネートの常連守雨の話題の小説 手札が多めのビクトリア テレ東系列にて毎週火曜深夜24時より放送中 CAST ビクトリアセラーズ安済知佳 ノンナ若山詩音 ジェフリーアッシャー阿座上洋平 エドワードアッシャー小野大輔 クラークアンダーソン潘めぐみ ザハーロ古川慎 コンラッドアシュベリー逢坂良太 セドリックアシュベリー小野賢章 ランコム野島健児 ヨラナヘインズ秋保佐永子 バーナードフィッチャー家中宏 STAFF 原作守雨 手札が多めのビクトリア MFブックス KADOKAWA刊 キャラクター原案藤実なんな牛野こも 原作企画フロンティアワークス 監督木村延景 シリーズ構成福島直浩 キャラクターデザイン大沢美奈 アニメーション制作スタジオディーン オープニングテーマハク 一進 エンディングテーマKIEN 縁のつき INTRODUCTION 原作は このライトノベルがすごい ノミネートの常連守雨の話題の小説 コミカライズはコミックシーモアで上位にランクインするなど好評を博している 幸せな人生修復物語 手札が多めのビクトリア 待望のTVアニメ化 組織を抜けた凄腕工作員の クロエ は 別人の ビクトリア として新たな一歩を歩みだす たどり着いたアシュベリー王国で出会ったのは 母親に置き去りにされた少女ノンナと騎士団の誠実な団長ジェフリー ジェフリーはノンナを引き取ったビクトリアの身元保証人を引き受け それぞれに傷ついた過去を持つ3人はお互いが大切な存在になっていく ビクトリアが夢見ていた幸せの行方とは アニメ公式サイト httpsvictoria- com アニメ公式X tefudavictoria ビクトリアニメ 守雨MFブックス手札が多めのビクトリア製作委員会 守雨 守雨 手札が多めのビクトリア 安済知佳 若山詩音 阿座上洋平,手札が多めのビクトリア ノンテロップED映像 エンディングテーマKIEN 縁のつき このライトノベルがすごい ノミネートの常連守雨の話題の小説 手札が多めのビクトリア テレ東系列にて毎週火曜深夜24時より放送中 CAST ビクトリアセラーズ安済知佳 ノンナ若山詩音 ジェフリーアッシャー阿座上洋平 エドワードアッシャー小野大輔 クラークアンダーソン潘めぐみ ザハーロ古川慎 コンラッドアシュベリー逢坂良太 セドリックアシュベリー小野賢章 ランコム野島健児 ヨラナヘインズ秋保佐永子 バーナードフィッチャー家中宏 STAFF 原作守雨 手札が多めのビクトリア MFブックス KADOKAWA刊 キャラクター原案藤実なんな牛野こも 原作企画フロンティアワークス 監督木村延景 シリーズ構成福島直浩 キャラクターデザイン大沢美奈 アニメーション制作スタジオディーン オープニングテーマハク 一進 エンディングテーマKIEN 縁のつき INTRODUCTION 原作は このライトノベルがすごい ノミネートの常連守雨の話題の小説 コミカライズはコミックシーモアで上位にランクインするなど好評を博している 幸せな人生修復物語 手札が多めのビクトリア 待望のTVアニメ化 組織を抜けた凄腕工作員の クロエ は 別人の ビクトリア として新たな一歩を歩みだす たどり着いたアシュベリー王国で出会ったのは 母親に置き去りにされた少女ノンナと騎士団の誠実な団長ジェフリー ジェフリーはノンナを引き取ったビクトリアの身元保証人を引き受け それぞれに傷ついた過去を持つ3人はお互いが大切な存在になっていく ビクトリアが夢見ていた幸せの行方とは アニメ公式サイト httpsvictoria- com アニメ公式X tefudavictoria ビクトリアニメ 守雨MFブックス手札が多めのビクトリア製作委員会 守雨 守雨 手札が多めのビクトリア 安済知佳 若山詩音 阿座上洋平,99,未分類,op,OP,0,https://yt3.ggpht.com/ytc/AIdro_kBexGPE4xdlwIRGuLFEcoqtNFCi_8bWioG0HyHx7cSbvI=s800-c-k-c0x00ffffff-no-rj,3080000
V0u41dBKwHQ,【オープニング映像】『映画「宇宙なんちゃら こてつくん」うっかり出てきた宇宙人を探せ！』＜2026年9月11日(金)公開＞,"「宇宙人を探しに、ちょっくら冒険行ってこ～い！」

にしむらゆうじ原作、クスッと笑えて宇宙を学べるアニメ「宇宙なんちゃら こてつくん」が今度は宇宙の大迫力の映像と共にスクリーンに初登場！

本編オープニング映像を先出し公開！
主題歌である #中川翔子 「うちゅーのなんちゃら仲間」は本編を彩るオープニングの見どころの一つです！

『映画「宇宙なんちゃら こてつくん」うっかり出てきた宇宙人を探せ！』
2026年9月11日（金）劇場公開！ぜひ劇場でご覧ください。

🚀あらすじ🚀
にしむらゆうじ原作の人気WEBまんが「宇宙なんちゃら こてつくん」。
TVアニメとして放送された本作が、今度はアニメｘ宇宙の大迫力の映像で、
ワクワクとふしぎいっぱいの大冒険へ！

アニマル国宇宙アカデミーに通うパイロット科1年生の「こてつ」は、
ある日、「このあたりに宇宙人がいる!?」というウワサを聞いて大興奮。
アカデミーのみんなで手分けして、宇宙人を探すことに……！
 
ＵＦＯ、月面探査、火星のふしぎ、ブラックホール……
調べれば調べるほど、宇宙は知らないことだらけ。
 
はたして、こてつたちは本当に宇宙人を見つけられるのか？
「宇宙人を探しに、ちょっくら冒険行ってこ～い！」

🚀スタッフ🚀
原作：にしむらゆうじ
監督：筒井芳典
脚本：加藤陽一
音楽：仲西匡、羽深由理
音楽プロデューサー：千田耕平
サウンドデザイン：松井謙典
音響制作：ビットグルーヴプロモーション
アニメーション制作協力：ファンワークス
映像制作協力：サイエンスアート社
映像制作：NHKエデュケーショナル
宇宙監修：公益財団法人 日本宇宙少年団
宇宙協力：宇宙航空研究開発機構（JAXA）、自然科学研究機構 国立天文台
製作：ちょっくら月まで映画委員会
 
主題歌：中川翔子「うちゅーのなんちゃら仲間」

🚀キャスト🚀
こてつ：藤原夏海
ニコ：榎木淳弥
ルー：玉木雅士
ひかる：竹達彩奈
おたま：山口茜
じいちゃん：山口勝平
校長：青山穣
トビオ：小山剛志
イズミ先生：西健亮
円盤さん：杉田智和
ナレーション、DAXAくん：ムロツヨシ

🚀作品関連SNS🚀
公式X：https://x.com/spacekotetsukun
公式Instagram：https://www.instagram.com/spacekotetsukun/
公式LINE：https://lin.ee/pmuqIgb
公式TikTok：https://www.tiktok.com/@spacekotetsukun
公式HP（映画版）：https://space--academy.com/eiga.html
公式HP（アニメ版）：https://space--academy.com/
公式HP（漫画版）：https://space--academy.com/manga.html

©Space Academy/ちょっくら月まで映画委員会

#宇宙なんちゃらこてつくん #アニメ #中川翔子",2026-08-06T09:00:13Z,KADOKAWAanime,UCY5fcqgSrQItPAX_Z5Frmwg,10967,https://i.ytimg.com/vi/V0u41dBKwHQ/hqdefault.jpg,オープニング映像 映画 宇宙なんちゃら こてつくん うっかり出てきた宇宙人を探せ 2026年9月11日 公開 宇宙人を探しにちょっくら冒険行ってこい にしむらゆうじ原作クスッと笑えて宇宙を学べるアニメ 宇宙なんちゃら こてつくん が今度は宇宙の大迫力の映像と共にスクリーンに初登場 本編オープニング映像を先出し公開 主題歌である 中川翔子 うちゅーのなんちゃら仲間 は本編を彩るオープニングの見どころの一つです 映画 宇宙なんちゃら こてつくん うっかり出てきた宇宙人を探せ 2026年9月11日金劇場公開ぜひ劇場でご覧ください あらすじ にしむらゆうじ原作の人気WEBまんが 宇宙なんちゃら こてつくん TVアニメとして放送された本作が今度はアニメ宇宙の大迫力の映像で ワクワクとふしぎいっぱいの大冒険へ アニマル国宇宙アカデミーに通うパイロット科1年生の こてつ は ある日 このあたりに宇宙人がいる というウワサを聞いて大興奮 アカデミーのみんなで手分けして宇宙人を探すことに 月面探査火星のふしぎブラックホール 調べれば調べるほど宇宙は知らないことだらけ はたしてこてつたちは本当に宇宙人を見つけられるのか 宇宙人を探しにちょっくら冒険行ってこい スタッフ 原作にしむらゆうじ 監督筒井芳典 脚本加藤陽一 音楽仲西匡羽深由理 音楽プロデューサー千田耕平 サウンドデザイン松井謙典 音響制作ビットグループロモーション アニメーション制作協力ファンワークス 映像制作協力サイエンスアート社 映像制作NHKエデュケーショナル 宇宙監修公益財団法人 日本宇宙少年団 宇宙協力宇宙航空研究開発機構JAXA自然科学研究機構 国立天文台 製作ちょっくら月まで映画委員会 中川翔子 うちゅーのなんちゃら仲間 キャスト こてつ藤原夏海 ニコ榎木淳弥 ルー玉木雅士 ひかる竹達彩奈 おたま山口茜 じいちゃん山口勝平 校長青山穣 トビオ小山剛志 イズミ先生西健亮 円盤さん杉田智和 ナレーションDAXAくんムロツヨシ 作品関連SNS 公式Xhttpsxcomspacekotetsukun 公式Instagramhttpswwwinstagramcomspacekotetsukun 公式LINEhttpslineepmuqIgb 公式TikTokhttpswwwtiktokcomspacekotetsukun 公式HP映画版httpsspace--academycomeigahtml 公式HPアニメ版httpsspace--academycom 公式HP漫画版httpsspace--academycommangahtml Space Academyちょっくら月まで映画委員会 宇宙なんちゃらこてつくん 中川翔子,オープニング映像 映画 宇宙なんちゃら こてつくん うっかり出てきた宇宙人を探せ 2026年9月11日 公開 宇宙人を探しにちょっくら冒険行ってこい にしむらゆうじ原作クスッと笑えて宇宙を学べるアニメ 宇宙なんちゃら こてつくん が今度は宇宙の大迫力の映像と共にスクリーンに初登場 本編オープニング映像を先出し公開 主題歌である 中川翔子 うちゅーのなんちゃら仲間 は本編を彩るオープニングの見どころの一つです 映画 宇宙なんちゃら こてつくん うっかり出てきた宇宙人を探せ 2026年9月11日金劇場公開ぜひ劇場でご覧ください あらすじ にしむらゆうじ原作の人気WEBまんが 宇宙なんちゃら こてつくん TVアニメとして放送された本作が今度はアニメ宇宙の大迫力の映像で ワクワクとふしぎいっぱいの大冒険へ アニマル国宇宙アカデミーに通うパイロット科1年生の こてつ は ある日 このあたりに宇宙人がいる というウワサを聞いて大興奮 アカデミーのみんなで手分けして宇宙人を探すことに 月面探査火星のふしぎブラックホール 調べれば調べるほど宇宙は知らないことだらけ はたしてこてつたちは本当に宇宙人を見つけられるのか 宇宙人を探しにちょっくら冒険行ってこい スタッフ 原作にしむらゆうじ 監督筒井芳典 脚本加藤陽一 音楽仲西匡羽深由理 音楽プロデューサー千田耕平 サウンドデザイン松井謙典 音響制作ビットグループロモーション アニメーション制作協力ファンワークス 映像制作協力サイエンスアート社 映像制作NHKエデュケーショナル 宇宙監修公益財団法人 日本宇宙少年団 宇宙協力宇宙航空研究開発機構JAXA自然科学研究機構 国立天文台 製作ちょっくら月まで映画委員会 中川翔子 うちゅーのなんちゃら仲間 キャスト こてつ藤原夏海 ニコ榎木淳弥 ルー玉木雅士 ひかる竹達彩奈 おたま山口茜 じいちゃん山口勝平 校長青山穣 トビオ小山剛志 イズミ先生西健亮 円盤さん杉田智和 ナレーションDAXAくんムロツヨシ 作品関連SNS 公式Xhttpsxcomspacekotetsukun 公式Instagramhttpswwwinstagramcomspacekotetsukun 公式LINEhttpslineepmuqIgb 公式TikTokhttpswwwtiktokcomspacekotetsukun 公式HP映画版httpsspace--academycomeigahtml 公式HPアニメ版httpsspace--academycom 公式HP漫画版httpsspace--academycommangahtml Space Academyちょっくら月まで映画委員会 宇宙なんちゃらこてつくん 中川翔子,オープニング映像 映画 宇宙なんちゃら こてつくん うっかり出てきた宇宙人を探せ 2026年9月11日 公開 宇宙人を探しにちょっくら冒険行ってこい にしむらゆうじ原作クスッと笑えて宇宙を学べるアニメ 宇宙なんちゃら こてつくん が今度は宇宙の大迫力の映像と共にスクリーンに初登場 本編オープニング映像を先出し公開 主題歌である 中川翔子 うちゅーのなんちゃら仲間 は本編を彩るオープニングの見どころの一つです 映画 宇宙なんちゃら こてつくん うっかり出てきた宇宙人を探せ 2026年9月11日金劇場公開ぜひ劇場でご覧ください あらすじ にしむらゆうじ原作の人気WEBまんが 宇宙なんちゃら こてつくん TVアニメとして放送された本作が今度はアニメ宇宙の大迫力の映像で ワクワクとふしぎいっぱいの大冒険へ アニマル国宇宙アカデミーに通うパイロット科1年生の こてつ は ある日 このあたりに宇宙人がいる というウワサを聞いて大興奮 アカデミーのみんなで手分けして宇宙人を探すことに 月面探査火星のふしぎブラックホール 調べれば調べるほど宇宙は知らないことだらけ はたしてこてつたちは本当に宇宙人を見つけられるのか 宇宙人を探しにちょっくら冒険行ってこい スタッフ 原作にしむらゆうじ 監督筒井芳典 脚本加藤陽一 音楽仲西匡羽深由理 音楽プロデューサー千田耕平 サウンドデザイン松井謙典 音響制作ビットグループロモーション アニメーション制作協力ファンワークス 映像制作協力サイエンスアート社 映像制作NHKエデュケーショナル 宇宙監修公益財団法人 日本宇宙少年団 宇宙協力宇宙航空研究開発機構JAXA自然科学研究機構 国立天文台 製作ちょっくら月まで映画委員会 中川翔子 うちゅーのなんちゃら仲間 キャスト こてつ藤原夏海 ニコ榎木淳弥 ルー玉木雅士 ひかる竹達彩奈 おたま山口茜 じいちゃん山口勝平 校長青山穣 トビオ小山剛志 イズミ先生西健亮 円盤さん杉田智和 ナレーションDAXAくんムロツヨシ 作品関連SNS 公式Xhttpsxcomspacekotetsukun 公式Instagramhttpswwwinstagramcomspacekotetsukun 公式LINEhttpslineepmuqIgb 公式TikTokhttpswwwtiktokcomspacekotetsukun 公式HP映画版httpsspace--academycomeigahtml 公式HPアニメ版httpsspace--academycom 公式HP漫画版httpsspace--academycommangahtml Space Academyちょっくら月まで映画委員会 宇宙なんちゃらこてつくん 中川翔子,99,未分類,op,OP,0,https://yt3.ggpht.com/ytc/AIdro_kBexGPE4xdlwIRGuLFEcoqtNFCi_8bWioG0HyHx7cSbvI=s800-c-k-c0x00ffffff-no-rj,3080000
FoODDgtivdw,第六話「革新の音」より 明滋維新電氣少女樂團・スペシャルエンディング『ウキヨバナレ』｜TVアニメ『二十世紀電氣目録-ユーレカ・エヴリカ-』,"毎週日曜日23:00よりABCテレビ、TOKYO MX、テレビ愛知、BS11にて放送中！
Netflixにて世界独占配信中！

▼公式サイト
https://denkimokuroku.jp

＜放送情報＞
TOKYO MX　毎週日曜 23:00〜
BS11　毎週日曜 23:30〜
ABCテレビ　毎週日曜 24:40〜
テレビ愛知　毎週日曜 25:20～

＜配信情報＞
Netflixにて世界独占配信
毎週日曜23:00最新エピソード配信

＜ストーリー＞
“電氣の時代”を夢見る少年たちがいた。
「二十世紀電氣目録」に、思い描く電氣の発明を書き込む主人公・坂本喜八。
憧れの兄・坂本清六と共に夢の実現を誓う喜八だったが、
清六は「二十世紀電氣目録」を持って戦争に行き、帰らぬ人となる。

月日は流れ、酒造の娘・百川稲子との出会いによって、
失われたはずの「二十世紀電氣目録」が喜八の前に現れる。
それを狙うのは、稲子との政略結婚を進める蒸気の財閥御曹司・三添洋輔。
洋輔に対抗する喜八と稲子の、夢をかけた電氣の挑戦が始まる―!!

なぜ洋輔は「二十世紀電氣目録」を追い求めるのか。
そして、洋輔と清六だけが知る「二十世紀電氣目録」の“秘密”とは。

「二十世紀電氣目録」を巡り、少年少女の夢が再び動き出す―
これは＜再生＞の物語。

＜スタッフ＞
原作：「二十世紀電氣目録」結城 弘（KAエスマ文庫／京都アニメーション）
監督：太田 稔
シリーズ構成：浦畑達彦
キャラクターデザイン・総作画監督：岡村公平
世界観設定：鈴木貴昭
美術監督：高山真緒
色彩設計：大塚芙由紀
小物設定：疋田 彩
撮影監督：植田弘貴
3D監督：髙木美槻
音響監督：鶴岡陽太
音楽：湖東ひとみ
音楽制作：ランティス ハートカンパニー
アニメーション制作：京都アニメーション
製作：明滋電氣商工会

＜主題歌＞
オープニング主題歌：五阿弥ルナ『ユーレカ・エヴリカ』
エンディング主題歌：Ginger Root『Soarin’』

＜キャスト＞
坂本喜八：内田雄馬
百川稲子：雨宮 天
三添洋輔：内山昂輝
坂本清六：小野大輔
陸 健吾：武内駿輔
百川規子：寿 美菜子
原島すず：大地 葉
大倉ケイト：川井田夏海
矢倉弥治郎：浦 和希
鱒淵伊蔵：平川大輔
百川甚右衛門：家中 宏
百川苗子：浅野まゆみ
矢倉文七：遠藤大智
とめ / イナリ：高垣彩陽

■information
公式サイト：https://denkimokuroku.jp
公式X：https://x.com/denkimokuroku
公式Instagram：https://www.instagram.com/denkimokuroku
公式Threads：https://www.threads.com/@denkimokuroku
公式TikTok：https://www.tiktok.com/@denkimokuroku
(English)
公式X：https://x.com/Sparks_of_Tmr
公式Bluesky：https://bsky.app/profile/sparks-of-tmr.bsky.social

(C)結城弘・京都アニメーション／明滋電氣商工会

#二十世紀電氣目録 ＃ユーレカエヴリカ",2026-08-09T14:35:22Z,京アニチャンネル,UCpGY2vcoKXf7K6tFzsbSv7w,9276,https://i.ytimg.com/vi/FoODDgtivdw/hqdefault.jpg,第六話 革新の音 より 明滋維新電氣少女樂團スペシャルエンディング ウキヨバナレ 二十世紀電氣目録-ユーレカエリカ- 毎週日曜日2300よりABCテレビTOKYO MXテレビ愛知BS11にて放送中 Netflixにて世界独占配信中 公式サイト httpsdenkimokurokujp 放送情報 TOKYO MX 毎週日曜 2300〜 BS11 毎週日曜 2330〜 ABCテレビ 毎週日曜 2440〜 テレビ愛知 毎週日曜 2520 配信情報 Netflixにて世界独占配信 毎週日曜2300最新エピソード配信 ストーリー 電氣の時代を夢見る少年たちがいた 二十世紀電氣目録 に思い描く電氣の発明を書き込む主人公坂本喜八 憧れの兄坂本清六と共に夢の実現を誓う喜八だったが 清六は 二十世紀電氣目録 を持って戦争に行き帰らぬ人となる 月日は流れ酒造の娘百川稲子との出会いによって 失われたはずの 二十世紀電氣目録 が喜八の前に現れる それを狙うのは稲子との政略結婚を進める蒸気の財閥御曹司三添洋輔 洋輔に対抗する喜八と稲子の夢をかけた電氣の挑戦が始まる なぜ洋輔は 二十世紀電氣目録 を追い求めるのか そして洋輔と清六だけが知る 二十世紀電氣目録 の秘密とは 二十世紀電氣目録 を巡り少年少女の夢が再び動き出す これは再生の物語 スタッフ 原作 二十世紀電氣目録 結城 弘KAエスマ文庫 京都アニメーション 監督太田 稔 シリーズ構成浦畑達彦 キャラクターデザイン総作画監督岡村公平 世界観設定鈴木貴昭 美術監督高山真緒 色彩設計大塚芙由紀 小物設定疋田 彩 撮影監督植田弘貴 3D監督髙木美槻 音響監督鶴岡陽太 音楽湖東ひとみ 音楽制作ランティス ハートカンパニー アニメーション制作京都アニメーション 製作明滋電氣商工会 オープニング主題歌五阿弥ルナ ユーレカエリカ エンディング主題歌Ginger Root Soarin キャスト 坂本喜八内田雄馬 百川稲子雨宮 天 三添洋輔内山昂輝 坂本清六小野大輔 陸 健吾武内駿輔 百川規子寿 美菜子 原島すず大地 葉 大倉ケイト川井田夏海 矢倉弥治郎浦 和希 鱒淵伊蔵平川大輔 百川甚右衛門家中 宏 百川苗子浅野まゆみ 矢倉文七遠藤大智 とめ イナリ高垣彩陽 information 公式サイトhttpsdenkimokurokujp 公式Xhttpsxcomdenkimokuroku 公式Instagramhttpswwwinstagramcomdenkimokuroku 公式Threadshttpswwwthreadscomdenkimokuroku 公式TikTokhttpswwwtiktokcomdenkimokuroku 公式XhttpsxcomSparksofTmr 公式Blueskyhttpsbskyappprofilesparks-of-tmrbskysocial 結城弘京都アニメーション 明滋電氣商工会 二十世紀電氣目録 ユーレカエリカ,第六話 革新の音 より 明滋維新電氣少女樂團スペシャルエンディング ウキヨバナレ 二十世紀電氣目録-ユーレカエリカ- 毎週日曜日2300よりABCテレビTOKYO MXテレビ愛知BS11にて放送中 Netflixにて世界独占配信中 公式サイト httpsdenkimokurokujp 放送情報 TOKYO MX 毎週日曜 2300〜 BS11 毎週日曜 2330〜 ABCテレビ 毎週日曜 2440〜 テレビ愛知 毎週日曜 2520 配信情報 Netflixにて世界独占配信 毎週日曜2300最新エピソード配信 ストーリー 電氣の時代を夢見る少年たちがいた 二十世紀電氣目録 に思い描く電氣の発明を書き込む主人公坂本喜八 憧れの兄坂本清六と共に夢の実現を誓う喜八だったが 清六は 二十世紀電氣目録 を持って戦争に行き帰らぬ人となる 月日は流れ酒造の娘百川稲子との出会いによって 失われたはずの 二十世紀電氣目録 が喜八の前に現れる それを狙うのは稲子との政略結婚を進める蒸気の財閥御曹司三添洋輔 洋輔に対抗する喜八と稲子の夢をかけた電氣の挑戦が始まる なぜ洋輔は 二十世紀電氣目録 を追い求めるのか そして洋輔と清六だけが知る 二十世紀電氣目録 の秘密とは 二十世紀電氣目録 を巡り少年少女の夢が再び動き出す これは再生の物語 スタッフ 原作 二十世紀電氣目録 結城 弘KAエスマ文庫 京都アニメーション 監督太田 稔 シリーズ構成浦畑達彦 キャラクターデザイン総作画監督岡村公平 世界観設定鈴木貴昭 美術監督高山真緒 色彩設計大塚芙由紀 小物設定疋田 彩 撮影監督植田弘貴 3D監督髙木美槻 音響監督鶴岡陽太 音楽湖東ひとみ 音楽制作ランティス ハートカンパニー アニメーション制作京都アニメーション 製作明滋電氣商工会 オープニング主題歌五阿弥ルナ ユーレカエリカ エンディング主題歌Ginger Root Soarin キャスト 坂本喜八内田雄馬 百川稲子雨宮 天 三添洋輔内山昂輝 坂本清六小野大輔 陸 健吾武内駿輔 百川規子寿 美菜子 原島すず大地 葉 大倉ケイト川井田夏海 矢倉弥治郎浦 和希 鱒淵伊蔵平川大輔 百川甚右衛門家中 宏 百川苗子浅野まゆみ 矢倉文七遠藤大智 とめ イナリ高垣彩陽 information 公式サイトhttpsdenkimokurokujp 公式Xhttpsxcomdenkimokuroku 公式Instagramhttpswwwinstagramcomdenkimokuroku 公式Threadshttpswwwthreadscomdenkimokuroku 公式TikTokhttpswwwtiktokcomdenkimokuroku 公式XhttpsxcomSparksofTmr 公式Blueskyhttpsbskyappprofilesparks-of-tmrbskysocial 結城弘京都アニメーション 明滋電氣商工会 二十世紀電氣目録 ユーレカエリカ,第六話 革新の音 より 明滋維新電氣少女樂團スペシャルエンディング ウキヨバナレ 二十世紀電氣目録-ユーレカエリカ- 毎週日曜日2300よりABCテレビTOKYO MXテレビ愛知BS11にて放送中 Netflixにて世界独占配信中 公式サイト httpsdenkimokurokujp 放送情報 TOKYO MX 毎週日曜 2300〜 BS11 毎週日曜 2330〜 ABCテレビ 毎週日曜 2440〜 テレビ愛知 毎週日曜 2520 配信情報 Netflixにて世界独占配信 毎週日曜2300最新エピソード配信 ストーリー 電氣の時代を夢見る少年たちがいた 二十世紀電氣目録 に思い描く電氣の発明を書き込む主人公坂本喜八 憧れの兄坂本清六と共に夢の実現を誓う喜八だったが 清六は 二十世紀電氣目録 を持って戦争に行き帰らぬ人となる 月日は流れ酒造の娘百川稲子との出会いによって 失われたはずの 二十世紀電氣目録 が喜八の前に現れる それを狙うのは稲子との政略結婚を進める蒸気の財閥御曹司三添洋輔 洋輔に対抗する喜八と稲子の夢をかけた電氣の挑戦が始まる なぜ洋輔は 二十世紀電氣目録 を追い求めるのか そして洋輔と清六だけが知る 二十世紀電氣目録 の秘密とは 二十世紀電氣目録 を巡り少年少女の夢が再び動き出す これは再生の物語 スタッフ 原作 二十世紀電氣目録 結城 弘KAエスマ文庫 京都アニメーション 監督太田 稔 シリーズ構成浦畑達彦 キャラクターデザイン総作画監督岡村公平 世界観設定鈴木貴昭 美術監督高山真緒 色彩設計大塚芙由紀 小物設定疋田 彩 撮影監督植田弘貴 3D監督髙木美槻 音響監督鶴岡陽太 音楽湖東ひとみ 音楽制作ランティス ハートカンパニー アニメーション制作京都アニメーション 製作明滋電氣商工会 オープニング主題歌五阿弥ルナ ユーレカエリカ エンディング主題歌Ginger Root Soarin キャスト 坂本喜八内田雄馬 百川稲子雨宮 天 三添洋輔内山昂輝 坂本清六小野大輔 陸 健吾武内駿輔 百川規子寿 美菜子 原島すず大地 葉 大倉ケイト川井田夏海 矢倉弥治郎浦 和希 鱒淵伊蔵平川大輔 百川甚右衛門家中 宏 百川苗子浅野まゆみ 矢倉文七遠藤大智 とめ イナリ高垣彩陽 information 公式サイトhttpsdenkimokurokujp 公式Xhttpsxcomdenkimokuroku 公式Instagramhttpswwwinstagramcomdenkimokuroku 公式Threadshttpswwwthreadscomdenkimokuroku 公式TikTokhttpswwwtiktokcomdenkimokuroku 公式XhttpsxcomSparksofTmr 公式Blueskyhttpsbskyappprofilesparks-of-tmrbskysocial 結城弘京都アニメーション 明滋電氣商工会 二十世紀電氣目録 ユーレカエリカ,99,未分類,op,OP,0,https://yt3.ggpht.com/QwSNIxqlBPg3q8URSe616n_qFbS2OCXx4_nUUJc7MvmSBrYKuxvIyXABm5lfJz2UY6nLggnl=s800-c-k-c0x00ffffff-no-rj,788000
MtxdM8wWpRc,ノンクレジットOP｜TVアニメ『二十世紀電氣目録-ユーレカ・エヴリカ-』,"毎週日曜日23:00よりABCテレビ、TOKYO MX、テレビ愛知、BS11にて放送中！
Netflixにて世界独占配信中！

▼公式サイト
https://denkimokuroku.jp

＜放送情報＞
TOKYO MX　毎週日曜 23:00〜
BS11　毎週日曜 23:30〜
ABCテレビ　毎週日曜 24:40〜
テレビ愛知　毎週日曜 25:20～

＜配信情報＞
Netflixにて世界独占配信
毎週日曜23:00最新エピソード配信

＜ストーリー＞
“電氣の時代”を夢見る少年たちがいた。
「二十世紀電氣目録」に、思い描く電氣の発明を書き込む主人公・坂本喜八。
憧れの兄・坂本清六と共に夢の実現を誓う喜八だったが、
清六は「二十世紀電氣目録」を持って戦争に行き、帰らぬ人となる。

月日は流れ、酒造の娘・百川稲子との出会いによって、
失われたはずの「二十世紀電氣目録」が喜八の前に現れる。
それを狙うのは、稲子との政略結婚を進める蒸気の財閥御曹司・三添洋輔。
洋輔に対抗する喜八と稲子の、夢をかけた電氣の挑戦が始まる―!!

なぜ洋輔は「二十世紀電氣目録」を追い求めるのか。
そして、洋輔と清六だけが知る「二十世紀電氣目録」の“秘密”とは。

「二十世紀電氣目録」を巡り、少年少女の夢が再び動き出す―
これは＜再生＞の物語。

＜スタッフ＞
原作：「二十世紀電氣目録」結城 弘（KAエスマ文庫／京都アニメーション）
監督：太田 稔
シリーズ構成：浦畑達彦
キャラクターデザイン・総作画監督：岡村公平
世界観設定：鈴木貴昭
美術監督：高山真緒
色彩設計：大塚芙由紀
小物設定：疋田 彩
撮影監督：植田弘貴
3D監督：髙木美槻
音響監督：鶴岡陽太
音楽：湖東ひとみ
音楽制作：ランティス ハートカンパニー
アニメーション制作：京都アニメーション
製作：明滋電氣商工会

＜主題歌＞
オープニング主題歌：五阿弥ルナ『ユーレカ・エヴリカ』
エンディング主題歌：Ginger Root『Soarin’』

＜キャスト＞
坂本喜八：内田雄馬
百川稲子：雨宮 天
三添洋輔：内山昂輝
坂本清六：小野大輔
陸 健吾：武内駿輔
百川規子：寿 美菜子
原島すず：大地 葉
大倉ケイト：川井田夏海
矢倉弥治郎：浦 和希
鱒淵伊蔵：平川大輔
百川甚右衛門：家中 宏
百川苗子：浅野まゆみ
矢倉文七：遠藤大智
とめ / イナリ：高垣彩陽

■information
公式サイト：https://denkimokuroku.jp
公式X：https://x.com/denkimokuroku
公式Instagram：https://www.instagram.com/denkimokuroku
公式Threads：https://www.threads.com/@denkimokuroku
公式TikTok：https://www.tiktok.com/@denkimokuroku
(English)
公式X：https://x.com/Sparks_of_Tmr
公式Bluesky：https://bsky.app/profile/sparks-of-tmr.bsky.social

(C)結城弘・京都アニメーション／明滋電氣商工会

#二十世紀電氣目録 ＃ユーレカエヴリカ",2026-08-16T14:35:01Z,京アニチャンネル,UCpGY2vcoKXf7K6tFzsbSv7w,34938,https://i.ytimg.com/vi/MtxdM8wWpRc/hqdefault.jpg,ノンクレジットOP 二十世紀電氣目録-ユーレカエリカ- 毎週日曜日2300よりABCテレビTOKYO MXテレビ愛知BS11にて放送中 Netflixにて世界独占配信中 公式サイト httpsdenkimokurokujp 放送情報 TOKYO MX 毎週日曜 2300〜 BS11 毎週日曜 2330〜 ABCテレビ 毎週日曜 2440〜 テレビ愛知 毎週日曜 2520 配信情報 Netflixにて世界独占配信 毎週日曜2300最新エピソード配信 ストーリー 電氣の時代を夢見る少年たちがいた 二十世紀電氣目録 に思い描く電氣の発明を書き込む主人公坂本喜八 憧れの兄坂本清六と共に夢の実現を誓う喜八だったが 清六は 二十世紀電氣目録 を持って戦争に行き帰らぬ人となる 月日は流れ酒造の娘百川稲子との出会いによって 失われたはずの 二十世紀電氣目録 が喜八の前に現れる それを狙うのは稲子との政略結婚を進める蒸気の財閥御曹司三添洋輔 洋輔に対抗する喜八と稲子の夢をかけた電氣の挑戦が始まる なぜ洋輔は 二十世紀電氣目録 を追い求めるのか そして洋輔と清六だけが知る 二十世紀電氣目録 の秘密とは 二十世紀電氣目録 を巡り少年少女の夢が再び動き出す これは再生の物語 スタッフ 原作 二十世紀電氣目録 結城 弘KAエスマ文庫 京都アニメーション 監督太田 稔 シリーズ構成浦畑達彦 キャラクターデザイン総作画監督岡村公平 世界観設定鈴木貴昭 美術監督高山真緒 色彩設計大塚芙由紀 小物設定疋田 彩 撮影監督植田弘貴 3D監督髙木美槻 音響監督鶴岡陽太 音楽湖東ひとみ 音楽制作ランティス ハートカンパニー アニメーション制作京都アニメーション 製作明滋電氣商工会 オープニング主題歌五阿弥ルナ ユーレカエリカ エンディング主題歌Ginger Root Soarin キャスト 坂本喜八内田雄馬 百川稲子雨宮 天 三添洋輔内山昂輝 坂本清六小野大輔 陸 健吾武内駿輔 百川規子寿 美菜子 原島すず大地 葉 大倉ケイト川井田夏海 矢倉弥治郎浦 和希 鱒淵伊蔵平川大輔 百川甚右衛門家中 宏 百川苗子浅野まゆみ 矢倉文七遠藤大智 とめ イナリ高垣彩陽 information 公式サイトhttpsdenkimokurokujp 公式Xhttpsxcomdenkimokuroku 公式Instagramhttpswwwinstagramcomdenkimokuroku 公式Threadshttpswwwthreadscomdenkimokuroku 公式TikTokhttpswwwtiktokcomdenkimokuroku 公式XhttpsxcomSparksofTmr 公式Blueskyhttpsbskyappprofilesparks-of-tmrbskysocial 結城弘京都アニメーション 明滋電氣商工会 二十世紀電氣目録 ユーレカエリカ,ノンクレジットOP 二十世紀電氣目録-ユーレカエリカ- 毎週日曜日2300よりABCテレビTOKYO MXテレビ愛知BS11にて放送中 Netflixにて世界独占配信中 公式サイト httpsdenkimokurokujp 放送情報 TOKYO MX 毎週日曜 2300〜 BS11 毎週日曜 2330〜 ABCテレビ 毎週日曜 2440〜 テレビ愛知 毎週日曜 2520 配信情報 Netflixにて世界独占配信 毎週日曜2300最新エピソード配信 ストーリー 電氣の時代を夢見る少年たちがいた 二十世紀電氣目録 に思い描く電氣の発明を書き込む主人公坂本喜八 憧れの兄坂本清六と共に夢の実現を誓う喜八だったが 清六は 二十世紀電氣目録 を持って戦争に行き帰らぬ人となる 月日は流れ酒造の娘百川稲子との出会いによって 失われたはずの 二十世紀電氣目録 が喜八の前に現れる それを狙うのは稲子との政略結婚を進める蒸気の財閥御曹司三添洋輔 洋輔に対抗する喜八と稲子の夢をかけた電氣の挑戦が始まる なぜ洋輔は 二十世紀電氣目録 を追い求めるのか そして洋輔と清六だけが知る 二十世紀電氣目録 の秘密とは 二十世紀電氣目録 を巡り少年少女の夢が再び動き出す これは再生の物語 スタッフ 原作 二十世紀電氣目録 結城 弘KAエスマ文庫 京都アニメーション 監督太田 稔 シリーズ構成浦畑達彦 キャラクターデザイン総作画監督岡村公平 世界観設定鈴木貴昭 美術監督高山真緒 色彩設計大塚芙由紀 小物設定疋田 彩 撮影監督植田弘貴 3D監督髙木美槻 音響監督鶴岡陽太 音楽湖東ひとみ 音楽制作ランティス ハートカンパニー アニメーション制作京都アニメーション 製作明滋電氣商工会 オープニング主題歌五阿弥ルナ ユーレカエリカ エンディング主題歌Ginger Root Soarin キャスト 坂本喜八内田雄馬 百川稲子雨宮 天 三添洋輔内山昂輝 坂本清六小野大輔 陸 健吾武内駿輔 百川規子寿 美菜子 原島すず大地 葉 大倉ケイト川井田夏海 矢倉弥治郎浦 和希 鱒淵伊蔵平川大輔 百川甚右衛門家中 宏 百川苗子浅野まゆみ 矢倉文七遠藤大智 とめ イナリ高垣彩陽 information 公式サイトhttpsdenkimokurokujp 公式Xhttpsxcomdenkimokuroku 公式Instagramhttpswwwinstagramcomdenkimokuroku 公式Threadshttpswwwthreadscomdenkimokuroku 公式TikTokhttpswwwtiktokcomdenkimokuroku 公式XhttpsxcomSparksofTmr 公式Blueskyhttpsbskyappprofilesparks-of-tmrbskysocial 結城弘京都アニメーション 明滋電氣商工会 二十世紀電氣目録 ユーレカエリカ,ノンクレジットOP 二十世紀電氣目録-ユーレカエリカ- 毎週日曜日2300よりABCテレビTOKYO MXテレビ愛知BS11にて放送中 Netflixにて世界独占配信中 公式サイト httpsdenkimokurokujp 放送情報 TOKYO MX 毎週日曜 2300〜 BS11 毎週日曜 2330〜 ABCテレビ 毎週日曜 2440〜 テレビ愛知 毎週日曜 2520 配信情報 Netflixにて世界独占配信 毎週日曜2300最新エピソード配信 ストーリー 電氣の時代を夢見る少年たちがいた 二十世紀電氣目録 に思い描く電氣の発明を書き込む主人公坂本喜八 憧れの兄坂本清六と共に夢の実現を誓う喜八だったが 清六は 二十世紀電氣目録 を持って戦争に行き帰らぬ人となる 月日は流れ酒造の娘百川稲子との出会いによって 失われたはずの 二十世紀電氣目録 が喜八の前に現れる それを狙うのは稲子との政略結婚を進める蒸気の財閥御曹司三添洋輔 洋輔に対抗する喜八と稲子の夢をかけた電氣の挑戦が始まる なぜ洋輔は 二十世紀電氣目録 を追い求めるのか そして洋輔と清六だけが知る 二十世紀電氣目録 の秘密とは 二十世紀電氣目録 を巡り少年少女の夢が再び動き出す これは再生の物語 スタッフ 原作 二十世紀電氣目録 結城 弘KAエスマ文庫 京都アニメーション 監督太田 稔 シリーズ構成浦畑達彦 キャラクターデザイン総作画監督岡村公平 世界観設定鈴木貴昭 美術監督高山真緒 色彩設計大塚芙由紀 小物設定疋田 彩 撮影監督植田弘貴 3D監督髙木美槻 音響監督鶴岡陽太 音楽湖東ひとみ 音楽制作ランティス ハートカンパニー アニメーション制作京都アニメーション 製作明滋電氣商工会 オープニング主題歌五阿弥ルナ ユーレカエリカ エンディング主題歌Ginger Root Soarin キャスト 坂本喜八内田雄馬 百川稲子雨宮 天 三添洋輔内山昂輝 坂本清六小野大輔 陸 健吾武内駿輔 百川規子寿 美菜子 原島すず大地 葉 大倉ケイト川井田夏海 矢倉弥治郎浦 和希 鱒淵伊蔵平川大輔 百川甚右衛門家中 宏 百川苗子浅野まゆみ 矢倉文七遠藤大智 とめ イナリ高垣彩陽 information 公式サイトhttpsdenkimokurokujp 公式Xhttpsxcomdenkimokuroku 公式Instagramhttpswwwinstagramcomdenkimokuroku 公式Threadshttpswwwthreadscomdenkimokuroku 公式TikTokhttpswwwtiktokcomdenkimokuroku 公式XhttpsxcomSparksofTmr 公式Blueskyhttpsbskyappprofilesparks-of-tmrbskysocial 結城弘京都アニメーション 明滋電氣商工会 二十世紀電氣目録 ユーレカエリカ,99,未分類,op,OP,0,https://yt3.ggpht.com/QwSNIxqlBPg3q8URSe616n_qFbS2OCXx4_nUUJc7MvmSBrYKuxvIyXABm5lfJz2UY6nLggnl=s800-c-k-c0x00ffffff-no-rj,788000
v0fPsgHT5_8,第六話「革新の音」ノンクレジットOP ｜TVアニメ『二十世紀電氣目録-ユーレカ・エヴリカ-』,"毎週日曜日23:00よりABCテレビ、TOKYO MX、テレビ愛知、BS11にて放送中！
Netflixにて世界独占配信中！

▼公式サイト
https://denkimokuroku.jp

＜放送情報＞
TOKYO MX　毎週日曜 23:00〜
BS11　毎週日曜 23:30〜
ABCテレビ　毎週日曜 24:40〜
テレビ愛知　毎週日曜 25:20～

＜配信情報＞
Netflixにて世界独占配信
毎週日曜23:00最新エピソード配信

＜ストーリー＞
“電氣の時代”を夢見る少年たちがいた。
「二十世紀電氣目録」に、思い描く電氣の発明を書き込む主人公・坂本喜八。
憧れの兄・坂本清六と共に夢の実現を誓う喜八だったが、
清六は「二十世紀電氣目録」を持って戦争に行き、帰らぬ人となる。

月日は流れ、酒造の娘・百川稲子との出会いによって、
失われたはずの「二十世紀電氣目録」が喜八の前に現れる。
それを狙うのは、稲子との政略結婚を進める蒸気の財閥御曹司・三添洋輔。
洋輔に対抗する喜八と稲子の、夢をかけた電氣の挑戦が始まる―!!

なぜ洋輔は「二十世紀電氣目録」を追い求めるのか。
そして、洋輔と清六だけが知る「二十世紀電氣目録」の“秘密”とは。

「二十世紀電氣目録」を巡り、少年少女の夢が再び動き出す―
これは＜再生＞の物語。

＜スタッフ＞
原作：「二十世紀電氣目録」結城 弘（KAエスマ文庫／京都アニメーション）
監督：太田 稔
シリーズ構成：浦畑達彦
キャラクターデザイン・総作画監督：岡村公平
世界観設定：鈴木貴昭
美術監督：高山真緒
色彩設計：大塚芙由紀
小物設定：疋田 彩
撮影監督：植田弘貴
3D監督：髙木美槻
音響監督：鶴岡陽太
音楽：湖東ひとみ
音楽制作：ランティス ハートカンパニー
アニメーション制作：京都アニメーション
製作：明滋電氣商工会

＜主題歌＞
オープニング主題歌：五阿弥ルナ『ユーレカ・エヴリカ』
エンディング主題歌：Ginger Root『Soarin’』

＜キャスト＞
坂本喜八：内田雄馬
百川稲子：雨宮 天
三添洋輔：内山昂輝
坂本清六：小野大輔
陸 健吾：武内駿輔
百川規子：寿 美菜子
原島すず：大地 葉
大倉ケイト：川井田夏海
矢倉弥治郎：浦 和希
鱒淵伊蔵：平川大輔
百川甚右衛門：家中 宏
百川苗子：浅野まゆみ
矢倉文七：遠藤大智
とめ / イナリ：高垣彩陽

■information
公式サイト：https://denkimokuroku.jp
公式X：https://x.com/denkimokuroku
公式Instagram：https://www.instagram.com/denkimokuroku
公式Threads：https://www.threads.com/@denkimokuroku
公式TikTok：https://www.tiktok.com/@denkimokuroku
(English)
公式X：https://x.com/Sparks_of_Tmr
公式Bluesky：https://bsky.app/profile/sparks-of-tmr.bsky.social

(C)結城弘・京都アニメーション／明滋電氣商工会

#二十世紀電氣目録 ＃ユーレカエヴリカ",2026-08-08T14:00:32Z,京アニチャンネル,UCpGY2vcoKXf7K6tFzsbSv7w,8507,https://i.ytimg.com/vi/v0fPsgHT5_8/hqdefault.jpg,第六話 革新の音 ノンクレジットOP 二十世紀電氣目録-ユーレカエリカ- 毎週日曜日2300よりABCテレビTOKYO MXテレビ愛知BS11にて放送中 Netflixにて世界独占配信中 公式サイト httpsdenkimokurokujp 放送情報 TOKYO MX 毎週日曜 2300〜 BS11 毎週日曜 2330〜 ABCテレビ 毎週日曜 2440〜 テレビ愛知 毎週日曜 2520 配信情報 Netflixにて世界独占配信 毎週日曜2300最新エピソード配信 ストーリー 電氣の時代を夢見る少年たちがいた 二十世紀電氣目録 に思い描く電氣の発明を書き込む主人公坂本喜八 憧れの兄坂本清六と共に夢の実現を誓う喜八だったが 清六は 二十世紀電氣目録 を持って戦争に行き帰らぬ人となる 月日は流れ酒造の娘百川稲子との出会いによって 失われたはずの 二十世紀電氣目録 が喜八の前に現れる それを狙うのは稲子との政略結婚を進める蒸気の財閥御曹司三添洋輔 洋輔に対抗する喜八と稲子の夢をかけた電氣の挑戦が始まる なぜ洋輔は 二十世紀電氣目録 を追い求めるのか そして洋輔と清六だけが知る 二十世紀電氣目録 の秘密とは 二十世紀電氣目録 を巡り少年少女の夢が再び動き出す これは再生の物語 スタッフ 原作 二十世紀電氣目録 結城 弘KAエスマ文庫 京都アニメーション 監督太田 稔 シリーズ構成浦畑達彦 キャラクターデザイン総作画監督岡村公平 世界観設定鈴木貴昭 美術監督高山真緒 色彩設計大塚芙由紀 小物設定疋田 彩 撮影監督植田弘貴 3D監督髙木美槻 音響監督鶴岡陽太 音楽湖東ひとみ 音楽制作ランティス ハートカンパニー アニメーション制作京都アニメーション 製作明滋電氣商工会 オープニング主題歌五阿弥ルナ ユーレカエリカ エンディング主題歌Ginger Root Soarin キャスト 坂本喜八内田雄馬 百川稲子雨宮 天 三添洋輔内山昂輝 坂本清六小野大輔 陸 健吾武内駿輔 百川規子寿 美菜子 原島すず大地 葉 大倉ケイト川井田夏海 矢倉弥治郎浦 和希 鱒淵伊蔵平川大輔 百川甚右衛門家中 宏 百川苗子浅野まゆみ 矢倉文七遠藤大智 とめ イナリ高垣彩陽 information 公式サイトhttpsdenkimokurokujp 公式Xhttpsxcomdenkimokuroku 公式Instagramhttpswwwinstagramcomdenkimokuroku 公式Threadshttpswwwthreadscomdenkimokuroku 公式TikTokhttpswwwtiktokcomdenkimokuroku 公式XhttpsxcomSparksofTmr 公式Blueskyhttpsbskyappprofilesparks-of-tmrbskysocial 結城弘京都アニメーション 明滋電氣商工会 二十世紀電氣目録 ユーレカエリカ,第六話 革新の音 ノンクレジットOP 二十世紀電氣目録-ユーレカエリカ- 毎週日曜日2300よりABCテレビTOKYO MXテレビ愛知BS11にて放送中 Netflixにて世界独占配信中 公式サイト httpsdenkimokurokujp 放送情報 TOKYO MX 毎週日曜 2300〜 BS11 毎週日曜 2330〜 ABCテレビ 毎週日曜 2440〜 テレビ愛知 毎週日曜 2520 配信情報 Netflixにて世界独占配信 毎週日曜2300最新エピソード配信 ストーリー 電氣の時代を夢見る少年たちがいた 二十世紀電氣目録 に思い描く電氣の発明を書き込む主人公坂本喜八 憧れの兄坂本清六と共に夢の実現を誓う喜八だったが 清六は 二十世紀電氣目録 を持って戦争に行き帰らぬ人となる 月日は流れ酒造の娘百川稲子との出会いによって 失われたはずの 二十世紀電氣目録 が喜八の前に現れる それを狙うのは稲子との政略結婚を進める蒸気の財閥御曹司三添洋輔 洋輔に対抗する喜八と稲子の夢をかけた電氣の挑戦が始まる なぜ洋輔は 二十世紀電氣目録 を追い求めるのか そして洋輔と清六だけが知る 二十世紀電氣目録 の秘密とは 二十世紀電氣目録 を巡り少年少女の夢が再び動き出す これは再生の物語 スタッフ 原作 二十世紀電氣目録 結城 弘KAエスマ文庫 京都アニメーション 監督太田 稔 シリーズ構成浦畑達彦 キャラクターデザイン総作画監督岡村公平 世界観設定鈴木貴昭 美術監督高山真緒 色彩設計大塚芙由紀 小物設定疋田 彩 撮影監督植田弘貴 3D監督髙木美槻 音響監督鶴岡陽太 音楽湖東ひとみ 音楽制作ランティス ハートカンパニー アニメーション制作京都アニメーション 製作明滋電氣商工会 オープニング主題歌五阿弥ルナ ユーレカエリカ エンディング主題歌Ginger Root Soarin キャスト 坂本喜八内田雄馬 百川稲子雨宮 天 三添洋輔内山昂輝 坂本清六小野大輔 陸 健吾武内駿輔 百川規子寿 美菜子 原島すず大地 葉 大倉ケイト川井田夏海 矢倉弥治郎浦 和希 鱒淵伊蔵平川大輔 百川甚右衛門家中 宏 百川苗子浅野まゆみ 矢倉文七遠藤大智 とめ イナリ高垣彩陽 information 公式サイトhttpsdenkimokurokujp 公式Xhttpsxcomdenkimokuroku 公式Instagramhttpswwwinstagramcomdenkimokuroku 公式Threadshttpswwwthreadscomdenkimokuroku 公式TikTokhttpswwwtiktokcomdenkimokuroku 公式XhttpsxcomSparksofTmr 公式Blueskyhttpsbskyappprofilesparks-of-tmrbskysocial 結城弘京都アニメーション 明滋電氣商工会 二十世紀電氣目録 ユーレカエリカ,第六話 革新の音 ノンクレジットOP 二十世紀電氣目録-ユーレカエリカ- 毎週日曜日2300よりABCテレビTOKYO MXテレビ愛知BS11にて放送中 Netflixにて世界独占配信中 公式サイト httpsdenkimokurokujp 放送情報 TOKYO MX 毎週日曜 2300〜 BS11 毎週日曜 2330〜 ABCテレビ 毎週日曜 2440〜 テレビ愛知 毎週日曜 2520 配信情報 Netflixにて世界独占配信 毎週日曜2300最新エピソード配信 ストーリー 電氣の時代を夢見る少年たちがいた 二十世紀電氣目録 に思い描く電氣の発明を書き込む主人公坂本喜八 憧れの兄坂本清六と共に夢の実現を誓う喜八だったが 清六は 二十世紀電氣目録 を持って戦争に行き帰らぬ人となる 月日は流れ酒造の娘百川稲子との出会いによって 失われたはずの 二十世紀電氣目録 が喜八の前に現れる それを狙うのは稲子との政略結婚を進める蒸気の財閥御曹司三添洋輔 洋輔に対抗する喜八と稲子の夢をかけた電氣の挑戦が始まる なぜ洋輔は 二十世紀電氣目録 を追い求めるのか そして洋輔と清六だけが知る 二十世紀電氣目録 の秘密とは 二十世紀電氣目録 を巡り少年少女の夢が再び動き出す これは再生の物語 スタッフ 原作 二十世紀電氣目録 結城 弘KAエスマ文庫 京都アニメーション 監督太田 稔 シリーズ構成浦畑達彦 キャラクターデザイン総作画監督岡村公平 世界観設定鈴木貴昭 美術監督高山真緒 色彩設計大塚芙由紀 小物設定疋田 彩 撮影監督植田弘貴 3D監督髙木美槻 音響監督鶴岡陽太 音楽湖東ひとみ 音楽制作ランティス ハートカンパニー アニメーション制作京都アニメーション 製作明滋電氣商工会 オープニング主題歌五阿弥ルナ ユーレカエリカ エンディング主題歌Ginger Root Soarin キャスト 坂本喜八内田雄馬 百川稲子雨宮 天 三添洋輔内山昂輝 坂本清六小野大輔 陸 健吾武内駿輔 百川規子寿 美菜子 原島すず大地 葉 大倉ケイト川井田夏海 矢倉弥治郎浦 和希 鱒淵伊蔵平川大輔 百川甚右衛門家中 宏 百川苗子浅野まゆみ 矢倉文七遠藤大智 とめ イナリ高垣彩陽 information 公式サイトhttpsdenkimokurokujp 公式Xhttpsxcomdenkimokuroku 公式Instagramhttpswwwinstagramcomdenkimokuroku 公式Threadshttpswwwthreadscomdenkimokuroku 公式TikTokhttpswwwtiktokcomdenkimokuroku 公式XhttpsxcomSparksofTmr 公式Blueskyhttpsbskyappprofilesparks-of-tmrbskysocial 結城弘京都アニメーション 明滋電氣商工会 二十世紀電氣目録 ユーレカエリカ,99,未分類,op,OP,0,https://yt3.ggpht.com/QwSNIxqlBPg3q8URSe616n_qFbS2OCXx4_nUUJc7MvmSBrYKuxvIyXABm5lfJz2UY6nLggnl=s800-c-k-c0x00ffffff-no-rj,788000
00D8aV_cT6c,TVアニメ「メビウス・ダスト」ノンクレジットED映像,"鳥かごの子どもたちは、外に出られるのか――
TVアニメ「メビウス・ダスト」
TOKYO MX、BSフジ、MBSにて好評放送中！

エンディングテーマ「ジレンマ」#冨岡愛
作詞：冨岡 愛
作曲：冨岡 愛, ESME MORI
編曲：ESME MORI

〈奇跡の力〉か〈運命の鎖〉か――

隕石の落下から10年。巨大結晶が放出する謎の粒子〈メビウス・ダスト〉の影響で、一部の子どもたちは〈ラムス〉と呼ばれる特殊能力を得ていた。しかし、〈ラムス〉は〈メビウス・ダスト〉が届く範囲でしか発動せず、特殊能力者〈ラムスキャリア〉の子どもたちは
〈しんかつしか〉の町から出ることを禁じられていた。
〈ラムスキャリア〉の子どもたちは、町から出られない鬱屈を晴らすかのように、チームごとに〈ラムス〉を駆使して陣地を争奪するゲームに没頭。高校生のアラキもそんなひとりで、妹のステラや幼馴染みのオルガたちと〈ポリスホッパー〉を結成し、夜な夜なゲームに明け暮れていた。
そんなある日、〈ラムス〉研究者の湯田博士が彼らにとある実験への協力を要請する。アラキたちはその実験に協力することを決断するが、それによって彼らの運命は動き出すことになる…。

特殊能力〈ラムス〉を得た少年少女たちが繰り広げる異能バトル！

■キャスト
アラキ：#竹中悠斗
ステラ：#稗田寧々
オルガ：#佐藤榛夏
ショウセイ：#坂泰斗
カイ：#市川蒼
ハルト：#堀金蒼平
クルス：#松田颯水
スピカ：#三上枝織
湯田博士：#河瀬茉希

■スタッフ
原案／キャラクター原案：品川　一（Project ANIMA 第三弾「キッズ・ゲームアニメ」部門 大賞）
監督：岩崎太郎
シリーズ構成：冨田頼子
キャラクターデザイン：小嶋はつめ
サブキャラクターデザイン：市原圭子
ラムス能力デザイン：永田杏子
プロップデザイン：小倉寛之　永田杏子
総作画監督：小嶋はつめ　板倉 健　栗原 優　曾我篤史　本谷 愛　熊谷勝弘
アクションアニメーター：橋本敬史　孫 威軍
美術監督：中尾陽子
美術設定：小野寺里恵
色彩設計：真壁源太
撮影監督：杉浦誠一
編集：木村佳史子
音響監督：高寺たけし
音響効果：和田俊也
音楽：DÉ DÉ MOUSE
アニメーション制作：動画工房

■オープニングテーマ
「メビウス」#家入レオ

■エンディングテーマ
「ジレンマ」#冨岡愛

■公式サイト
https://mebiusdust.asmik-ace.co.jp

■公式X
https://x.com/ANIMA_info

■著作権表記
©「メビウス・ダスト」製作委員会

■放送情報
TOKYO MX　毎週木曜 23:30～
BSフジ　毎週木曜 24:00～
MBS　毎週金曜 26:53～

■配信情報
各種プラットフォームにて順次配信

■Project ANIMAとは？
「Project ANIMA」は、2020年代のアニメファンに捧げる新しいオリジナル作品を創出する取り組みです。2018年の一年間をかけて広く一般からアニメの原案を募集し、8,000超の作品から、第一弾「SF・ロボットアニメ部門」に「サクガン」（制作：サテライト）、第二弾「異世界・ファンタジー部門」に「魔法使いになれなかった女の子の話」（制作：J.C.STAFF）、第三弾「キッズ・ゲームアニメ部門」に「メビウス・ダスト」（制作：動画工房）をそれぞれ選出しました。

#メビウスダスト",2026-07-16T15:00:16Z,Project ANIMA チャンネル,UCedwDnjKc-CFgMeC6f8n70g,4758,https://i.ytimg.com/vi/00D8aV_cT6c/hqdefault.jpg,メビウスダスト ノンクレジットED映像 鳥かごの子どもたちは外に出られるのか メビウスダスト TOKYO MXBSフジMBSにて好評放送中 エンディングテーマ ジレンマ 冨岡愛 作詞冨岡 愛 作曲冨岡 愛 ESME MORI 編曲ESME MORI 奇跡の力か運命の鎖か 隕石の落下から10年巨大結晶が放出する謎の粒子メビウスダストの影響で一部の子どもたちはラムスと呼ばれる特殊能力を得ていたしかしラムスはメビウスダストが届く範囲でしか発動せず特殊能力者ラムスキャリアの子どもたちは しんかつしかの町から出ることを禁じられていた ラムスキャリアの子どもたちは町から出られない鬱屈を晴らすかのようにチームごとにラムスを駆使して陣地を争奪するゲームに没頭高校生のアラキもそんなひとりで妹のステラや幼馴染みのオルガたちとポリスホッパーを結成し夜な夜なゲームに明け暮れていた そんなある日ラムス研究者の湯田博士が彼らにとある実験への協力を要請するアラキたちはその実験に協力することを決断するがそれによって彼らの運命は動き出すことになる 特殊能力ラムスを得た少年少女たちが繰り広げる異能バトル キャスト アラキ竹中悠斗 ステラ稗田寧 オルガ佐藤榛夏 ショウセイ坂泰斗 カイ市川蒼 ハルト堀金蒼平 クルス松田颯水 スピカ三上枝織 湯田博士河瀬茉希 スタッフ 原案 キャラクター原案品川 一Project ANIMA 第三弾 キッズゲームアニメ 部門 大賞 監督岩崎太郎 シリーズ構成冨田頼子 キャラクターデザイン小嶋はつめ サブキャラクターデザイン市原圭子 ラムス能力デザイン永田杏子 プロップデザイン小倉寛之 永田杏子 総作画監督小嶋はつめ 板倉 健 栗原 優 曾我篤史 本谷 愛 熊谷勝弘 アクションアニメーター橋本敬史 孫 威軍 美術監督中尾陽子 美術設定小野寺里恵 色彩設計真壁源太 撮影監督杉浦誠一 編集木村佳史子 音響監督高寺たけし 音響効果和田俊也 音楽D D MOUSE アニメーション制作動画工房 オープニングテーマ メビウス 家入レオ エンディングテーマ ジレンマ 冨岡愛 公式サイト httpsmebiusdustasmik-acecojp 公式X httpsxcomANIMAinfo 著作権表記 メビウスダスト 製作委員会 放送情報 TOKYO MX 毎週木曜 2330 BSフジ 毎週木曜 2400 MBS 毎週金曜 2653 配信情報 各種プラットフォームにて順次配信 Project ANIMAとは Project ANIMA は2020年代のアニメファンに捧げる新しいオリジナル作品を創出する取り組みです2018年の一年間をかけて広く一般からアニメの原案を募集し8000超の作品から第一弾 SFロボットアニメ部門 に サクガン 制作サテライト第二弾 異世界ファンタジー部門 に 魔法使いになれなかった女の子の話 制作JCSTAFF第三弾 キッズゲームアニメ部門 に メビウスダスト 制作動画工房をそれぞれ選出しました メビウスダスト,メビウスダスト ノンクレジットED映像 鳥かごの子どもたちは外に出られるのか メビウスダスト TOKYO MXBSフジMBSにて好評放送中 エンディングテーマ ジレンマ 冨岡愛 作詞冨岡 愛 作曲冨岡 愛 ESME MORI 編曲ESME MORI 奇跡の力か運命の鎖か 隕石の落下から10年巨大結晶が放出する謎の粒子メビウスダストの影響で一部の子どもたちはラムスと呼ばれる特殊能力を得ていたしかしラムスはメビウスダストが届く範囲でしか発動せず特殊能力者ラムスキャリアの子どもたちは しんかつしかの町から出ることを禁じられていた ラムスキャリアの子どもたちは町から出られない鬱屈を晴らすかのようにチームごとにラムスを駆使して陣地を争奪するゲームに没頭高校生のアラキもそんなひとりで妹のステラや幼馴染みのオルガたちとポリスホッパーを結成し夜な夜なゲームに明け暮れていた そんなある日ラムス研究者の湯田博士が彼らにとある実験への協力を要請するアラキたちはその実験に協力することを決断するがそれによって彼らの運命は動き出すことになる 特殊能力ラムスを得た少年少女たちが繰り広げる異能バトル キャスト アラキ竹中悠斗 ステラ稗田寧 オルガ佐藤榛夏 ショウセイ坂泰斗 カイ市川蒼 ハルト堀金蒼平 クルス松田颯水 スピカ三上枝織 湯田博士河瀬茉希 スタッフ 原案 キャラクター原案品川 一Project ANIMA 第三弾 キッズゲームアニメ 部門 大賞 監督岩崎太郎 シリーズ構成冨田頼子 キャラクターデザイン小嶋はつめ サブキャラクターデザイン市原圭子 ラムス能力デザイン永田杏子 プロップデザイン小倉寛之 永田杏子 総作画監督小嶋はつめ 板倉 健 栗原 優 曾我篤史 本谷 愛 熊谷勝弘 アクションアニメーター橋本敬史 孫 威軍 美術監督中尾陽子 美術設定小野寺里恵 色彩設計真壁源太 撮影監督杉浦誠一 編集木村佳史子 音響監督高寺たけし 音響効果和田俊也 音楽D D MOUSE アニメーション制作動画工房 オープニングテーマ メビウス 家入レオ エンディングテーマ ジレンマ 冨岡愛 公式サイト httpsmebiusdustasmik-acecojp 公式X httpsxcomANIMAinfo 著作権表記 メビウスダスト 製作委員会 放送情報 TOKYO MX 毎週木曜 2330 BSフジ 毎週木曜 2400 MBS 毎週金曜 2653 配信情報 各種プラットフォームにて順次配信 Project ANIMAとは Project ANIMA は2020年代のアニメファンに捧げる新しいオリジナル作品を創出する取り組みです2018年の一年間をかけて広く一般からアニメの原案を募集し8000超の作品から第一弾 SFロボットアニメ部門 に サクガン 制作サテライト第二弾 異世界ファンタジー部門 に 魔法使いになれなかった女の子の話 制作JCSTAFF第三弾 キッズゲームアニメ部門 に メビウスダスト 制作動画工房をそれぞれ選出しました メビウスダスト,メビウスダスト ノンクレジットED映像 鳥かごの子どもたちは外に出られるのか メビウスダスト TOKYO MXBSフジMBSにて好評放送中 エンディングテーマ ジレンマ 冨岡愛 作詞冨岡 愛 作曲冨岡 愛 ESME MORI 編曲ESME MORI 奇跡の力か運命の鎖か 隕石の落下から10年巨大結晶が放出する謎の粒子メビウスダストの影響で一部の子どもたちはラムスと呼ばれる特殊能力を得ていたしかしラムスはメビウスダストが届く範囲でしか発動せず特殊能力者ラムスキャリアの子どもたちは しんかつしかの町から出ることを禁じられていた ラムスキャリアの子どもたちは町から出られない鬱屈を晴らすかのようにチームごとにラムスを駆使して陣地を争奪するゲームに没頭高校生のアラキもそんなひとりで妹のステラや幼馴染みのオルガたちとポリスホッパーを結成し夜な夜なゲームに明け暮れていた そんなある日ラムス研究者の湯田博士が彼らにとある実験への協力を要請するアラキたちはその実験に協力することを決断するがそれによって彼らの運命は動き出すことになる 特殊能力ラムスを得た少年少女たちが繰り広げる異能バトル キャスト アラキ竹中悠斗 ステラ稗田寧 オルガ佐藤榛夏 ショウセイ坂泰斗 カイ市川蒼 ハルト堀金蒼平 クルス松田颯水 スピカ三上枝織 湯田博士河瀬茉希 スタッフ 原案 キャラクター原案品川 一Project ANIMA 第三弾 キッズゲームアニメ 部門 大賞 監督岩崎太郎 シリーズ構成冨田頼子 キャラクターデザイン小嶋はつめ サブキャラクターデザイン市原圭子 ラムス能力デザイン永田杏子 プロップデザイン小倉寛之 永田杏子 総作画監督小嶋はつめ 板倉 健 栗原 優 曾我篤史 本谷 愛 熊谷勝弘 アクションアニメーター橋本敬史 孫 威軍 美術監督中尾陽子 美術設定小野寺里恵 色彩設計真壁源太 撮影監督杉浦誠一 編集木村佳史子 音響監督高寺たけし 音響効果和田俊也 音楽D D MOUSE アニメーション制作動画工房 オープニングテーマ メビウス 家入レオ エンディングテーマ ジレンマ 冨岡愛 公式サイト httpsmebiusdustasmik-acecojp 公式X httpsxcomANIMAinfo 著作権表記 メビウスダスト 製作委員会 放送情報 TOKYO MX 毎週木曜 2330 BSフジ 毎週木曜 2400 MBS 毎週金曜 2653 配信情報 各種プラットフォームにて順次配信 Project ANIMAとは Project ANIMA は2020年代のアニメファンに捧げる新しいオリジナル作品を創出する取り組みです2018年の一年間をかけて広く一般からアニメの原案を募集し8000超の作品から第一弾 SFロボットアニメ部門 に サクガン 制作サテライト第二弾 異世界ファンタジー部門 に 魔法使いになれなかった女の子の話 制作JCSTAFF第三弾 キッズゲームアニメ部門 に メビウスダスト 制作動画工房をそれぞれ選出しました メビウスダスト,99,未分類,op,OP,0,https://yt3.ggpht.com/-BLtNao72HnDq3MWSgV9qgIuyJ9SnucozizuZxWLVjOSVATy-V1bH3eXl8YDudX9_JyINT_j=s800-c-k-c0x00ffffff-no-rj,5630
Ih45BgTUxlA,TVアニメ『きみが死ぬまで恋をしたい』第7話特殊EDノンクレジット映像｜リジィ・セイラン（CV：瀬戸麻沙美）、モード・アリ（CV：石川由依）「スターチス」,"TVアニメ「きみが死ぬまで恋をしたい」
第7話特殊エンディング主題歌
「スターチス」リジィ・セイラン（CV：瀬戸麻沙美）、モード・アリ（CV：石川由依）
作詞・作編曲：Fty

💐Animation Staff
絵コンテ・演出：友田康
 
エンディングイラスト：あおのなち
 
美術：草薙 中田洵輝 
 
撮影：Cypic 入江 夏未
 
——————————

「生きたい」なんて、知らなかった。
戦争用兵器として育てられる少女たちの生と死と恋の物語、
2026年7月7日より大好評放送中。

💐ON AIR
2026年7月7日(火)よりAT-X、TOKYO MX、WOWOWほかにて放送開始
AT-X
7月7日(火)より　毎週火曜日21：30～
≪リピート放送≫毎週木曜日9：30～／毎週月曜日15：30～
TOKYO MX、KBS京都、サンテレビ、BS11　
7月7日(火)より　毎週火曜日24：30～
WOWOW
7月14日(火)より　毎週火曜日24：00～＜全話無料放送＞

💐STREAMING 
dアニメストア・U-NEXT・アニメ放題にて地上波先行・最速配信決定
dアニメストア・U-NEXT・アニメ放題　7月7日（火）より毎週火曜 24：00～
その他サイト　7月10日（金）より毎週金曜 24：00～

💐Cast
トツキ・シーナ：#高橋李依
カガリ・ミミ：#日高里菜
リジィ・セイラン：#瀬戸麻沙美
モード・アリ：#石川由依
フラン：#内山夕実
オミ：#茅野愛衣

💐staff
原作：あおのなち（コミック百合姫／一迅社刊）
監督：友田 康
副監督：榎本直央
クリエイティブアドバイザー：かくちたくだい
シリーズ構成・脚本：花田十輝
キャラクターデザイン：油布京子
プロップデザイン：中山奈々
美術デザイン：綱頭瑛子(草薙)
美術監督：中田洵輝(草薙)
色彩設計：中野尚美(ステラ)、永井唯香(ステラ)
撮影監督：許庭禎（Cypic）
3Dディレクター：千野勝平(CHOTOTU)
編集：瀧川三智(REAL-T)
音楽：橋本由香利、未知瑠
音響監督：明田川仁
音響効果：安藤由衣
アニメーションプロデューサー：應地一晃
プロデュース：インフィニット
プロダクトサポート：EVOLROAR
アニメーション制作：ROLL2

💐Introduction
身寄りのない子供を戦争用の兵器として育てる学校に通う少女たち。
人を殺すための授業、誰が死んでも悲しむことさえままならない日常。
ここは不条理で、常に死と隣り合わせの日々が、「当たり前」な世界。
「どうしてみんな平気なの？」
自分の境遇を受け入れられずにいる14才のシーナはある夜、血まみれの小さな女の子・ミミと出会う――
どんな現実が訪れようとも、生きていく。
これはそんな少女たちが見つける、あどけない願いの物語。

💐MUSIC
OP主題歌「Amore」#ReoNa
　作詞・作曲・編曲：Pan（LIVE LAB.）
ED主題歌「エテルネル」sajou no hana
　作詞：sana
　作曲：藤原彩豊
  編曲：湯浅 篤
第7話特殊エンディング主題歌「スターチス」リジィ・セイラン（CV：瀬戸麻沙美）、モード・アリ（CV：石川由依）
  作詞・作編曲：Fty

■TVアニメ公式サイト
https://kimishinu-anime.com/
■アニメ公式X
https://x.com/anime_kimishinu/
■原作公式X
https://x.com/kimishinu/

📖原作情報
「一迅プラス」にて大好評連載中！
『きみが死ぬまで恋をしたい』コミックス第1巻～第8巻
＆『きみが死ぬまで恋をしたい side stories』大好評発売中！

©あおのなち・一迅社／「きみ死ぬ」製作委員会
©Nachi Aono, Ichijinsha/KIMISHINU Partners

#きみが死ぬまで恋をしたい　#きみ死ぬアニメ",2026-08-18T15:58:23Z,KADOKAWAanime,UCY5fcqgSrQItPAX_Z5Frmwg,63518,https://i.ytimg.com/vi/Ih45BgTUxlA/hqdefault.jpg,きみが死ぬまで恋をしたい 第7話特殊EDノンクレジット映像 リジィセイランCV瀬戸麻沙美モードアリCV石川由依 スターチス きみが死ぬまで恋をしたい 第7話特殊エンディング主題歌 スターチス リジィセイランCV瀬戸麻沙美モードアリCV石川由依 作詞作編曲Fty Animation Staff 絵コンテ演出友田康 エンディングイラストあおのなち 美術草薙 中田洵輝 撮影Cypic 入江 夏未 生きたい なんて知らなかった 戦争用兵器として育てられる少女たちの生と死と恋の物語 2026年7月7日より大好評放送中 ON AIR 2026年7月7日 よりAT-XTOKYO MXWOWOWほかにて放送開始 AT-X 7月7日 より 毎週火曜日2130 リピート放送毎週木曜日930 毎週月曜日1530 TOKYO MXKBS京都サンテレビBS11 7月7日 より 毎週火曜日2430 WOWOW 7月14日 より 毎週火曜日2400全話無料放送 STREAMING dアニメストアU-NEXTアニメ放題にて地上波先行最速配信決定 dアニメストアU-NEXTアニメ放題 7月7日火より毎週火曜 2400 その他サイト 7月10日金より毎週金曜 2400 Cast トツキシーナ高橋李依 カガリミミ日高里菜 リジィセイラン瀬戸麻沙美 モードアリ石川由依 フラン内山夕実 オミ茅野愛衣 staff 原作あおのなちコミック百合姫 一迅社刊 監督友田 康 副監督榎本直央 クリエイティブアドバイザーかくちたくだい シリーズ構成脚本花田十輝 キャラクターデザイン油布京子 プロップデザイン中山奈 美術デザイン綱頭瑛子 美術監督中田洵輝 色彩設計中野尚美 永井唯香 撮影監督許庭禎Cypic 3Dディレクター千野勝平 編集瀧川三智 音楽橋本由香利未知瑠 音響監督明田川仁 音響効果安藤由衣 アニメーションプロデューサー應地一晃 プロデュースインフィニット プロダクトサポートEVOLROAR アニメーション制作ROLL2 Introduction 身寄りのない子供を戦争用の兵器として育てる学校に通う少女たち 人を殺すための授業誰が死んでも悲しむことさえままならない日常 ここは不条理で常に死と隣り合わせの日が 当たり前 な世界 どうしてみんな平気なの 自分の境遇を受け入れられずにいる14才のシーナはある夜血まみれの小さな女の子ミミと出会う どんな現実が訪れようとも生きていく これはそんな少女たちが見つけるあどけない願いの物語 MUSIC OP主題歌 Amore ReoNa 作詞作曲編曲PanLIVE LAB ED主題歌 エテルネル sajou no hana 作詞sana 作曲藤原彩豊 編曲湯浅 篤 第7話特殊エンディング主題歌 スターチス リジィセイランCV瀬戸麻沙美モードアリCV石川由依 作詞作編曲Fty TVアニメ公式サイト httpskimishinu- com アニメ公式X httpsxcomanimekimishinu 原作公式X httpsxcomkimishinu 原作情報 一迅プラス にて大好評連載中 きみが死ぬまで恋をしたい コミックス第1巻第8巻 きみが死ぬまで恋をしたい side stories 大好評発売中 あおのなち一迅社 きみ死ぬ 製作委員会 Nachi Aono IchijinshaKIMISHINU Partners きみが死ぬまで恋をしたい きみ死ぬアニメ,きみが死ぬまで恋をしたい 第7話特殊EDノンクレジット映像 リジィセイランCV瀬戸麻沙美モードアリCV石川由依 スターチス きみが死ぬまで恋をしたい 第7話特殊エンディング主題歌 スターチス リジィセイランCV瀬戸麻沙美モードアリCV石川由依 作詞作編曲Fty Animation Staff 絵コンテ演出友田康 エンディングイラストあおのなち 美術草薙 中田洵輝 撮影Cypic 入江 夏未 生きたい なんて知らなかった 戦争用兵器として育てられる少女たちの生と死と恋の物語 2026年7月7日より大好評放送中 ON AIR 2026年7月7日 よりAT-XTOKYO MXWOWOWほかにて放送開始 AT-X 7月7日 より 毎週火曜日2130 リピート放送毎週木曜日930 毎週月曜日1530 TOKYO MXKBS京都サンテレビBS11 7月7日 より 毎週火曜日2430 WOWOW 7月14日 より 毎週火曜日2400全話無料放送 STREAMING dアニメストアU-NEXTアニメ放題にて地上波先行最速配信決定 dアニメストアU-NEXTアニメ放題 7月7日火より毎週火曜 2400 その他サイト 7月10日金より毎週金曜 2400 Cast トツキシーナ高橋李依 カガリミミ日高里菜 リジィセイラン瀬戸麻沙美 モードアリ石川由依 フラン内山夕実 オミ茅野愛衣 staff 原作あおのなちコミック百合姫 一迅社刊 監督友田 康 副監督榎本直央 クリエイティブアドバイザーかくちたくだい シリーズ構成脚本花田十輝 キャラクターデザイン油布京子 プロップデザイン中山奈 美術デザイン綱頭瑛子 美術監督中田洵輝 色彩設計中野尚美 永井唯香 撮影監督許庭禎Cypic 3Dディレクター千野勝平 編集瀧川三智 音楽橋本由香利未知瑠 音響監督明田川仁 音響効果安藤由衣 アニメーションプロデューサー應地一晃 プロデュースインフィニット プロダクトサポートEVOLROAR アニメーション制作ROLL2 Introduction 身寄りのない子供を戦争用の兵器として育てる学校に通う少女たち 人を殺すための授業誰が死んでも悲しむことさえままならない日常 ここは不条理で常に死と隣り合わせの日が 当たり前 な世界 どうしてみんな平気なの 自分の境遇を受け入れられずにいる14才のシーナはある夜血まみれの小さな女の子ミミと出会う どんな現実が訪れようとも生きていく これはそんな少女たちが見つけるあどけない願いの物語 MUSIC OP主題歌 Amore ReoNa 作詞作曲編曲PanLIVE LAB ED主題歌 エテルネル sajou no hana 作詞sana 作曲藤原彩豊 編曲湯浅 篤 第7話特殊エンディング主題歌 スターチス リジィセイランCV瀬戸麻沙美モードアリCV石川由依 作詞作編曲Fty TVアニメ公式サイト httpskimishinu- com アニメ公式X httpsxcomanimekimishinu 原作公式X httpsxcomkimishinu 原作情報 一迅プラス にて大好評連載中 きみが死ぬまで恋をしたい コミックス第1巻第8巻 きみが死ぬまで恋をしたい side stories 大好評発売中 あおのなち一迅社 きみ死ぬ 製作委員会 Nachi Aono IchijinshaKIMISHINU Partners きみが死ぬまで恋をしたい きみ死ぬアニメ,きみが死ぬまで恋をしたい 第7話特殊EDノンクレジット映像 リジィセイランCV瀬戸麻沙美モードアリCV石川由依 スターチス きみが死ぬまで恋をしたい 第7話特殊エンディング主題歌 スターチス リジィセイランCV瀬戸麻沙美モードアリCV石川由依 作詞作編曲Fty Animation Staff 絵コンテ演出友田康 エンディングイラストあおのなち 美術草薙 中田洵輝 撮影Cypic 入江 夏未 生きたい なんて知らなかった 戦争用兵器として育てられる少女たちの生と死と恋の物語 2026年7月7日より大好評放送中 ON AIR 2026年7月7日 よりAT-XTOKYO MXWOWOWほかにて放送開始 AT-X 7月7日 より 毎週火曜日2130 リピート放送毎週木曜日930 毎週月曜日1530 TOKYO MXKBS京都サンテレビBS11 7月7日 より 毎週火曜日2430 WOWOW 7月14日 より 毎週火曜日2400全話無料放送 STREAMING dアニメストアU-NEXTアニメ放題にて地上波先行最速配信決定 dアニメストアU-NEXTアニメ放題 7月7日火より毎週火曜 2400 その他サイト 7月10日金より毎週金曜 2400 Cast トツキシーナ高橋李依 カガリミミ日高里菜 リジィセイラン瀬戸麻沙美 モードアリ石川由依 フラン内山夕実 オミ茅野愛衣 staff 原作あおのなちコミック百合姫 一迅社刊 監督友田 康 副監督榎本直央 クリエイティブアドバイザーかくちたくだい シリーズ構成脚本花田十輝 キャラクターデザイン油布京子 プロップデザイン中山奈 美術デザイン綱頭瑛子 美術監督中田洵輝 色彩設計中野尚美 永井唯香 撮影監督許庭禎Cypic 3Dディレクター千野勝平 編集瀧川三智 音楽橋本由香利未知瑠 音響監督明田川仁 音響効果安藤由衣 アニメーションプロデューサー應地一晃 プロデュースインフィニット プロダクトサポートEVOLROAR アニメーション制作ROLL2 Introduction 身寄りのない子供を戦争用の兵器として育てる学校に通う少女たち 人を殺すための授業誰が死んでも悲しむことさえままならない日常 ここは不条理で常に死と隣り合わせの日が 当たり前 な世界 どうしてみんな平気なの 自分の境遇を受け入れられずにいる14才のシーナはある夜血まみれの小さな女の子ミミと出会う どんな現実が訪れようとも生きていく これはそんな少女たちが見つけるあどけない願いの物語 MUSIC OP主題歌 Amore ReoNa 作詞作曲編曲PanLIVE LAB ED主題歌 エテルネル sajou no hana 作詞sana 作曲藤原彩豊 編曲湯浅 篤 第7話特殊エンディング主題歌 スターチス リジィセイランCV瀬戸麻沙美モードアリCV石川由依 作詞作編曲Fty TVアニメ公式サイト httpskimishinu- com アニメ公式X httpsxcomanimekimishinu 原作公式X httpsxcomkimishinu 原作情報 一迅プラス にて大好評連載中 きみが死ぬまで恋をしたい コミックス第1巻第8巻 きみが死ぬまで恋をしたい side stories 大好評発売中 あおのなち一迅社 きみ死ぬ 製作委員会 Nachi Aono IchijinshaKIMISHINU Partners きみが死ぬまで恋をしたい きみ死ぬアニメ,99,未分類,op,OP,0,https://yt3.ggpht.com/ytc/AIdro_kBexGPE4xdlwIRGuLFEcoqtNFCi_8bWioG0HyHx7cSbvI=s800-c-k-c0x00ffffff-no-rj,3080000
t_VzPD5NznA,『無職転生Ⅲ』第8話ノンクレジットOPムービー／OPテーマ：「光の唄」大原ゆい子,"TVアニメ第3期
『無職転生Ⅲ ～異世界行ったら本気だす～』
8月16日(日)放送 第8話「空中城塞」ノンクレジットOP

「光の唄」#大原ゆい子 
楽曲配信▶https://nex-tone.link/A9jaiA9cu

毎週日曜 放送中
24:00 TOKYO MX／25:30 サンテレビ／24:45 KBS京都
ABEMA・dアニメストア地上波同時・最速先行配信
他配信サービス 毎週水曜24:00順次配信

原作：理不尽な孫の手（MFブックス／KADOKAWA刊）
キャラクター原案：シロタカ　　原作企画：フロンティアワークス
監督：渋谷亮介　シリーズ構成：渋谷亮介・谷内直人
キャラクターデザイン：嶋田真恵・古川良太
総作画監督：中野圭哉・嶋田聡史　美術監督：三宅昌和
色彩設計：土居真紀子　　撮影監督：頓所信二
編集：三嶋章紀　　音響監督：明田川仁　　音響効果：上野 励
音響制作：マジックカプセル　　音楽：藤澤慶昌
オープニングテーマ：「決意の唄」「芽吹の唄」「光の唄」大原ゆい子
エンディングテーマ：「祈り、終われば」中島美嘉
プロデュース：EGG FIRM　　制作：スタジオバインド

【キャスト】
ルーデウス・グレイラット：内山夕実
前世の男：杉田智和
シルフィエット・グレイラット：茅野愛衣
ロキシー・ミグルディア・グレイラット：小原好美
ゼニス・グレイラット：金元寿子
リーリャ・グレイラット：Lynn
ノルン・グレイラット：会沢紗弥
アイシャ・グレイラット：高田憂希
エリナリーゼ・ドラゴンロード：田中理恵
ザノバ・シーローン：鶴岡 聡
クリフ・グリモル：逢坂良太
アリエル・アネモイ・アスラ：上田麗奈
ルーク・ノトス・グレイラット：興津和幸
リニアーナ・デドルディア：ファイルーズあい
プルセナ・アドルディア：田中美海
ジュリエット：諸星すみれ
ナナホシ・シズカ：若山詩音
ペルギウス・ドーラ：小山力也
光輝のアルマンフィ：河西健吾
空虚のシルヴァリル：恒松あゆみ
アトーフェラトーフェ・ライバック：森なな子

公式サイト：https://mushokutensei.jp
公式X：https://x.com/mushokutensei_A
公式TikTok：http://tiktok.com/@mushokutensei_a

©理不尽な孫の手/MFブックス/「無職転生Ⅲ」製作委員会

#無職転生 #無職転生3期 #アニメ
-----------------------------------------------
TOHO animation
Portal Site：https://tohoanimation.jp/portal/
Official X(JP)：https://x.com/TOHOanimation
Official X(EN)：https://x.com/tohoanimationen
Official TikTok(JP)：https://www.tiktok.com/@tohoanimationch
Official TikTok(EN)：https://www.tiktok.com/@tohoanimationen
Official Instagram(JP)：https://www.instagram.com/tohoanimation_info/
Official Threads(JP)：https://www.threads.com/@tohoanimation_info/
-----------------------------------------------
TOHO animation STORE
Online Store：https://tohoanimationstore.com/shop/
Official X：https://x.com/TOHOanimeSTORE
-----------------------------------------------",2026-08-17T10:00:34Z,TOHO animation チャンネル,UC14Yc2Qv92DMuyNRlHvpo2Q,70357,https://i.ytimg.com/vi/t_VzPD5NznA/hqdefault.jpg,無職転生 第8話ノンクレジットOPムービー OPテーマ 光の唄 大原ゆい子 TVアニメ 無職転生 異世界行ったら本気だす 8月16日 放送 第8話 空中城塞 ノンクレジットOP 光の唄 大原ゆい子 楽曲配信httpsnex-tonelinkA9jaiA9cu 毎週日曜 放送中 2400 TOKYO MX 2530 サンテレビ 2445 KBS京都 ABEMAdアニメストア地上波同時最速先行配信 他配信サービス 毎週水曜2400順次配信 原作理不尽な孫の手MFブックス KADOKAWA刊 キャラクター原案シロタカ 原作企画フロンティアワークス 監督渋谷亮介 シリーズ構成渋谷亮介谷内直人 キャラクターデザイン嶋田真恵古川良太 総作画監督中野圭哉嶋田聡史 美術監督三宅昌和 色彩設計土居真紀子 撮影監督頓所信二 編集三嶋章紀 音響監督明田川仁 音響効果上野 励 音響制作マジックカプセル 音楽藤澤慶昌 オープニングテーマ 決意の唄 芽吹の唄 光の唄 大原ゆい子 エンディングテーマ 祈り終われば 中島美嘉 プロデュースEGG FIRM 制作スタジオバインド キャスト ルーデウスグレイラット内山夕実 前世の男杉田智和 シルフィエットグレイラット茅野愛衣 ロキシーミグルディアグレイラット小原好美 ゼニスグレイラット金元寿子 リーリャグレイラットLynn ノルングレイラット会沢紗弥 アイシャグレイラット高田憂希 エリナリーゼドラゴンロード田中理恵 ザノバシーローン鶴岡 聡 クリフグリモル逢坂良太 アリエルアネモイアスラ上田麗奈 ルークノトスグレイラット興津和幸 リニアーナデドルディアファイルーズあい プルセナアドルディア田中美海 ジュリエット諸星すみれ ナナホシシズカ若山詩音 ペルギウスドーラ小山力也 光輝のアルマンフィ河西健吾 空虚のシルァリル恒松あゆみ アトーフェラトーフェライバック森なな子 公式サイトhttpsmushokutenseijp 公式XhttpsxcommushokutenseiA 公式TikTokhttptiktokcommushokutenseia 理不尽な孫の手MFブックス 無職転生 製作委員会 無職転生 無職転生3期 ----------------------------------------------- TOHO animation Portal Sitehttpstohoanimationjpportal X httpsxcomTOHOanimation X httpsxcomtohoanimationen TikTok httpswwwtiktokcomtohoanimationch TikTok httpswwwtiktokcomtohoanimationen Instagram httpswwwinstagramcomtohoanimationinfo Threads httpswwwthreadscomtohoanimationinfo ----------------------------------------------- TOHO animation STORE Online Storehttpstohoanimationstorecomshop XhttpsxcomTOHOanimeSTORE,無職転生 第8話ノンクレジットOPムービー OPテーマ 光の唄 大原ゆい子 TVアニメ 無職転生 異世界行ったら本気だす 8月16日 放送 第8話 空中城塞 ノンクレジットOP 光の唄 大原ゆい子 楽曲配信httpsnex-tonelinkA9jaiA9cu 毎週日曜 放送中 2400 TOKYO MX 2530 サンテレビ 2445 KBS京都 ABEMAdアニメストア地上波同時最速先行配信 他配信サービス 毎週水曜2400順次配信 原作理不尽な孫の手MFブックス KADOKAWA刊 キャラクター原案シロタカ 原作企画フロンティアワークス 監督渋谷亮介 シリーズ構成渋谷亮介谷内直人 キャラクターデザイン嶋田真恵古川良太 総作画監督中野圭哉嶋田聡史 美術監督三宅昌和 色彩設計土居真紀子 撮影監督頓所信二 編集三嶋章紀 音響監督明田川仁 音響効果上野 励 音響制作マジックカプセル 音楽藤澤慶昌 オープニングテーマ 決意の唄 芽吹の唄 光の唄 大原ゆい子 エンディングテーマ 祈り終われば 中島美嘉 プロデュースEGG FIRM 制作スタジオバインド キャスト ルーデウスグレイラット内山夕実 前世の男杉田智和 シルフィエットグレイラット茅野愛衣 ロキシーミグルディアグレイラット小原好美 ゼニスグレイラット金元寿子 リーリャグレイラットLynn ノルングレイラット会沢紗弥 アイシャグレイラット高田憂希 エリナリーゼドラゴンロード田中理恵 ザノバシーローン鶴岡 聡 クリフグリモル逢坂良太 アリエルアネモイアスラ上田麗奈 ルークノトスグレイラット興津和幸 リニアーナデドルディアファイルーズあい プルセナアドルディア田中美海 ジュリエット諸星すみれ ナナホシシズカ若山詩音 ペルギウスドーラ小山力也 光輝のアルマンフィ河西健吾 空虚のシルァリル恒松あゆみ アトーフェラトーフェライバック森なな子 公式サイトhttpsmushokutenseijp 公式XhttpsxcommushokutenseiA 公式TikTokhttptiktokcommushokutenseia 理不尽な孫の手MFブックス 無職転生 製作委員会 無職転生 無職転生3期 ----------------------------------------------- TOHO animation Portal Sitehttpstohoanimationjpportal X httpsxcomTOHOanimation X httpsxcomtohoanimationen TikTok httpswwwtiktokcomtohoanimationch TikTok httpswwwtiktokcomtohoanimationen Instagram httpswwwinstagramcomtohoanimationinfo Threads httpswwwthreadscomtohoanimationinfo ----------------------------------------------- TOHO animation STORE Online Storehttpstohoanimationstorecomshop XhttpsxcomTOHOanimeSTORE,無職転生 第8話ノンクレジットOPムービー OPテーマ 光の唄 大原ゆい子 TVアニメ 無職転生 異世界行ったら本気だす 8月16日 放送 第8話 空中城塞 ノンクレジットOP 光の唄 大原ゆい子 楽曲配信httpsnex-tonelinkA9jaiA9cu 毎週日曜 放送中 2400 TOKYO MX 2530 サンテレビ 2445 KBS京都 ABEMAdアニメストア地上波同時最速先行配信 他配信サービス 毎週水曜2400順次配信 原作理不尽な孫の手MFブックス KADOKAWA刊 キャラクター原案シロタカ 原作企画フロンティアワークス 監督渋谷亮介 シリーズ構成渋谷亮介谷内直人 キャラクターデザイン嶋田真恵古川良太 総作画監督中野圭哉嶋田聡史 美術監督三宅昌和 色彩設計土居真紀子 撮影監督頓所信二 編集三嶋章紀 音響監督明田川仁 音響効果上野 励 音響制作マジックカプセル 音楽藤澤慶昌 オープニングテーマ 決意の唄 芽吹の唄 光の唄 大原ゆい子 エンディングテーマ 祈り終われば 中島美嘉 プロデュースEGG FIRM 制作スタジオバインド キャスト ルーデウスグレイラット内山夕実 前世の男杉田智和 シルフィエットグレイラット茅野愛衣 ロキシーミグルディアグレイラット小原好美 ゼニスグレイラット金元寿子 リーリャグレイラットLynn ノルングレイラット会沢紗弥 アイシャグレイラット高田憂希 エリナリーゼドラゴンロード田中理恵 ザノバシーローン鶴岡 聡 クリフグリモル逢坂良太 アリエルアネモイアスラ上田麗奈 ルークノトスグレイラット興津和幸 リニアーナデドルディアファイルーズあい プルセナアドルディア田中美海 ジュリエット諸星すみれ ナナホシシズカ若山詩音 ペルギウスドーラ小山力也 光輝のアルマンフィ河西健吾 空虚のシルァリル恒松あゆみ アトーフェラトーフェライバック森なな子 公式サイトhttpsmushokutenseijp 公式XhttpsxcommushokutenseiA 公式TikTokhttptiktokcommushokutenseia 理不尽な孫の手MFブックス 無職転生 製作委員会 無職転生 無職転生3期 ----------------------------------------------- TOHO animation Portal Sitehttpstohoanimationjpportal X httpsxcomTOHOanimation X httpsxcomtohoanimationen TikTok httpswwwtiktokcomtohoanimationch TikTok httpswwwtiktokcomtohoanimationen Instagram httpswwwinstagramcomtohoanimationinfo Threads httpswwwthreadscomtohoanimationinfo ----------------------------------------------- TOHO animation STORE Online Storehttpstohoanimationstorecomshop XhttpsxcomTOHOanimeSTORE,3,第3クール,op,OP,0,https://yt3.ggpht.com/eWI91qDASaVas8dGoEkvje7u30u0Wo8buZBhtX9xsMnzGsgzJWiY4WLUzoDXimWFJBbNlc_OXA=s800-c-k-c0x00ffffff-no-rj,4440000
RqRS2xmQL84,【織田龍成 Ver.】TVアニメ『鎧真伝サムライトルーパー』第2クールOP映像／Dannie May「BAD遺伝子」,"TVアニメ『鎧真伝サムライトルーパー』第2クールノンクレジット OP映像(龍成 Ver.)公開！
紫音から龍成へ、受け継がれる閃光の鎧を纏い、疾る――。

【TVアニメ『鎧真伝サムライトルーパー』作品情報】

疾れ── それぞれの信念の為に 
敵は神の使い、立ち向かえ！サムライトルーパー！ 

【放送】
TOKYO MX　毎週火曜23時30分～
関西テレビ　毎週火曜25時19分～
BS11　毎週水曜24時00分～
【配信】
■見放題最速配信
2026年7月7日(火)より毎週火曜24時～
・U-NEXT：https://video.unext.jp/
・アニメ放題：https://www.animehodai.jp/
・dアニメストア：https://animestore.docomo.ne.jp/animestore/tp
★第1クール各配信サイトにて配信中！
★他配信サイトは公式HPをチェック！
https://www.samurai-trooper.net/onair/

■Introduction
妖邪帝王・羅真我を倒し、妖邪界の侵攻から東京を救って3ヶ月――。
復興が進む街並みに人々は再び訪れた平和を享受していた。

だが、人類の前に新たな脅威が現れる。
その名も「天導界」。
ヤシマノサグメとその配下の四獣士が「世界を新しく作り替える」ために行動を開始する。

サムライトルーパーの新たな戦いが幕を開ける！

■STAFF
原作：矢立 肇
監督：藤田陽一
シリーズ構成・脚本：武藤将吾
メインキャラクターデザイン：室田雄平
ヴィランキャラクターデザイン：ことぶきつかさ
ヨロイギアデザイン原案：岡本英郎
アニメーションヨロイギアデザイン：鈴木卓也
総作画監督：山中純子、田中智子
メインアニメーター：西村博之
画面設計デザイン：齋藤 瑛
美術監督：田山 修
色彩設計：田中美穂
CGディレクター ：鈴木雅臣、板村拓海
撮影監督：石黒瑠美
編集：坂本久美子
音響監督：田中 亮
音楽：片山修志（Team-MAX）
アニメーション制作：サンライズ
製作：「鎧真伝サムライトルーパー」製作委員会

■CAST
凱：石橋陽彩
上杉魁人：榎木淳弥
北条武蔵：村瀬 歩
北条大和：武内駿輔
石田紫音：熊谷健太郎

織田龍成：増田俊樹
ナスティ柳生：木下紗華
新垣美麗：Lynn
山野 純：下野 紘

真田 遼：草尾 毅
羽柴当麻：野島裕史
伊達征士：置鮎龍太郎
毛利 伸：佐々木 望
秀 麗黄：西村朋紘

羅真我：小西克幸
サスケ：佐藤拓也
サイゾウ：鳥海浩輔
カマノスケ：寺島拓篤
セイカイニュードー：杉田智和
イサニュードー：天﨑滉平
ネヅ:鈴村健一
アナヤマ:沢城千春
ウンノ:竹内良太
カケイ:遠藤大智
モチヅキ:熊谷俊輝

ヤシマノサグメ：坂本真綾
インメイ：子安武人
ゴメイ：前野智昭
シメイ：遠藤綾
ガイメイ：白熊寛嗣

■第2クール MUSIC
OP:「BAD 遺伝子」 Dannie May
公式X：https://x.com/DannieMay_info
公式Instagram：https://www.instagram.com/dannie_may_insta/

ED:「ばけもん」 カラノア
公式X：https://x.com/karanoahband
公式Instagram：https://www.instagram.com/karanoah_official/

■PV
第2クール本PV：https://youtu.be/OKEoQo3cGVg

■SNS/HP情報
公式サイト：https://www.samurai-trooper.net/
X：@samuraitroo_pr（https://x.com/samuraitroo_pr/）
Instagram：@samuraitroo_pr（https://www.instagram.com/samuraitroo_pr/）
TikTok：@samuraitroo_pr（https://www.tiktok.com/@samuraitroo_pr）
YouTube：@samuraitroo_pr（https://www.youtube.com/@samuraitroo_pr/）

■『鎧伝サムライトルーパー』（よろいでんサムライトルーパー）とは
俺の心を鎧が走る！
『鎧伝サムライトルーパー』はサンライズ制作による、1988年4月～1989年3月に放送されたTVアニメーション。
OVA3作品『鎧伝サムライトルーパー 外伝』（1989年）、『鎧伝サムライトルーパー 輝煌帝伝説』（1989年～1990年）、『鎧伝サムライトルーパー MESSAGE』（1991年）のほか、ほしの竜一によるコミカライズ化（コミックボンボン（講談社刊））も展開されている。“鎧擬亜""（ヨロイギア）を持つ5人の少年が、運命に導かれて集結し、妖邪帝王・阿羅醐が率いる""妖邪""の軍勢と戦うストーリー。
2026年1月6日（火）より、正統続編である『鎧真伝サムライトルーパー』が分割2クールにて放送・配信開始。2026年7月7日(火)からは第２クールの放送がスタートする。

#サムライトルーパー #矢立肇 #藤田陽一 #武藤将吾 #室田雄平 #ことぶきつかさ #岡本英郎 #片山修志 #石橋陽彩 #榎木淳弥 #村瀬歩 #武内駿輔 #熊谷健太郎 #サンライズ",2026-08-20T10:00:32Z,TVアニメ『鎧真伝サムライトルーパー』公式,UCQs07PK6PrvE-7V_budSESg,5251,https://i.ytimg.com/vi/RqRS2xmQL84/hqdefault.jpg,織田龍成 鎧真伝サムライトルーパー OP映像 Dannie May BAD遺伝子 鎧真伝サムライトルーパー ノンクレジット OP映像 公開 紫音から龍成へ受け継がれる閃光の鎧を纏い疾る 鎧真伝サムライトルーパー 作品情報 疾れ それぞれの信念の為に 敵は神の使い立ち向かえサムライトルーパー 放送 TOKYO MX 毎週火曜23時30分 関西テレビ 毎週火曜25時19分 BS11 毎週水曜24時00分 配信 見放題最速配信 2026年7月7日 より毎週火曜24時 U-NEXThttpsvideounextjp アニメ放題httpswwwanimehodaijp dアニメストアhttpsanimestoredocomonejpanimestoretp 各配信サイトにて配信中 他配信サイトは公式HPをチェック httpswwwsamurai-troopernetonair Introduction 妖邪帝王羅真我を倒し妖邪界の侵攻から東京を救って3月 復興が進む街並みに人は再び訪れた平和を享受していた だが人類の前に新たな脅威が現れる その名も 天導界 ヤシマノサグメとその配下の四獣士が 世界を新しく作り替える ために行動を開始する サムライトルーパーの新たな戦いが幕を開ける STAFF 原作矢立 肇 監督藤田陽一 シリーズ構成脚本武藤将吾 メインキャラクターデザイン室田雄平 ィランキャラクターデザインことぶきつかさ ヨロイギアデザイン原案岡本英郎 アニメーションヨロイギアデザイン鈴木卓也 総作画監督山中純子田中智子 メインアニメーター西村博之 画面設計デザイン齋藤 瑛 美術監督田山 修 色彩設計田中美穂 CGディレクター 鈴木雅臣板村拓海 撮影監督石黒瑠美 編集坂本久美子 音響監督田中 亮 音楽片山修志Team-MAX アニメーション制作サンライズ 製作 鎧真伝サムライトルーパー 製作委員会 CAST 凱石橋陽彩 上杉魁人榎木淳弥 北条武蔵村瀬 歩 北条大和武内駿輔 石田紫音熊谷健太郎 織田龍成増田俊樹 ナスティ柳生木下紗華 新垣美麗Lynn 山野 純下野 紘 真田 遼草尾 毅 羽柴当麻野島裕史 伊達征士置鮎龍太郎 毛利 伸佐木 望 秀 麗黄西村朋紘 羅真我小西克幸 サスケ佐藤拓也 サイゾウ鳥海浩輔 カマノスケ寺島拓篤 セイカイニュードー杉田智和 イサニュードー天滉平 ネヅ鈴村健一 アナヤマ沢城千春 ウンノ竹内良太 カケイ遠藤大智 モチヅキ熊谷俊輝 ヤシマノサグメ坂本真綾 インメイ子安武人 ゴメイ前野智昭 シメイ遠藤綾 ガイメイ白熊寛嗣 MUSIC OP BAD 遺伝子 Dannie May 公式XhttpsxcomDannieMayinfo 公式Instagramhttpswwwinstagramcomdanniemayinsta ED ばけもん カラノア 公式Xhttpsxcomkaranoahband 公式Instagramhttpswwwinstagramcomkaranoahofficial PV 本PVhttpsyoutubeOKEoQo3cGVg SNSHP情報 公式サイトhttpswwwsamurai-troopernet Xsamuraitrooprhttpsxcomsamuraitroopr Instagramsamuraitrooprhttpswwwinstagramcomsamuraitroopr TikToksamuraitrooprhttpswwwtiktokcomsamuraitroopr YouTubesamuraitrooprhttpswwwyoutubecomsamuraitroopr 鎧伝サムライトルーパー よろいでんサムライトルーパーとは 俺の心を鎧が走る 鎧伝サムライトルーパー はサンライズ制作による1988年4月1989年3月に放送されたTVアニメーション OVA3作品 鎧伝サムライトルーパー 外伝 1989年 鎧伝サムライトルーパー 輝煌帝伝説 1989年1990年 鎧伝サムライトルーパー MESSAGE 1991年のほかほしの竜一によるコミカライズ化コミックボンボン講談社刊も展開されている鎧擬亜ヨロイギアを持つ5人の少年が運命に導かれて集結し妖邪帝王阿羅醐が率いる妖邪の軍勢と戦うストーリー 2026年1月6日火より正統続編である 鎧真伝サムライトルーパー が分割2クールにて放送配信開始2026年7月7日 からは の放送がスタートする サムライトルーパー 矢立肇 藤田陽一 武藤将吾 室田雄平 ことぶきつかさ 岡本英郎 片山修志 石橋陽彩 榎木淳弥 村瀬歩 武内駿輔 熊谷健太郎 サンライズ,織田龍成 鎧真伝サムライトルーパー OP映像 Dannie May BAD遺伝子 鎧真伝サムライトルーパー ノンクレジット OP映像 公開 紫音から龍成へ受け継がれる閃光の鎧を纏い疾る 鎧真伝サムライトルーパー 作品情報 疾れ それぞれの信念の為に 敵は神の使い立ち向かえサムライトルーパー 放送 TOKYO MX 毎週火曜23時30分 関西テレビ 毎週火曜25時19分 BS11 毎週水曜24時00分 配信 見放題最速配信 2026年7月7日 より毎週火曜24時 U-NEXThttpsvideounextjp アニメ放題httpswwwanimehodaijp dアニメストアhttpsanimestoredocomonejpanimestoretp 各配信サイトにて配信中 他配信サイトは公式HPをチェック httpswwwsamurai-troopernetonair Introduction 妖邪帝王羅真我を倒し妖邪界の侵攻から東京を救って3月 復興が進む街並みに人は再び訪れた平和を享受していた だが人類の前に新たな脅威が現れる その名も 天導界 ヤシマノサグメとその配下の四獣士が 世界を新しく作り替える ために行動を開始する サムライトルーパーの新たな戦いが幕を開ける STAFF 原作矢立 肇 監督藤田陽一 シリーズ構成脚本武藤将吾 メインキャラクターデザイン室田雄平 ィランキャラクターデザインことぶきつかさ ヨロイギアデザイン原案岡本英郎 アニメーションヨロイギアデザイン鈴木卓也 総作画監督山中純子田中智子 メインアニメーター西村博之 画面設計デザイン齋藤 瑛 美術監督田山 修 色彩設計田中美穂 CGディレクター 鈴木雅臣板村拓海 撮影監督石黒瑠美 編集坂本久美子 音響監督田中 亮 音楽片山修志Team-MAX アニメーション制作サンライズ 製作 鎧真伝サムライトルーパー 製作委員会 CAST 凱石橋陽彩 上杉魁人榎木淳弥 北条武蔵村瀬 歩 北条大和武内駿輔 石田紫音熊谷健太郎 織田龍成増田俊樹 ナスティ柳生木下紗華 新垣美麗Lynn 山野 純下野 紘 真田 遼草尾 毅 羽柴当麻野島裕史 伊達征士置鮎龍太郎 毛利 伸佐木 望 秀 麗黄西村朋紘 羅真我小西克幸 サスケ佐藤拓也 サイゾウ鳥海浩輔 カマノスケ寺島拓篤 セイカイニュードー杉田智和 イサニュードー天滉平 ネヅ鈴村健一 アナヤマ沢城千春 ウンノ竹内良太 カケイ遠藤大智 モチヅキ熊谷俊輝 ヤシマノサグメ坂本真綾 インメイ子安武人 ゴメイ前野智昭 シメイ遠藤綾 ガイメイ白熊寛嗣 MUSIC OP BAD 遺伝子 Dannie May 公式XhttpsxcomDannieMayinfo 公式Instagramhttpswwwinstagramcomdanniemayinsta ED ばけもん カラノア 公式Xhttpsxcomkaranoahband 公式Instagramhttpswwwinstagramcomkaranoahofficial PV 本PVhttpsyoutubeOKEoQo3cGVg SNSHP情報 公式サイトhttpswwwsamurai-troopernet Xsamuraitrooprhttpsxcomsamuraitroopr Instagramsamuraitrooprhttpswwwinstagramcomsamuraitroopr TikToksamuraitrooprhttpswwwtiktokcomsamuraitroopr YouTubesamuraitrooprhttpswwwyoutubecomsamuraitroopr 鎧伝サムライトルーパー よろいでんサムライトルーパーとは 俺の心を鎧が走る 鎧伝サムライトルーパー はサンライズ制作による1988年4月1989年3月に放送されたTVアニメーション OVA3作品 鎧伝サムライトルーパー 外伝 1989年 鎧伝サムライトルーパー 輝煌帝伝説 1989年1990年 鎧伝サムライトルーパー MESSAGE 1991年のほかほしの竜一によるコミカライズ化コミックボンボン講談社刊も展開されている鎧擬亜ヨロイギアを持つ5人の少年が運命に導かれて集結し妖邪帝王阿羅醐が率いる妖邪の軍勢と戦うストーリー 2026年1月6日火より正統続編である 鎧真伝サムライトルーパー が分割2クールにて放送配信開始2026年7月7日 からは の放送がスタートする サムライトルーパー 矢立肇 藤田陽一 武藤将吾 室田雄平 ことぶきつかさ 岡本英郎 片山修志 石橋陽彩 榎木淳弥 村瀬歩 武内駿輔 熊谷健太郎 サンライズ,織田龍成 鎧真伝サムライトルーパー OP映像 Dannie May BAD遺伝子 鎧真伝サムライトルーパー ノンクレジット OP映像 公開 紫音から龍成へ受け継がれる閃光の鎧を纏い疾る 鎧真伝サムライトルーパー 作品情報 疾れ それぞれの信念の為に 敵は神の使い立ち向かえサムライトルーパー 放送 TOKYO MX 毎週火曜23時30分 関西テレビ 毎週火曜25時19分 BS11 毎週水曜24時00分 配信 見放題最速配信 2026年7月7日 より毎週火曜24時 U-NEXThttpsvideounextjp アニメ放題httpswwwanimehodaijp dアニメストアhttpsanimestoredocomonejpanimestoretp 各配信サイトにて配信中 他配信サイトは公式HPをチェック httpswwwsamurai-troopernetonair Introduction 妖邪帝王羅真我を倒し妖邪界の侵攻から東京を救って3月 復興が進む街並みに人は再び訪れた平和を享受していた だが人類の前に新たな脅威が現れる その名も 天導界 ヤシマノサグメとその配下の四獣士が 世界を新しく作り替える ために行動を開始する サムライトルーパーの新たな戦いが幕を開ける STAFF 原作矢立 肇 監督藤田陽一 シリーズ構成脚本武藤将吾 メインキャラクターデザイン室田雄平 ィランキャラクターデザインことぶきつかさ ヨロイギアデザイン原案岡本英郎 アニメーションヨロイギアデザイン鈴木卓也 総作画監督山中純子田中智子 メインアニメーター西村博之 画面設計デザイン齋藤 瑛 美術監督田山 修 色彩設計田中美穂 CGディレクター 鈴木雅臣板村拓海 撮影監督石黒瑠美 編集坂本久美子 音響監督田中 亮 音楽片山修志Team-MAX アニメーション制作サンライズ 製作 鎧真伝サムライトルーパー 製作委員会 CAST 凱石橋陽彩 上杉魁人榎木淳弥 北条武蔵村瀬 歩 北条大和武内駿輔 石田紫音熊谷健太郎 織田龍成増田俊樹 ナスティ柳生木下紗華 新垣美麗Lynn 山野 純下野 紘 真田 遼草尾 毅 羽柴当麻野島裕史 伊達征士置鮎龍太郎 毛利 伸佐木 望 秀 麗黄西村朋紘 羅真我小西克幸 サスケ佐藤拓也 サイゾウ鳥海浩輔 カマノスケ寺島拓篤 セイカイニュードー杉田智和 イサニュードー天滉平 ネヅ鈴村健一 アナヤマ沢城千春 ウンノ竹内良太 カケイ遠藤大智 モチヅキ熊谷俊輝 ヤシマノサグメ坂本真綾 インメイ子安武人 ゴメイ前野智昭 シメイ遠藤綾 ガイメイ白熊寛嗣 MUSIC OP BAD 遺伝子 Dannie May 公式XhttpsxcomDannieMayinfo 公式Instagramhttpswwwinstagramcomdanniemayinsta ED ばけもん カラノア 公式Xhttpsxcomkaranoahband 公式Instagramhttpswwwinstagramcomkaranoahofficial PV 本PVhttpsyoutubeOKEoQo3cGVg SNSHP情報 公式サイトhttpswwwsamurai-troopernet Xsamuraitrooprhttpsxcomsamuraitroopr Instagramsamuraitrooprhttpswwwinstagramcomsamuraitroopr TikToksamuraitrooprhttpswwwtiktokcomsamuraitroopr YouTubesamuraitrooprhttpswwwyoutubecomsamuraitroopr 鎧伝サムライトルーパー よろいでんサムライトルーパーとは 俺の心を鎧が走る 鎧伝サムライトルーパー はサンライズ制作による1988年4月1989年3月に放送されたTVアニメーション OVA3作品 鎧伝サムライトルーパー 外伝 1989年 鎧伝サムライトルーパー 輝煌帝伝説 1989年1990年 鎧伝サムライトルーパー MESSAGE 1991年のほかほしの竜一によるコミカライズ化コミックボンボン講談社刊も展開されている鎧擬亜ヨロイギアを持つ5人の少年が運命に導かれて集結し妖邪帝王阿羅醐が率いる妖邪の軍勢と戦うストーリー 2026年1月6日火より正統続編である 鎧真伝サムライトルーパー が分割2クールにて放送配信開始2026年7月7日 からは の放送がスタートする サムライトルーパー 矢立肇 藤田陽一 武藤将吾 室田雄平 ことぶきつかさ 岡本英郎 片山修志 石橋陽彩 榎木淳弥 村瀬歩 武内駿輔 熊谷健太郎 サンライズ,1,第1クール,op,OP,0,https://yt3.ggpht.com/BZYYJ9sfUtDUBTRIRBKQJIZdxDmsHLFCo-Y8GGCsIqAwj4ovzshZqO7KKeMY4Mdu0w_RGGmt0g=s800-c-k-c0x00ffffff-no-rj,17000
qCEVsMHfCxI,【織田龍成 Ver.】TVアニメ『鎧真伝サムライトルーパー』第2クールED映像／カラノア「ばけもん」,"TVアニメ『鎧真伝サムライトルーパー』第2クールノンクレジット OP映像(龍成 Ver.)公開！
紫音から龍成へ、受け継がれる閃光の鎧を纏い、疾る――。

【TVアニメ『鎧真伝サムライトルーパー』作品情報】

疾れ── それぞれの信念の為に 
敵は神の使い、立ち向かえ！サムライトルーパー！ 

【放送】
TOKYO MX　毎週火曜23時30分～
関西テレビ　毎週火曜25時19分～
BS11　毎週水曜24時00分～
【配信】
■見放題最速配信
2026年7月7日(火)より毎週火曜24時～
・U-NEXT：https://video.unext.jp/
・アニメ放題：https://www.animehodai.jp/
・dアニメストア：https://animestore.docomo.ne.jp/animestore/tp
★第1クール各配信サイトにて配信中！
★他配信サイトは公式HPをチェック！
https://www.samurai-trooper.net/onair/

■Introduction
妖邪帝王・羅真我を倒し、妖邪界の侵攻から東京を救って3ヶ月――。
復興が進む街並みに人々は再び訪れた平和を享受していた。

だが、人類の前に新たな脅威が現れる。
その名も「天導界」。
ヤシマノサグメとその配下の四獣士が「世界を新しく作り替える」ために行動を開始する。

サムライトルーパーの新たな戦いが幕を開ける！

■STAFF
原作：矢立 肇
監督：藤田陽一
シリーズ構成・脚本：武藤将吾
メインキャラクターデザイン：室田雄平
ヴィランキャラクターデザイン：ことぶきつかさ
ヨロイギアデザイン原案：岡本英郎
アニメーションヨロイギアデザイン：鈴木卓也
総作画監督：山中純子、田中智子
メインアニメーター：西村博之
画面設計デザイン：齋藤 瑛
美術監督：田山 修
色彩設計：田中美穂
CGディレクター ：鈴木雅臣、板村拓海
撮影監督：石黒瑠美
編集：坂本久美子
音響監督：田中 亮
音楽：片山修志（Team-MAX）
アニメーション制作：サンライズ
製作：「鎧真伝サムライトルーパー」製作委員会

■CAST
凱：石橋陽彩
上杉魁人：榎木淳弥
北条武蔵：村瀬 歩
北条大和：武内駿輔
石田紫音：熊谷健太郎

織田龍成：増田俊樹
ナスティ柳生：木下紗華
新垣美麗：Lynn
山野 純：下野 紘

真田 遼：草尾 毅
羽柴当麻：野島裕史
伊達征士：置鮎龍太郎
毛利 伸：佐々木 望
秀 麗黄：西村朋紘

羅真我：小西克幸
サスケ：佐藤拓也
サイゾウ：鳥海浩輔
カマノスケ：寺島拓篤
セイカイニュードー：杉田智和
イサニュードー：天﨑滉平
ネヅ:鈴村健一
アナヤマ:沢城千春
ウンノ:竹内良太
カケイ:遠藤大智
モチヅキ:熊谷俊輝

ヤシマノサグメ：坂本真綾
インメイ：子安武人
ゴメイ：前野智昭
シメイ：遠藤綾
ガイメイ：白熊寛嗣

■第2クール MUSIC
OP:「BAD 遺伝子」 Dannie May
公式X：https://x.com/DannieMay_info
公式Instagram：https://www.instagram.com/dannie_may_insta/

ED:「ばけもん」 カラノア
公式X：https://x.com/karanoahband
公式Instagram：https://www.instagram.com/karanoah_official/

■PV
第2クール本PV：https://youtu.be/OKEoQo3cGVg

■SNS/HP情報
公式サイト：https://www.samurai-trooper.net/
X：@samuraitroo_pr（https://x.com/samuraitroo_pr/）
Instagram：@samuraitroo_pr（https://www.instagram.com/samuraitroo_pr/）
TikTok：@samuraitroo_pr（https://www.tiktok.com/@samuraitroo_pr）
YouTube：@samuraitroo_pr（https://www.youtube.com/@samuraitroo_pr/）

■『鎧伝サムライトルーパー』（よろいでんサムライトルーパー）とは
俺の心を鎧が走る！
『鎧伝サムライトルーパー』はサンライズ制作による、1988年4月～1989年3月に放送されたTVアニメーション。
OVA3作品『鎧伝サムライトルーパー 外伝』（1989年）、『鎧伝サムライトルーパー 輝煌帝伝説』（1989年～1990年）、『鎧伝サムライトルーパー MESSAGE』（1991年）のほか、ほしの竜一によるコミカライズ化（コミックボンボン（講談社刊））も展開されている。“鎧擬亜""（ヨロイギア）を持つ5人の少年が、運命に導かれて集結し、妖邪帝王・阿羅醐が率いる""妖邪""の軍勢と戦うストーリー。
2026年1月6日（火）より、正統続編である『鎧真伝サムライトルーパー』が分割2クールにて放送・配信開始。2026年7月7日(火)からは第２クールの放送がスタートする。

#サムライトルーパー #矢立肇 #藤田陽一 #武藤将吾 #室田雄平 #ことぶきつかさ #岡本英郎 #片山修志 #石橋陽彩 #榎木淳弥 #村瀬歩 #武内駿輔 #熊谷健太郎 #サンライズ",2026-08-20T10:00:22Z,TVアニメ『鎧真伝サムライトルーパー』公式,UCQs07PK6PrvE-7V_budSESg,3395,https://i.ytimg.com/vi/qCEVsMHfCxI/hqdefault.jpg,織田龍成 鎧真伝サムライトルーパー ED映像 カラノア ばけもん 鎧真伝サムライトルーパー ノンクレジット OP映像 公開 紫音から龍成へ受け継がれる閃光の鎧を纏い疾る 鎧真伝サムライトルーパー 作品情報 疾れ それぞれの信念の為に 敵は神の使い立ち向かえサムライトルーパー 放送 TOKYO MX 毎週火曜23時30分 関西テレビ 毎週火曜25時19分 BS11 毎週水曜24時00分 配信 見放題最速配信 2026年7月7日 より毎週火曜24時 U-NEXThttpsvideounextjp アニメ放題httpswwwanimehodaijp dアニメストアhttpsanimestoredocomonejpanimestoretp 各配信サイトにて配信中 他配信サイトは公式HPをチェック httpswwwsamurai-troopernetonair Introduction 妖邪帝王羅真我を倒し妖邪界の侵攻から東京を救って3月 復興が進む街並みに人は再び訪れた平和を享受していた だが人類の前に新たな脅威が現れる その名も 天導界 ヤシマノサグメとその配下の四獣士が 世界を新しく作り替える ために行動を開始する サムライトルーパーの新たな戦いが幕を開ける STAFF 原作矢立 肇 監督藤田陽一 シリーズ構成脚本武藤将吾 メインキャラクターデザイン室田雄平 ィランキャラクターデザインことぶきつかさ ヨロイギアデザイン原案岡本英郎 アニメーションヨロイギアデザイン鈴木卓也 総作画監督山中純子田中智子 メインアニメーター西村博之 画面設計デザイン齋藤 瑛 美術監督田山 修 色彩設計田中美穂 CGディレクター 鈴木雅臣板村拓海 撮影監督石黒瑠美 編集坂本久美子 音響監督田中 亮 音楽片山修志Team-MAX アニメーション制作サンライズ 製作 鎧真伝サムライトルーパー 製作委員会 CAST 凱石橋陽彩 上杉魁人榎木淳弥 北条武蔵村瀬 歩 北条大和武内駿輔 石田紫音熊谷健太郎 織田龍成増田俊樹 ナスティ柳生木下紗華 新垣美麗Lynn 山野 純下野 紘 真田 遼草尾 毅 羽柴当麻野島裕史 伊達征士置鮎龍太郎 毛利 伸佐木 望 秀 麗黄西村朋紘 羅真我小西克幸 サスケ佐藤拓也 サイゾウ鳥海浩輔 カマノスケ寺島拓篤 セイカイニュードー杉田智和 イサニュードー天滉平 ネヅ鈴村健一 アナヤマ沢城千春 ウンノ竹内良太 カケイ遠藤大智 モチヅキ熊谷俊輝 ヤシマノサグメ坂本真綾 インメイ子安武人 ゴメイ前野智昭 シメイ遠藤綾 ガイメイ白熊寛嗣 MUSIC OP BAD 遺伝子 Dannie May 公式XhttpsxcomDannieMayinfo 公式Instagramhttpswwwinstagramcomdanniemayinsta ED ばけもん カラノア 公式Xhttpsxcomkaranoahband 公式Instagramhttpswwwinstagramcomkaranoahofficial PV 本PVhttpsyoutubeOKEoQo3cGVg SNSHP情報 公式サイトhttpswwwsamurai-troopernet Xsamuraitrooprhttpsxcomsamuraitroopr Instagramsamuraitrooprhttpswwwinstagramcomsamuraitroopr TikToksamuraitrooprhttpswwwtiktokcomsamuraitroopr YouTubesamuraitrooprhttpswwwyoutubecomsamuraitroopr 鎧伝サムライトルーパー よろいでんサムライトルーパーとは 俺の心を鎧が走る 鎧伝サムライトルーパー はサンライズ制作による1988年4月1989年3月に放送されたTVアニメーション OVA3作品 鎧伝サムライトルーパー 外伝 1989年 鎧伝サムライトルーパー 輝煌帝伝説 1989年1990年 鎧伝サムライトルーパー MESSAGE 1991年のほかほしの竜一によるコミカライズ化コミックボンボン講談社刊も展開されている鎧擬亜ヨロイギアを持つ5人の少年が運命に導かれて集結し妖邪帝王阿羅醐が率いる妖邪の軍勢と戦うストーリー 2026年1月6日火より正統続編である 鎧真伝サムライトルーパー が分割2クールにて放送配信開始2026年7月7日 からは の放送がスタートする サムライトルーパー 矢立肇 藤田陽一 武藤将吾 室田雄平 ことぶきつかさ 岡本英郎 片山修志 石橋陽彩 榎木淳弥 村瀬歩 武内駿輔 熊谷健太郎 サンライズ,織田龍成 鎧真伝サムライトルーパー ED映像 カラノア ばけもん 鎧真伝サムライトルーパー ノンクレジット OP映像 公開 紫音から龍成へ受け継がれる閃光の鎧を纏い疾る 鎧真伝サムライトルーパー 作品情報 疾れ それぞれの信念の為に 敵は神の使い立ち向かえサムライトルーパー 放送 TOKYO MX 毎週火曜23時30分 関西テレビ 毎週火曜25時19分 BS11 毎週水曜24時00分 配信 見放題最速配信 2026年7月7日 より毎週火曜24時 U-NEXThttpsvideounextjp アニメ放題httpswwwanimehodaijp dアニメストアhttpsanimestoredocomonejpanimestoretp 各配信サイトにて配信中 他配信サイトは公式HPをチェック httpswwwsamurai-troopernetonair Introduction 妖邪帝王羅真我を倒し妖邪界の侵攻から東京を救って3月 復興が進む街並みに人は再び訪れた平和を享受していた だが人類の前に新たな脅威が現れる その名も 天導界 ヤシマノサグメとその配下の四獣士が 世界を新しく作り替える ために行動を開始する サムライトルーパーの新たな戦いが幕を開ける STAFF 原作矢立 肇 監督藤田陽一 シリーズ構成脚本武藤将吾 メインキャラクターデザイン室田雄平 ィランキャラクターデザインことぶきつかさ ヨロイギアデザイン原案岡本英郎 アニメーションヨロイギアデザイン鈴木卓也 総作画監督山中純子田中智子 メインアニメーター西村博之 画面設計デザイン齋藤 瑛 美術監督田山 修 色彩設計田中美穂 CGディレクター 鈴木雅臣板村拓海 撮影監督石黒瑠美 編集坂本久美子 音響監督田中 亮 音楽片山修志Team-MAX アニメーション制作サンライズ 製作 鎧真伝サムライトルーパー 製作委員会 CAST 凱石橋陽彩 上杉魁人榎木淳弥 北条武蔵村瀬 歩 北条大和武内駿輔 石田紫音熊谷健太郎 織田龍成増田俊樹 ナスティ柳生木下紗華 新垣美麗Lynn 山野 純下野 紘 真田 遼草尾 毅 羽柴当麻野島裕史 伊達征士置鮎龍太郎 毛利 伸佐木 望 秀 麗黄西村朋紘 羅真我小西克幸 サスケ佐藤拓也 サイゾウ鳥海浩輔 カマノスケ寺島拓篤 セイカイニュードー杉田智和 イサニュードー天滉平 ネヅ鈴村健一 アナヤマ沢城千春 ウンノ竹内良太 カケイ遠藤大智 モチヅキ熊谷俊輝 ヤシマノサグメ坂本真綾 インメイ子安武人 ゴメイ前野智昭 シメイ遠藤綾 ガイメイ白熊寛嗣 MUSIC OP BAD 遺伝子 Dannie May 公式XhttpsxcomDannieMayinfo 公式Instagramhttpswwwinstagramcomdanniemayinsta ED ばけもん カラノア 公式Xhttpsxcomkaranoahband 公式Instagramhttpswwwinstagramcomkaranoahofficial PV 本PVhttpsyoutubeOKEoQo3cGVg SNSHP情報 公式サイトhttpswwwsamurai-troopernet Xsamuraitrooprhttpsxcomsamuraitroopr Instagramsamuraitrooprhttpswwwinstagramcomsamuraitroopr TikToksamuraitrooprhttpswwwtiktokcomsamuraitroopr YouTubesamuraitrooprhttpswwwyoutubecomsamuraitroopr 鎧伝サムライトルーパー よろいでんサムライトルーパーとは 俺の心を鎧が走る 鎧伝サムライトルーパー はサンライズ制作による1988年4月1989年3月に放送されたTVアニメーション OVA3作品 鎧伝サムライトルーパー 外伝 1989年 鎧伝サムライトルーパー 輝煌帝伝説 1989年1990年 鎧伝サムライトルーパー MESSAGE 1991年のほかほしの竜一によるコミカライズ化コミックボンボン講談社刊も展開されている鎧擬亜ヨロイギアを持つ5人の少年が運命に導かれて集結し妖邪帝王阿羅醐が率いる妖邪の軍勢と戦うストーリー 2026年1月6日火より正統続編である 鎧真伝サムライトルーパー が分割2クールにて放送配信開始2026年7月7日 からは の放送がスタートする サムライトルーパー 矢立肇 藤田陽一 武藤将吾 室田雄平 ことぶきつかさ 岡本英郎 片山修志 石橋陽彩 榎木淳弥 村瀬歩 武内駿輔 熊谷健太郎 サンライズ,織田龍成 鎧真伝サムライトルーパー ED映像 カラノア ばけもん 鎧真伝サムライトルーパー ノンクレジット OP映像 公開 紫音から龍成へ受け継がれる閃光の鎧を纏い疾る 鎧真伝サムライトルーパー 作品情報 疾れ それぞれの信念の為に 敵は神の使い立ち向かえサムライトルーパー 放送 TOKYO MX 毎週火曜23時30分 関西テレビ 毎週火曜25時19分 BS11 毎週水曜24時00分 配信 見放題最速配信 2026年7月7日 より毎週火曜24時 U-NEXThttpsvideounextjp アニメ放題httpswwwanimehodaijp dアニメストアhttpsanimestoredocomonejpanimestoretp 各配信サイトにて配信中 他配信サイトは公式HPをチェック httpswwwsamurai-troopernetonair Introduction 妖邪帝王羅真我を倒し妖邪界の侵攻から東京を救って3月 復興が進む街並みに人は再び訪れた平和を享受していた だが人類の前に新たな脅威が現れる その名も 天導界 ヤシマノサグメとその配下の四獣士が 世界を新しく作り替える ために行動を開始する サムライトルーパーの新たな戦いが幕を開ける STAFF 原作矢立 肇 監督藤田陽一 シリーズ構成脚本武藤将吾 メインキャラクターデザイン室田雄平 ィランキャラクターデザインことぶきつかさ ヨロイギアデザイン原案岡本英郎 アニメーションヨロイギアデザイン鈴木卓也 総作画監督山中純子田中智子 メインアニメーター西村博之 画面設計デザイン齋藤 瑛 美術監督田山 修 色彩設計田中美穂 CGディレクター 鈴木雅臣板村拓海 撮影監督石黒瑠美 編集坂本久美子 音響監督田中 亮 音楽片山修志Team-MAX アニメーション制作サンライズ 製作 鎧真伝サムライトルーパー 製作委員会 CAST 凱石橋陽彩 上杉魁人榎木淳弥 北条武蔵村瀬 歩 北条大和武内駿輔 石田紫音熊谷健太郎 織田龍成増田俊樹 ナスティ柳生木下紗華 新垣美麗Lynn 山野 純下野 紘 真田 遼草尾 毅 羽柴当麻野島裕史 伊達征士置鮎龍太郎 毛利 伸佐木 望 秀 麗黄西村朋紘 羅真我小西克幸 サスケ佐藤拓也 サイゾウ鳥海浩輔 カマノスケ寺島拓篤 セイカイニュードー杉田智和 イサニュードー天滉平 ネヅ鈴村健一 アナヤマ沢城千春 ウンノ竹内良太 カケイ遠藤大智 モチヅキ熊谷俊輝 ヤシマノサグメ坂本真綾 インメイ子安武人 ゴメイ前野智昭 シメイ遠藤綾 ガイメイ白熊寛嗣 MUSIC OP BAD 遺伝子 Dannie May 公式XhttpsxcomDannieMayinfo 公式Instagramhttpswwwinstagramcomdanniemayinsta ED ばけもん カラノア 公式Xhttpsxcomkaranoahband 公式Instagramhttpswwwinstagramcomkaranoahofficial PV 本PVhttpsyoutubeOKEoQo3cGVg SNSHP情報 公式サイトhttpswwwsamurai-troopernet Xsamuraitrooprhttpsxcomsamuraitroopr Instagramsamuraitrooprhttpswwwinstagramcomsamuraitroopr TikToksamuraitrooprhttpswwwtiktokcomsamuraitroopr YouTubesamuraitrooprhttpswwwyoutubecomsamuraitroopr 鎧伝サムライトルーパー よろいでんサムライトルーパーとは 俺の心を鎧が走る 鎧伝サムライトルーパー はサンライズ制作による1988年4月1989年3月に放送されたTVアニメーション OVA3作品 鎧伝サムライトルーパー 外伝 1989年 鎧伝サムライトルーパー 輝煌帝伝説 1989年1990年 鎧伝サムライトルーパー MESSAGE 1991年のほかほしの竜一によるコミカライズ化コミックボンボン講談社刊も展開されている鎧擬亜ヨロイギアを持つ5人の少年が運命に導かれて集結し妖邪帝王阿羅醐が率いる妖邪の軍勢と戦うストーリー 2026年1月6日火より正統続編である 鎧真伝サムライトルーパー が分割2クールにて放送配信開始2026年7月7日 からは の放送がスタートする サムライトルーパー 矢立肇 藤田陽一 武藤将吾 室田雄平 ことぶきつかさ 岡本英郎 片山修志 石橋陽彩 榎木淳弥 村瀬歩 武内駿輔 熊谷健太郎 サンライズ,1,第1クール,op,OP,0,https://yt3.ggpht.com/BZYYJ9sfUtDUBTRIRBKQJIZdxDmsHLFCo-Y8GGCsIqAwj4ovzshZqO7KKeMY4Mdu0w_RGGmt0g=s800-c-k-c0x00ffffff-no-rj,17000
tMUTO_gtdkc,TVアニメ『BLEACH 千年血戦篇-禍進譚-』#45「DEFEND YOU」ノンクレジットエンディングムービー,"#YouTubeMusicWeekend
TVアニメ『BLEACH 千年血戦篇-禍進譚-』#45「DEFEND YOU」
9Lana「螺旋 – Acoustic Ver.」が儚くも力強く響くエンディングシーンを公開。

■螺旋 – RASEN – Acoustic Ver.
https://9lana.lnk.to/RASEN_AcousticVer

＝＝＝＝＝＝＝＝＝＝＝＝

TVアニメ最終クール『BLEACH 千年血戦篇-禍進譚-』
毎週土曜23:00よりテレ東系列ほかにて放送中！

■公式サイト：https://bleach-anime.com/
■公式X：https://x.com/BLEACHanimation
■Tiktok：https://www.tiktok.com/@bleach.official

■放送情報
・テレ東系列：7月25日（土）23:00～
・広島テレビ：8月4日（火）25:29～
・新潟放送：8月4日（火）25:30～
・テレビ静岡：8月5日（水）25:45～
・熊本放送：8月7日（金）25:48～
・仙台放送：8月10日（月）25:20～
・びわ湖放送：9月13日（日）26:30～
・奈良テレビ：9月16日（水）25:00～
・テレビ高知：9月19日（土）25:28～
・BSテレ東：7月27日（月）24:30～
・AT-X：8月2日（日）23:00～　※リピート放送：毎週木曜29:00／毎週日曜8:00
※放送日時は予告なく変更になる可能性があります。

■配信情報
毎週日曜12:00から順次配信中！

■イントロダクション
死神と滅却師、千年に亘る血戦の果てに滅びの未来が視えようとも──

霊王宮に立ち入らんとするユーハバッハを迎え撃つ王属特務・零番隊。
だが、滅却師の王とその親衛隊は、零番隊の壮絶な卍解を打ち破り、遂に霊王大内裏に踏み入る。
兵主部一兵衛から霊王護衛を託された黒崎一護たち。
しかし、ユーハバッハの策略により、一護はその剣で霊王を斬ってしまう。
霊王の死──それは、三界の崩壊を意味していた。
各界に『歪み』が現れ、滅びの予兆が世界を覆い始める。
護廷十三隊は滅却師の残党と手を組んで、霊王宮へと向かう。
だが、霊王宮は《見えざる帝国》の手に堕ち、《真世界城》へと姿を変えていた。
死神たちを嘲笑うかのように天空に聳え立つ城で親衛隊が待ち受ける。
《真世界城》各地で、護廷十三隊と親衛隊の激戦が繰り広げられる。
一護は雨竜の真意を知り、互いに信じあう友として、世界を護る決意を新たにする。

『全知全能』をも越えた存在となったユーハバッハ。
三界の存亡を懸けた壮絶な戦いは終焉へと向かう。

混沌の禍を進んだ先に待つのは絶望か希望か——。

■スタッフ
原作・総監修：久保帯人「BLEACH」（集英社 ジャンプコミックス刊）
総監督：田口智久
監督：村田光
シリーズ構成：田口智久、平松正樹
キャラクターデザイン：工藤昌史
総作画監督：長谷川亨雄、小松原聖、高柳久美子
アクション・エフェクト作画監督：酒井智史、橋本敬史
美術監督：谷岡善王
美術設定：天田俊貴
色彩設計：合田沙織
編集：三嶋章紀
撮影監督：山田和弘、奥原聡美
CG監督：佐々木俊宏、鈴木隆弘
音楽：鷺巣詩郎
音響監督：長崎行男
音響制作：ザック・プロモーション
アニメーション制作：PIERROT FILMS

■主題歌
オープニングテーマ：jo0ji「I-BULL」（Sony Music Labels）
エンディングテーマ：9Lana「螺旋」（Sony Music Labels）

■キャスト
黒崎一護：森田成一
石田雨竜：杉山紀彰
井上織姫：松岡由貴
茶渡泰虎：安元洋貴
志波岩鷲：高木渉
朽木ルキア：折笠富美子
阿散井恋次：伊藤健太郎

浦原喜助：三木眞一郎
四楓院夜一：ゆきのさつき

京楽春水：大塚明夫
朽木白哉：置鮎龍太郎
日番谷冬獅郎：朴璐美
更木剣八：立木文彦

藍染惣右介：速水奨

ユーハバッハ：菅生隆之
ユーグラム・ハッシュヴァルト：梅原裕一郎
アスキン・ナックルヴァール：武内駿輔
ジェラルド・ヴァルキリー：小山剛志

©久保帯人／集英社・テレビ東京・ｄｅｎｔｓｕ・ぴえろ",2026-08-21T13:07:59Z,『BLEACH』アニメ公式チャンネル,UCwR6z7fsMpHPjypxQxMYAjw,1,https://i.ytimg.com/vi/tMUTO_gtdkc/hqdefault.jpg,BLEACH 千年血戦篇-禍進譚- 45 DEFEND YOU ノンクレジットエンディングムービー YouTubeMusicWeekend BLEACH 千年血戦篇-禍進譚- 45 DEFEND YOU 9Lana 螺旋 Acoustic が儚くも力強く響くエンディングシーンを公開 螺旋 RASEN Acoustic https9lanalnktoRASENAcousticVer TVアニメ最終クール BLEACH 千年血戦篇-禍進譚- 毎週土曜2300よりテレ東系列ほかにて放送中 公式サイトhttpsbleach- com 公式XhttpsxcomBLEACHanimation Tiktokhttpswwwtiktokcombleach 放送情報 テレ東系列7月25日土2300 広島テレビ8月4日火2529 新潟放送8月4日火2530 テレビ静岡8月5日水2545 熊本放送8月7日金2548 仙台放送8月10日月2520 びわ湖放送9月13日日2630 奈良テレビ9月16日水2500 テレビ高知9月19日土2528 BSテレ東7月27日月2430 AT-X8月2日日2300 リピート放送毎週木曜2900 毎週日曜800 放送日時は予告なく変更になる可能性があります 配信情報 毎週日曜1200から順次配信中 イントロダクション 死神と滅却師千年に亘る血戦の果てに滅びの未来が視えようとも 霊王宮に立ち入らんとするユーハバッハを迎え撃つ王属特務零番隊 だが滅却師の王とその親衛隊は零番隊の壮絶な卍解を打ち破り遂に霊王大内裏に踏み入る 兵主部一兵衛から霊王護衛を託された黒崎一護たち しかしユーハバッハの策略により一護はその剣で霊王を斬ってしまう 霊王の死それは三界の崩壊を意味していた 各界に 歪み が現れ滅びの予兆が世界を覆い始める 護廷十三隊は滅却師の残党と手を組んで霊王宮へと向かう だが霊王宮は見えざる帝国の手に堕ち真世界城へと姿を変えていた 死神たちを嘲笑うかのように天空に聳え立つ城で親衛隊が待ち受ける 真世界城各地で護廷十三隊と親衛隊の激戦が繰り広げられる 一護は雨竜の真意を知り互いに信じあう友として世界を護る決意を新たにする 全知全能 をも越えた存在となったユーハバッハ 三界の存亡を懸けた壮絶な戦いは終焉へと向かう 混沌の禍を進んだ先に待つのは絶望か希望か スタッフ 原作総監修久保帯人 BLEACH 集英社 ジャンプコミックス刊 総監督田口智久 監督村田光 シリーズ構成田口智久平松正樹 キャラクターデザイン工藤昌史 総作画監督長谷川亨雄小松原聖高柳久美子 アクションエフェクト作画監督酒井智史橋本敬史 美術監督谷岡善王 美術設定天田俊貴 色彩設計合田沙織 編集三嶋章紀 撮影監督山田和弘奥原聡美 CG監督佐木俊宏鈴木隆弘 音楽鷺巣詩郎 音響監督長崎行男 音響制作ザックプロモーション アニメーション制作PIERROT FILMS オープニングテーマjo0ji I-BULL Sony Music Labels エンディングテーマ9Lana 螺旋 Sony Music Labels キャスト 黒崎一護森田成一 石田雨竜杉山紀彰 井上織姫松岡由貴 茶渡泰虎安元洋貴 志波岩鷲高木渉 朽木ルキア折笠富美子 阿散井恋次伊藤健太郎 浦原喜助三木眞一郎 四楓院夜一ゆきのさつき 京楽春水大塚明夫 朽木白哉置鮎龍太郎 日番谷冬獅郎朴璐美 更木剣八立木文彦 藍染惣右介速水奨 ユーハバッハ菅生隆之 ユーグラムハッシュァルト梅原裕一郎 アスキンナックルァール武内駿輔 ジェラルドァルキリー小山剛志 久保帯人 集英社テレビ東京ぴえろ,BLEACH 千年血戦篇-禍進譚- 45 DEFEND YOU ノンクレジットエンディングムービー YouTubeMusicWeekend BLEACH 千年血戦篇-禍進譚- 45 DEFEND YOU 9Lana 螺旋 Acoustic が儚くも力強く響くエンディングシーンを公開 螺旋 RASEN Acoustic https9lanalnktoRASENAcousticVer TVアニメ最終クール BLEACH 千年血戦篇-禍進譚- 毎週土曜2300よりテレ東系列ほかにて放送中 公式サイトhttpsbleach- com 公式XhttpsxcomBLEACHanimation Tiktokhttpswwwtiktokcombleach 放送情報 テレ東系列7月25日土2300 広島テレビ8月4日火2529 新潟放送8月4日火2530 テレビ静岡8月5日水2545 熊本放送8月7日金2548 仙台放送8月10日月2520 びわ湖放送9月13日日2630 奈良テレビ9月16日水2500 テレビ高知9月19日土2528 BSテレ東7月27日月2430 AT-X8月2日日2300 リピート放送毎週木曜2900 毎週日曜800 放送日時は予告なく変更になる可能性があります 配信情報 毎週日曜1200から順次配信中 イントロダクション 死神と滅却師千年に亘る血戦の果てに滅びの未来が視えようとも 霊王宮に立ち入らんとするユーハバッハを迎え撃つ王属特務零番隊 だが滅却師の王とその親衛隊は零番隊の壮絶な卍解を打ち破り遂に霊王大内裏に踏み入る 兵主部一兵衛から霊王護衛を託された黒崎一護たち しかしユーハバッハの策略により一護はその剣で霊王を斬ってしまう 霊王の死それは三界の崩壊を意味していた 各界に 歪み が現れ滅びの予兆が世界を覆い始める 護廷十三隊は滅却師の残党と手を組んで霊王宮へと向かう だが霊王宮は見えざる帝国の手に堕ち真世界城へと姿を変えていた 死神たちを嘲笑うかのように天空に聳え立つ城で親衛隊が待ち受ける 真世界城各地で護廷十三隊と親衛隊の激戦が繰り広げられる 一護は雨竜の真意を知り互いに信じあう友として世界を護る決意を新たにする 全知全能 をも越えた存在となったユーハバッハ 三界の存亡を懸けた壮絶な戦いは終焉へと向かう 混沌の禍を進んだ先に待つのは絶望か希望か スタッフ 原作総監修久保帯人 BLEACH 集英社 ジャンプコミックス刊 総監督田口智久 監督村田光 シリーズ構成田口智久平松正樹 キャラクターデザイン工藤昌史 総作画監督長谷川亨雄小松原聖高柳久美子 アクションエフェクト作画監督酒井智史橋本敬史 美術監督谷岡善王 美術設定天田俊貴 色彩設計合田沙織 編集三嶋章紀 撮影監督山田和弘奥原聡美 CG監督佐木俊宏鈴木隆弘 音楽鷺巣詩郎 音響監督長崎行男 音響制作ザックプロモーション アニメーション制作PIERROT FILMS オープニングテーマjo0ji I-BULL Sony Music Labels エンディングテーマ9Lana 螺旋 Sony Music Labels キャスト 黒崎一護森田成一 石田雨竜杉山紀彰 井上織姫松岡由貴 茶渡泰虎安元洋貴 志波岩鷲高木渉 朽木ルキア折笠富美子 阿散井恋次伊藤健太郎 浦原喜助三木眞一郎 四楓院夜一ゆきのさつき 京楽春水大塚明夫 朽木白哉置鮎龍太郎 日番谷冬獅郎朴璐美 更木剣八立木文彦 藍染惣右介速水奨 ユーハバッハ菅生隆之 ユーグラムハッシュァルト梅原裕一郎 アスキンナックルァール武内駿輔 ジェラルドァルキリー小山剛志 久保帯人 集英社テレビ東京ぴえろ,BLEACH 千年血戦篇-禍進譚- 45 DEFEND YOU ノンクレジットエンディングムービー YouTubeMusicWeekend BLEACH 千年血戦篇-禍進譚- 45 DEFEND YOU 9Lana 螺旋 Acoustic が儚くも力強く響くエンディングシーンを公開 螺旋 RASEN Acoustic https9lanalnktoRASENAcousticVer TVアニメ最終クール BLEACH 千年血戦篇-禍進譚- 毎週土曜2300よりテレ東系列ほかにて放送中 公式サイトhttpsbleach- com 公式XhttpsxcomBLEACHanimation Tiktokhttpswwwtiktokcombleach 放送情報 テレ東系列7月25日土2300 広島テレビ8月4日火2529 新潟放送8月4日火2530 テレビ静岡8月5日水2545 熊本放送8月7日金2548 仙台放送8月10日月2520 びわ湖放送9月13日日2630 奈良テレビ9月16日水2500 テレビ高知9月19日土2528 BSテレ東7月27日月2430 AT-X8月2日日2300 リピート放送毎週木曜2900 毎週日曜800 放送日時は予告なく変更になる可能性があります 配信情報 毎週日曜1200から順次配信中 イントロダクション 死神と滅却師千年に亘る血戦の果てに滅びの未来が視えようとも 霊王宮に立ち入らんとするユーハバッハを迎え撃つ王属特務零番隊 だが滅却師の王とその親衛隊は零番隊の壮絶な卍解を打ち破り遂に霊王大内裏に踏み入る 兵主部一兵衛から霊王護衛を託された黒崎一護たち しかしユーハバッハの策略により一護はその剣で霊王を斬ってしまう 霊王の死それは三界の崩壊を意味していた 各界に 歪み が現れ滅びの予兆が世界を覆い始める 護廷十三隊は滅却師の残党と手を組んで霊王宮へと向かう だが霊王宮は見えざる帝国の手に堕ち真世界城へと姿を変えていた 死神たちを嘲笑うかのように天空に聳え立つ城で親衛隊が待ち受ける 真世界城各地で護廷十三隊と親衛隊の激戦が繰り広げられる 一護は雨竜の真意を知り互いに信じあう友として世界を護る決意を新たにする 全知全能 をも越えた存在となったユーハバッハ 三界の存亡を懸けた壮絶な戦いは終焉へと向かう 混沌の禍を進んだ先に待つのは絶望か希望か スタッフ 原作総監修久保帯人 BLEACH 集英社 ジャンプコミックス刊 総監督田口智久 監督村田光 シリーズ構成田口智久平松正樹 キャラクターデザイン工藤昌史 総作画監督長谷川亨雄小松原聖高柳久美子 アクションエフェクト作画監督酒井智史橋本敬史 美術監督谷岡善王 美術設定天田俊貴 色彩設計合田沙織 編集三嶋章紀 撮影監督山田和弘奥原聡美 CG監督佐木俊宏鈴木隆弘 音楽鷺巣詩郎 音響監督長崎行男 音響制作ザックプロモーション アニメーション制作PIERROT FILMS オープニングテーマjo0ji I-BULL Sony Music Labels エンディングテーマ9Lana 螺旋 Sony Music Labels キャスト 黒崎一護森田成一 石田雨竜杉山紀彰 井上織姫松岡由貴 茶渡泰虎安元洋貴 志波岩鷲高木渉 朽木ルキア折笠富美子 阿散井恋次伊藤健太郎 浦原喜助三木眞一郎 四楓院夜一ゆきのさつき 京楽春水大塚明夫 朽木白哉置鮎龍太郎 日番谷冬獅郎朴璐美 更木剣八立木文彦 藍染惣右介速水奨 ユーハバッハ菅生隆之 ユーグラムハッシュァルト梅原裕一郎 アスキンナックルァール武内駿輔 ジェラルドァルキリー小山剛志 久保帯人 集英社テレビ東京ぴえろ,99,未分類,op,OP,0,https://yt3.ggpht.com/E0weu3HUDga7-bFXYUTJ7EctewM58syx7oCaqSbubf1oiCKrnXqE-f3y0RGGF3bSU3g32UR-LwA=s800-c-k-c0x00ffffff-no-rj,195000
